  0
SECTION
  2
HEADER
  9
$ACADVER
  1
AC1032
  9
$ACADMAINTVER
 90
      329
  9
$DWGCODEPAGE
  3
ANSI_1252
  9
$REQUIREDVERSIONS
160
                 0
  9
$INSBASE
 10
0.0
 20
0.0
 30
0.0
  9
$EXTMIN
 10
0.0
 20
0.0
 30
0.0
  9
$EXTMAX
 10
306.9597770883477
 20
126.1700127065561
 30
0.0
  9
$LIMMIN
 10
0.0
 20
0.0
  9
$LIMMAX
 10
306.9597770883477
 20
126.1700127065561
  9
$ORTHOMODE
 70
     0
  9
$REGENMODE
 70
     1
  9
$FILLMODE
 70
     1
  9
$QTEXTMODE
 70
     0
  9
$MIRRTEXT
 70
     0
  9
$LTSCALE
 40
1.0
  9
$ATTMODE
 70
     1
  9
$TEXTSIZE
 40
0.2
  9
$TRACEWID
 40
0.05
  9
$TEXTSTYLE
  7
Standard
  9
$CLAYER
  8
0
  9
$CELTYPE
  6
ByLayer
  9
$CECOLOR
 62
   256
  9
$CELTSCALE
 40
1.0
  9
$DISPSILH
 70
     0
  9
$DIMSCALE
 40
1.0
  9
$DIMASZ
 40
0.18
  9
$DIMEXO
 40
0.0625
  9
$DIMDLI
 40
0.38
  9
$DIMRND
 40
0.0
  9
$DIMDLE
 40
0.0
  9
$DIMEXE
 40
0.18
  9
$DIMTP
 40
0.0
  9
$DIMTM
 40
0.0
  9
$DIMTXT
 40
0.18
  9
$DIMCEN
 40
0.09
  9
$DIMTSZ
 40
0.0
  9
$DIMTOL
 70
     0
  9
$DIMLIM
 70
     0
  9
$DIMTIH
 70
     1
  9
$DIMTOH
 70
     1
  9
$DIMSE1
 70
     0
  9
$DIMSE2
 70
     0
  9
$DIMTAD
 70
     0
  9
$DIMZIN
 70
     0
  9
$DIMBLK
  1

  9
$DIMASO
 70
     1
  9
$DIMSHO
 70
     1
  9
$DIMPOST
  1

  9
$DIMAPOST
  1

  9
$DIMALT
 70
     0
  9
$DIMALTD
 70
     2
  9
$DIMALTF
 40
25.4
  9
$DIMLFAC
 40
1.0
  9
$DIMTOFL
 70
     0
  9
$DIMTVP
 40
0.0
  9
$DIMTIX
 70
     0
  9
$DIMSOXD
 70
     0
  9
$DIMSAH
 70
     0
  9
$DIMBLK1
  1

  9
$DIMBLK2
  1

  9
$DIMSTYLE
  2
Standard
  9
$DIMCLRD
 70
     0
  9
$DIMCLRE
 70
     0
  9
$DIMCLRT
 70
     0
  9
$DIMTFAC
 40
1.0
  9
$DIMGAP
 40
0.09
  9
$DIMJUST
 70
     0
  9
$DIMSD1
 70
     0
  9
$DIMSD2
 70
     0
  9
$DIMTOLJ
 70
     1
  9
$DIMTZIN
 70
     0
  9
$DIMALTZ
 70
     0
  9
$DIMALTTZ
 70
     0
  9
$DIMUPT
 70
     0
  9
$DIMDEC
 70
     4
  9
$DIMTDEC
 70
     4
  9
$DIMALTU
 70
     2
  9
$DIMALTTD
 70
     2
  9
$DIMTXSTY
  7
Standard
  9
$DIMAUNIT
 70
     0
  9
$DIMADEC
 70
     0
  9
$DIMALTRND
 40
0.0
  9
$DIMAZIN
 70
     0
  9
$DIMDSEP
 70
    46
  9
$DIMATFIT
 70
     3
  9
$DIMFRAC
 70
     0
  9
$DIMLDRBLK
  1

  9
$DIMLUNIT
 70
     2
  9
$DIMLWD
 70
    -2
  9
$DIMLWE
 70
    -2
  9
$DIMTMOVE
 70
     0
  9
$DIMFXL
 40
1.0
  9
$DIMFXLON
 70
     0
  9
$DIMJOGANG
 40
0.7853981633974483
  9
$DIMTFILL
 70
     0
  9
$DIMTFILLCLR
 70
     0
  9
$DIMARCSYM
 70
     0
  9
$DIMLTYPE
  6

  9
$DIMLTEX1
  6

  9
$DIMLTEX2
  6

  9
$DIMTXTDIRECTION
 70
     0
  9
$LUNITS
 70
     2
  9
$LUPREC
 70
     4
  9
$SKETCHINC
 40
0.1
  9
$FILLETRAD
 40
0.0
  9
$AUNITS
 70
     0
  9
$AUPREC
 70
     0
  9
$MENU
  1
.
  9
$ELEVATION
 40
0.0
  9
$PELEVATION
 40
0.0
  9
$THICKNESS
 40
0.0
  9
$LIMCHECK
 70
     0
  9
$CHAMFERA
 40
0.0
  9
$CHAMFERB
 40
0.0
  9
$CHAMFERC
 40
0.0
  9
$CHAMFERD
 40
0.0
  9
$SKPOLY
 70
     0
  9
$TDCREATE
 40
2460685.832870370
  9
$TDUCREATE
 40
2460686.166203704
  9
$TDUPDATE
 40
2460685.832870370
  9
$TDUUPDATE
 40
2460686.166203704
  9
$TDINDWG
 40
0.0001041667
  9
$TDUSRTIMER
 40
0.0001041667
  9
$USRTIMER
 70
     1
  9
$ANGBASE
 50
0.0
  9
$ANGDIR
 70
     0
  9
$PDMODE
 70
     0
  9
$PDSIZE
 40
0.0
  9
$PLINEWID
 40
0.0
  9
$SPLFRAME
 70
     0
  9
$SPLINETYPE
 70
     6
  9
$SPLINESEGS
 70
     8
  9
$HANDSEED
  5
810
  9
$SURFTAB1
 70
     6
  9
$SURFTAB2
 70
     6
  9
$SURFTYPE
 70
     6
  9
$SURFU
 70
     6
  9
$SURFV
 70
     6
  9
$UCSBASE
  2

  9
$UCSNAME
  2

  9
$UCSORG
 10
0.0
 20
0.0
 30
0.0
  9
$UCSXDIR
 10
1.0
 20
0.0
 30
0.0
  9
$UCSYDIR
 10
0.0
 20
1.0
 30
0.0
  9
$UCSORTHOREF
  2

  9
$UCSORTHOVIEW
 70
     0
  9
$UCSORGTOP
 10
0.0
 20
0.0
 30
0.0
  9
$UCSORGBOTTOM
 10
0.0
 20
0.0
 30
0.0
  9
$UCSORGLEFT
 10
0.0
 20
0.0
 30
0.0
  9
$UCSORGRIGHT
 10
0.0
 20
0.0
 30
0.0
  9
$UCSORGFRONT
 10
0.0
 20
0.0
 30
0.0
  9
$UCSORGBACK
 10
0.0
 20
0.0
 30
0.0
  9
$PUCSBASE
  2

  9
$PUCSNAME
  2

  9
$PUCSORG
 10
0.0
 20
0.0
 30
0.0
  9
$PUCSXDIR
 10
1.0
 20
0.0
 30
0.0
  9
$PUCSYDIR
 10
0.0
 20
1.0
 30
0.0
  9
$PUCSORTHOREF
  2

  9
$PUCSORTHOVIEW
 70
     0
  9
$PUCSORGTOP
 10
0.0
 20
0.0
 30
0.0
  9
$PUCSORGBOTTOM
 10
0.0
 20
0.0
 30
0.0
  9
$PUCSORGLEFT
 10
0.0
 20
0.0
 30
0.0
  9
$PUCSORGRIGHT
 10
0.0
 20
0.0
 30
0.0
  9
$PUCSORGFRONT
 10
0.0
 20
0.0
 30
0.0
  9
$PUCSORGBACK
 10
0.0
 20
0.0
 30
0.0
  9
$USERI1
 70
     0
  9
$USERI2
 70
     0
  9
$USERI3
 70
     0
  9
$USERI4
 70
     0
  9
$USERI5
 70
     0
  9
$USERR1
 40
0.0
  9
$USERR2
 40
0.0
  9
$USERR3
 40
0.0
  9
$USERR4
 40
0.0
  9
$USERR5
 40
0.0
  9
$WORLDVIEW
 70
     1
  9
$SHADEDGE
 70
     3
  9
$SHADEDIF
 70
    70
  9
$TILEMODE
 70
     1
  9
$MAXACTVP
 70
    64
  9
$PINSBASE
 10
0.0
 20
0.0
 30
0.0
  9
$PLIMCHECK
 70
     0
  9
$PEXTMIN
 10
0.0
 20
0.0
 30
0.0
  9
$PEXTMAX
 10
306.9597770883477
 20
126.1700127065561
 30
0.0
  9
$PLIMMIN
 10
0.0
 20
0.0
  9
$PLIMMAX
 10
306.9597770883477
 20
126.1700127065561
  9
$UNITMODE
 70
     0
  9
$VISRETAIN
 70
     1
  9
$PLINEGEN
 70
     0
  9
$PSLTSCALE
 70
     1
  9
$TREEDEPTH
 70
  3020
  9
$CMLSTYLE
  2
Standard
  9
$CMLJUST
 70
     0
  9
$CMLSCALE
 40
1.0
  9
$PROXYGRAPHICS
 70
     1
  9
$MEASUREMENT
 70
     1
  9
$CELWEIGHT
370
    -1
  9
$ENDCAPS
280
     0
  9
$JOINSTYLE
280
     0
  9
$LWDISPLAY
290
     0
  9
$INSUNITS
 70
     4
  9
$HYPERLINKBASE
  1

  9
$STYLESHEET
  1

  9
$XEDIT
290
     1
  9
$CEPSNTYPE
380
     0
  9
$PSTYLEMODE
290
     1
  9
$FINGERPRINTGUID
  2
{7C79B6D7-9FB8-3243-8969-529EE6F8D53D}
  9
$VERSIONGUID
  2
{1DEA08E1-6840-AA47-8813-A18D37DD36E8}
  9
$EXTNAMES
290
     1
  9
$PSVPSCALE
 40
0.0
  9
$OLESTARTUP
290
     0
  9
$SORTENTS
280
   127
  9
$INDEXCTL
280
     0
  9
$HIDETEXT
280
     1
  9
$XCLIPFRAME
280
     2
  9
$HALOGAP
280
     0
  9
$OBSCOLOR
 70
   257
  9
$OBSLTYPE
280
     0
  9
$INTERSECTIONDISPLAY
280
     0
  9
$INTERSECTIONCOLOR
 70
   257
  9
$DIMASSOC
280
     1
  9
$PROJECTNAME
  1

  9
$CAMERADISPLAY
290
     0
  9
$LENSLENGTH
 40
50.0
  9
$CAMERAHEIGHT
 40
0.0
  9
$STEPSPERSEC
 40
2.0
  9
$STEPSIZE
 40
6.0
  9
$3DDWFPREC
 40
2.0
  9
$PSOLWIDTH
 40
0.25
  9
$PSOLHEIGHT
 40
4.0
  9
$LOFTANG1
 40
1.570796326794896
  9
$LOFTANG2
 40
1.570796326794896
  9
$LOFTMAG1
 40
0.0
  9
$LOFTMAG2
 40
0.0
  9
$LOFTPARAM
 70
     7
  9
$LOFTNORMALS
280
     1
  9
$LATITUDE
 40
37.795
  9
$LONGITUDE
 40
-122.394
  9
$NORTHDIRECTION
 40
0.0
  9
$TIMEZONE
 70
 -8000
  9
$LIGHTGLYPHDISPLAY
280
     1
  9
$TILEMODELIGHTSYNCH
280
     1
  9
$CMATERIAL
347
11
  9
$SOLIDHIST
280
     0
  9
$SHOWHIST
280
     1
  9
$DWFFRAME
280
     2
  9
$DGNFRAME
280
     0
  9
$REALWORLDSCALE
290
     1
  9
$INTERFERECOLOR
 62
     1
  9
$INTERFEREOBJVS
345
33
  9
$INTERFEREVPVS
346
30
  9
$CSHADOW
280
     0
  9
$SHADOWPLANELOCATION
 40
0.0
  0
ENDSEC
  0
SECTION
  2
CLASSES
  0
CLASS
  1
ACDBDICTIONARYWDFLT
  2
AcDbDictionaryWithDefault
  3
ObjectDBX Classes
 90
        0
 91
        1
280
     0
281
     0
  0
CLASS
  1
MATERIAL
  2
AcDbMaterial
  3
ObjectDBX Classes
 90
     1153
 91
        3
280
     0
281
     0
  0
CLASS
  1
VISUALSTYLE
  2
AcDbVisualStyle
  3
ObjectDBX Classes
 90
     4095
 91
       24
280
     0
281
     0
  0
CLASS
  1
SCALE
  2
AcDbScale
  3
ObjectDBX Classes
 90
     1153
 91
       17
280
     0
281
     0
  0
CLASS
  1
TABLESTYLE
  2
AcDbTableStyle
  3
ObjectDBX Classes
 90
     4095
 91
        1
280
     0
281
     0
  0
CLASS
  1
MLEADERSTYLE
  2
AcDbMLeaderStyle
  3
ACDB_MLEADERSTYLE_CLASS
 90
     4095
 91
        1
280
     0
281
     0
  0
CLASS
  1
ACDBSECTIONVIEWSTYLE
  2
AcDbSectionViewStyle
  3
ObjectDBX Classes
 90
     1025
 91
        1
280
     0
281
     0
  0
CLASS
  1
ACDBDETAILVIEWSTYLE
  2
AcDbDetailViewStyle
  3
ObjectDBX Classes
 90
     1025
 91
        1
280
     0
281
     0
  0
CLASS
  1
DICTIONARYVAR
  2
AcDbDictionaryVar
  3
ObjectDBX Classes
 90
        0
 91
        5
280
     0
281
     0
  0
CLASS
  1
CELLSTYLEMAP
  2
AcDbCellStyleMap
  3
ObjectDBX Classes
 90
     1152
 91
        1
280
     0
281
     0
  0
ENDSEC
  0
SECTION
  2
TABLES
  0
TABLE
  2
VPORT
  5
8
330
0
100
AcDbSymbolTable
 70
     1
  0
VPORT
  5
57
330
8
100
AcDbSymbolTableRecord
100
AcDbViewportTableRecord
  2
*Active
 70
     0
 10
0.0
 20
0.0
 11
1.0
 21
1.0
 12
-139.2080423
 22
-57.35000577570733
 13
0.0
 23
0.0
 14
1.0
 24
1.0
 15
0.0
 25
0.0
 16
0.0
 26
0.0
 36
1.0
 17
0.0
 27
0.0
 37
0.0
 40
126.1700127065561
 41
2.432905969521212
 42
50.0
 43
0.0
 44
0.0
 50
0.0
 51
0.0
 71
     0
 72
   100
 73
     1
 74
     1
 75
     0
 76
     0
 77
     0
 78
     0
281
     0
 65
     1
110
0.0
120
0.0
130
0.0
111
1.0
121
0.0
131
0.0
112
0.0
122
1.0
132
0.0
 79
     0
146
0.0
 60
     3
 61
     5
292
     1
282
     1
141
0.0
142
0.0
 63
   250
421
  3355443
  0
ENDTAB
  0
TABLE
  2
LTYPE
  5
5
330
0
100
AcDbSymbolTable
 70
    59
  0
LTYPE
  5
5B
330
5
100
AcDbSymbolTableRecord
100
AcDbLinetypeTableRecord
  2
ByBlock
 70
     0
  3

 72
    65
 73
     0
 40
0.0
  0
LTYPE
  5
5C
330
5
100
AcDbSymbolTableRecord
100
AcDbLinetypeTableRecord
  2
ByLayer
 70
     0
  3

 72
    65
 73
     0
 40
0.0
  0
LTYPE
  5
5D
330
5
100
AcDbSymbolTableRecord
100
AcDbLinetypeTableRecord
  2
Continuous
 70
     0
  3
Solid line
 72
    65
 73
     0
 40
0.0
  0
LTYPE
  5
78
330
5
100
AcDbSymbolTableRecord
100
AcDbLinetypeTableRecord
  2
BY_STANDARD
 70
     0
  3
By Standard ____________    ____    ____   _
 72
    65
 73
     6
 40
1.240299999999999
 49
0.6614
 74
     0
 49
-0.0827
 74
     0
 49
0.1654
 74
     0
 49
-0.0827
 74
     0
 49
0.1654
 74
     0
 49
-0.0827
 74
     0
  0
LTYPE
  5
79
330
5
100
AcDbSymbolTableRecord
100
AcDbLinetypeTableRecord
  2
CHAIN
 70
     0
  3
Chain ____ _ ____ _ ____ _ ____ _ ____ _ ____
 72
    65
 73
     4
 40
0.7087
 49
0.4724000000000001
 74
     0
 49
-0.0591
 74
     0
 49
0.1181
 74
     0
 49
-0.0591
 74
     0
  0
LTYPE
  5
7A
330
5
100
AcDbSymbolTableRecord
100
AcDbLinetypeTableRecord
  2
DASH_DOT
 70
     0
  3
Dash dot __ . __ . __ . __ . __ . __ . __ . __
 72
    65
 73
     4
 40
0.37
 49
0.24
 74
     0
 49
-0.06
 74
     0
 49
0.01
 74
     0
 49
-0.06
 74
     0
  0
LTYPE
  5
7B
330
5
100
AcDbSymbolTableRecord
100
AcDbLinetypeTableRecord
  2
DOUBLE_DASH_DOT
 70
     0
  3
Double-Dash Dot __ __ . __ __ . __ __ . __ _
 72
    65
 73
     6
 40
0.4398
 49
0.24
 74
     0
 49
-0.06
 74
     0
 49
0.0098
 74
     0
 49
-0.06
 74
     0
 49
0.01
 74
     0
 49
-0.06
 74
     0
  0
LTYPE
  5
7C
330
5
100
AcDbSymbolTableRecord
100
AcDbLinetypeTableRecord
  2
DASH_TRIPLE_DOT
 70
     0
  3
Dash Triple-Dot _ . . . _ . . . _ . . . _
 72
    65
 73
     8
 40
0.51
 49
0.24
 74
     0
 49
-0.06
 74
     0
 49
0.01
 74
     0
 49
-0.06
 74
     0
 49
0.01
 74
     0
 49
-0.06
 74
     0
 49
0.01
 74
     0
 49
-0.06
 74
     0
  0
LTYPE
  5
7D
330
5
100
AcDbSymbolTableRecord
100
AcDbLinetypeTableRecord
  2
DASHED
 70
     0
  3
Dashed __ __ __ __ __ __ __ __ __ __ __ __ __ _
 72
    65
 73
     2
 40
0.2067
 49
0.1654
 74
     0
 49
-0.0413
 74
     0
  0
LTYPE
  5
7E
330
5
100
AcDbSymbolTableRecord
100
AcDbLinetypeTableRecord
  2
DASH_DOUBLE_DOT
 70
     0
  3
Dash Double-Dot __ . . __ . . __ . . __ . .
 72
    65
 73
     6
 40
0.4398
 49
0.24
 74
     0
 49
-0.06
 74
     0
 49
0.0098
 74
     0
 49
-0.06
 74
     0
 49
0.01
 74
     0
 49
-0.06
 74
     0
  0
LTYPE
  5
7F
330
5
100
AcDbSymbolTableRecord
100
AcDbLinetypeTableRecord
  2
DASHED_SPACE
 70
     0
  3
Dashed Space __ __ __ __ __ __ __ __ __ __ __ _
 72
    65
 73
     2
 40
0.2067
 49
0.1654
 74
     0
 49
-0.0413
 74
     0
  0
LTYPE
  5
80
330
5
100
AcDbSymbolTableRecord
100
AcDbLinetypeTableRecord
  2
DOTTED
 70
     0
  3
Dotted . . . . . . . . . . . . . . . . . . . . 
 72
    65
 73
     2
 40
0.0482
 49
0.0069
 74
     0
 49
-0.0413
 74
     0
  0
LTYPE
  5
81
330
5
100
AcDbSymbolTableRecord
100
AcDbLinetypeTableRecord
  2
DOUBLE_DASH_CHAIN
 70
     0
  3
Double-Dash Chain ______  __  __  ______  __  _
 72
    65
 73
     6
 40
1.240299999999999
 49
0.6614
 74
     0
 49
-0.0827
 74
     0
 49
0.1654
 74
     0
 49
-0.0827
 74
     0
 49
0.1654
 74
     0
 49
-0.0827
 74
     0
  0
LTYPE
  5
83
330
5
100
AcDbSymbolTableRecord
100
AcDbLinetypeTableRecord
  2
DOUBLE_DASH_DOUBLE_DOT
 70
     0
  3
Double-Dash Double-dot _ _ . . _ _ . . _
 72
    65
 73
     8
 40
0.7400000000000001
 49
0.24
 74
     0
 49
-0.06
 74
     0
 49
0.24
 74
     0
 49
-0.06
 74
     0
 49
0.01
 74
     0
 49
-0.06
 74
     0
 49
0.01
 74
     0
 49
-0.06
 74
     0
  0
LTYPE
  5
84
330
5
100
AcDbSymbolTableRecord
100
AcDbLinetypeTableRecord
  2
DOUBLE_DASH_TRIPLE_DOT
 70
     0
  3
Double Dash Triple Dot __ __ . . . __ __ . .
 72
    65
 73
    10
 40
0.8100000000000001
 49
0.24
 74
     0
 49
-0.06
 74
     0
 49
0.24
 74
     0
 49
-0.06
 74
     0
 49
0.01
 74
     0
 49
-0.06
 74
     0
 49
0.01
 74
     0
 49
-0.06
 74
     0
 49
0.01
 74
     0
 49
-0.06
 74
     0
  0
LTYPE
  5
85
330
5
100
AcDbSymbolTableRecord
100
AcDbLinetypeTableRecord
  2
LONG_DASH_DOTTED
 70
     0
  3
Long Dash Dotted ____ . ____ . ____ . ____ . _
 72
    65
 73
     4
 40
0.3543
 49
0.2362
 74
     0
 49
-0.0295
 74
     0
 49
0.0591
 74
     0
 49
-0.0295
 74
     0
  0
LTYPE
  5
86
330
5
100
AcDbSymbolTableRecord
100
AcDbLinetypeTableRecord
  2
LONG_DASH_DOUBLE_DOT
 70
     0
  3
Long Dash Double Dot ________  .  .  ________  
 72
    65
 73
     6
 40
0.6799999999999999
 49
0.48
 74
     0
 49
-0.06
 74
     0
 49
0.01
 74
     0
 49
-0.06
 74
     0
 49
0.01
 74
     0
 49
-0.06
 74
     0
  0
LTYPE
  5
87
330
5
100
AcDbSymbolTableRecord
100
AcDbLinetypeTableRecord
  2
LONG_DASH_TRIPLE_DOT
 70
     0
  3
Long Dash Triple Dot ____ ... ____ ... ____
 72
    65
 73
     8
 40
0.3689
 49
0.2362
 74
     0
 49
-0.0295
 74
     0
 49
0.0049
 74
     0
 49
-0.0295
 74
     0
 49
0.0049
 74
     0
 49
-0.0295
 74
     0
 49
0.0049
 74
     0
 49
-0.0295
 74
     0
  0
LTYPE
  5
88
330
5
100
AcDbSymbolTableRecord
100
AcDbLinetypeTableRecord
  2
BORDER
 70
     0
  3
Border __ __ . __ __ . __ __ . __ __ . __ __ .
 72
    65
 73
     6
 40
1.75
 49
0.5
 74
     0
 49
-0.25
 74
     0
 49
0.5
 74
     0
 49
-0.25
 74
     0
 49
0.0
 74
     0
 49
-0.25
 74
     0
  0
LTYPE
  5
89
330
5
100
AcDbSymbolTableRecord
100
AcDbLinetypeTableRecord
  2
BORDER2
 70
     0
  3
Border (.5x) __.__.__.__.__.__.__.__.__.__.__.
 72
    65
 73
     6
 40
0.875
 49
0.25
 74
     0
 49
-0.125
 74
     0
 49
0.25
 74
     0
 49
-0.125
 74
     0
 49
0.0
 74
     0
 49
-0.125
 74
     0
  0
LTYPE
  5
8A
330
5
100
AcDbSymbolTableRecord
100
AcDbLinetypeTableRecord
  2
BORDERX2
 70
     0
  3
Border (2x) ____  ____  .  ____  ____  .  ___
 72
    65
 73
     6
 40
3.5
 49
1.0
 74
     0
 49
-0.5
 74
     0
 49
1.0
 74
     0
 49
-0.5
 74
     0
 49
0.0
 74
     0
 49
-0.5
 74
     0
  0
LTYPE
  5
8B
330
5
100
AcDbSymbolTableRecord
100
AcDbLinetypeTableRecord
  2
CENTER
 70
     0
  3
Center ____ _ ____ _ ____ _ ____ _ ____ _ ____
 72
    65
 73
     4
 40
2.0
 49
1.25
 74
     0
 49
-0.25
 74
     0
 49
0.25
 74
     0
 49
-0.25
 74
     0
  0
LTYPE
  5
8C
330
5
100
AcDbSymbolTableRecord
100
AcDbLinetypeTableRecord
  2
CENTER2
 70
     0
  3
Center (.5x) ___ _ ___ _ ___ _ ___ _ ___ _ ___
 72
    65
 73
     4
 40
1.125
 49
0.75
 74
     0
 49
-0.125
 74
     0
 49
0.125
 74
     0
 49
-0.125
 74
     0
  0
LTYPE
  5
8D
330
5
100
AcDbSymbolTableRecord
100
AcDbLinetypeTableRecord
  2
CENTERX2
 70
     0
  3
Center (2x) ________  __  ________  __  _____
 72
    65
 73
     4
 40
4.0
 49
2.5
 74
     0
 49
-0.5
 74
     0
 49
0.5
 74
     0
 49
-0.5
 74
     0
  0
LTYPE
  5
8E
330
5
100
AcDbSymbolTableRecord
100
AcDbLinetypeTableRecord
  2
DASHDOT2
 70
     0
  3
Dash dot (.5x) _._._._._._._._._._._._._._._.
 72
    65
 73
     4
 40
0.5
 49
0.25
 74
     0
 49
-0.125
 74
     0
 49
0.0
 74
     0
 49
-0.125
 74
     0
  0
LTYPE
  5
8F
330
5
100
AcDbSymbolTableRecord
100
AcDbLinetypeTableRecord
  2
DASHDOTX2
 70
     0
  3
Dash dot (2x) ____  .  ____  .  ____  .  ___
 72
    65
 73
     4
 40
2.0
 49
1.0
 74
     0
 49
-0.5
 74
     0
 49
0.0
 74
     0
 49
-0.5
 74
     0
  0
LTYPE
  5
91
330
5
100
AcDbSymbolTableRecord
100
AcDbLinetypeTableRecord
  2
DASHED2
 70
     0
  3
Dashed (.5x) _ _ _ _ _ _ _ _ _ _ _ _ _ _ _ _ _
 72
    65
 73
     2
 40
0.375
 49
0.25
 74
     0
 49
-0.125
 74
     0
  0
LTYPE
  5
92
330
5
100
AcDbSymbolTableRecord
100
AcDbLinetypeTableRecord
  2
DASHEDX2
 70
     0
  3
Dashed (2x) ____  ____  ____  ____  ____  ___
 72
    65
 73
     2
 40
1.5
 49
1.0
 74
     0
 49
-0.5
 74
     0
  0
LTYPE
  5
93
330
5
100
AcDbSymbolTableRecord
100
AcDbLinetypeTableRecord
  2
DIVIDE
 70
     0
  3
Divide ____ . . ____ . . ____ . . ____ . . ____
 72
    65
 73
     6
 40
1.25
 49
0.5
 74
     0
 49
-0.25
 74
     0
 49
0.0
 74
     0
 49
-0.25
 74
     0
 49
0.0
 74
     0
 49
-0.25
 74
     0
  0
LTYPE
  5
94
330
5
100
AcDbSymbolTableRecord
100
AcDbLinetypeTableRecord
  2
DIVIDE2
 70
     0
  3
Divide (.5x) __..__..__..__..__..__..__..__.._
 72
    65
 73
     6
 40
0.625
 49
0.25
 74
     0
 49
-0.125
 74
     0
 49
0.0
 74
     0
 49
-0.125
 74
     0
 49
0.0
 74
     0
 49
-0.125
 74
     0
  0
LTYPE
  5
95
330
5
100
AcDbSymbolTableRecord
100
AcDbLinetypeTableRecord
  2
DIVIDEX2
 70
     0
  3
Divide (2x) ________  .  .  ________  .  .  _
 72
    65
 73
     6
 40
2.5
 49
1.0
 74
     0
 49
-0.5
 74
     0
 49
0.0
 74
     0
 49
-0.5
 74
     0
 49
0.0
 74
     0
 49
-0.5
 74
     0
  0
LTYPE
  5
96
330
5
100
AcDbSymbolTableRecord
100
AcDbLinetypeTableRecord
  2
DOT
 70
     0
  3
Dot . . . . . . . . . . . . . . . . . . . . . .
 72
    65
 73
     2
 40
0.25
 49
0.0
 74
     0
 49
-0.25
 74
     0
  0
LTYPE
  5
97
330
5
100
AcDbSymbolTableRecord
100
AcDbLinetypeTableRecord
  2
DOT2
 70
     0
  3
Dot (.5x) .....................................
 72
    65
 73
     2
 40
0.125
 49
0.0
 74
     0
 49
-0.125
 74
     0
  0
LTYPE
  5
98
330
5
100
AcDbSymbolTableRecord
100
AcDbLinetypeTableRecord
  2
DOTX2
 70
     0
  3
Dot (2x) .  .  .  .  .  .  .  .  .  .  .  .  . 
 72
    65
 73
     2
 40
0.5
 49
0.0
 74
     0
 49
-0.5
 74
     0
  0
LTYPE
  5
99
330
5
100
AcDbSymbolTableRecord
100
AcDbLinetypeTableRecord
  2
HIDDEN
 70
     0
  3
Hidden __ __ __ __ __ __ __ __ __ __ __ __ __ _
 72
    65
 73
     2
 40
0.375
 49
0.25
 74
     0
 49
-0.125
 74
     0
  0
LTYPE
  5
9A
330
5
100
AcDbSymbolTableRecord
100
AcDbLinetypeTableRecord
  2
HIDDEN2
 70
     0
  3
Hidden (.5x) _ _ _ _ _ _ _ _ _ _ _ _ _ _ _ _ _
 72
    65
 73
     2
 40
0.1875
 49
0.125
 74
     0
 49
-0.0625
 74
     0
  0
LTYPE
  5
9B
330
5
100
AcDbSymbolTableRecord
100
AcDbLinetypeTableRecord
  2
HIDDENX2
 70
     0
  3
Hidden (2x) ____ ____ ____ ____ ____ ____ ____
 72
    65
 73
     2
 40
0.75
 49
0.5
 74
     0
 49
-0.25
 74
     0
  0
LTYPE
  5
9C
330
5
100
AcDbSymbolTableRecord
100
AcDbLinetypeTableRecord
  2
PHANTOM
 70
     0
  3
Phantom ______  __  __  ______  __  __  ______
 72
    65
 73
     6
 40
2.5
 49
1.25
 74
     0
 49
-0.25
 74
     0
 49
0.25
 74
     0
 49
-0.25
 74
     0
 49
0.25
 74
     0
 49
-0.25
 74
     0
  0
LTYPE
  5
9D
330
5
100
AcDbSymbolTableRecord
100
AcDbLinetypeTableRecord
  2
PHANTOM2
 70
     0
  3
Phantom (.5x) ___ _ _ ___ _ _ ___ _ _ ___ _ _
 72
    65
 73
     6
 40
1.25
 49
0.625
 74
     0
 49
-0.125
 74
     0
 49
0.125
 74
     0
 49
-0.125
 74
     0
 49
0.125
 74
     0
 49
-0.125
 74
     0
  0
LTYPE
  5
9E
330
5
100
AcDbSymbolTableRecord
100
AcDbLinetypeTableRecord
  2
PHANTOMX2
 70
     0
  3
Phantom (2x) ____________    ____    ____   _
 72
    65
 73
     6
 40
5.0
 49
2.5
 74
     0
 49
-0.5
 74
     0
 49
0.5
 74
     0
 49
-0.5
 74
     0
 49
0.5
 74
     0
 49
-0.5
 74
     0
  0
LTYPE
  5
9F
330
5
100
AcDbSymbolTableRecord
100
AcDbLinetypeTableRecord
  2
ACAD_ISO02W100
 70
     0
  3
ISO dash __ __ __ __ __ __ __ __ __ __ __ __ __
 72
    65
 73
     2
 40
0.59
 49
0.47
 74
     0
 49
-0.12
 74
     0
  0
LTYPE
  5
A0
330
5
100
AcDbSymbolTableRecord
100
AcDbLinetypeTableRecord
  2
ACAD_ISO03W100
 70
     0
  3
ISO dash space __    __    __    __    __    __
 72
    65
 73
     2
 40
1.179999999999999
 49
0.47
 74
     0
 49
-0.71
 74
     0
  0
LTYPE
  5
A1
330
5
100
AcDbSymbolTableRecord
100
AcDbLinetypeTableRecord
  2
ACAD_ISO04W100
 70
     0
  3
ISO long-dash dot ____ . ____ . ____ . ____ . _
 72
    65
 73
     4
 40
1.179999999999999
 49
0.9399999999999998
 74
     0
 49
-0.12
 74
     0
 49
0.0
 74
     0
 49
-0.12
 74
     0
  0
LTYPE
  5
A2
330
5
100
AcDbSymbolTableRecord
100
AcDbLinetypeTableRecord
  2
ACAD_ISO05W100
 70
     0
  3
ISO long-dash double-dot ____ .. ____ .. ____ .
 72
    65
 73
     6
 40
1.299999999999999
 49
0.9399999999999998
 74
     0
 49
-0.12
 74
     0
 49
0.0
 74
     0
 49
-0.12
 74
     0
 49
0.0
 74
     0
 49
-0.12
 74
     0
  0
LTYPE
  5
A3
330
5
100
AcDbSymbolTableRecord
100
AcDbLinetypeTableRecord
  2
ACAD_ISO06W100
 70
     0
  3
ISO long-dash triple-dot ____ ... ____ ... ____
 72
    65
 73
     8
 40
1.419999999999999
 49
0.9399999999999998
 74
     0
 49
-0.12
 74
     0
 49
0.0
 74
     0
 49
-0.12
 74
     0
 49
0.0
 74
     0
 49
-0.12
 74
     0
 49
0.0
 74
     0
 49
-0.12
 74
     0
  0
LTYPE
  5
A4
330
5
100
AcDbSymbolTableRecord
100
AcDbLinetypeTableRecord
  2
ACAD_ISO07W100
 70
     0
  3
ISO dot . . . . . . . . . . . . . . . . . . . .
 72
    65
 73
     2
 40
0.12
 49
0.0
 74
     0
 49
-0.12
 74
     0
  0
LTYPE
  5
A5
330
5
100
AcDbSymbolTableRecord
100
AcDbLinetypeTableRecord
  2
ACAD_ISO08W100
 70
     0
  3
ISO long-dash short-dash ____ __ ____ __ ____ _
 72
    65
 73
     4
 40
0.95
 49
0.47
 74
     0
 49
-0.12
 74
     0
 49
0.24
 74
     0
 49
-0.12
 74
     0
  0
LTYPE
  5
A6
330
5
100
AcDbSymbolTableRecord
100
AcDbLinetypeTableRecord
  2
ACAD_ISO09W100
 70
     0
  3
ISO long-dash double-short-dash ____ __ __ ____
 72
    65
 73
     6
 40
1.31
 49
0.47
 74
     0
 49
-0.12
 74
     0
 49
0.24
 74
     0
 49
-0.12
 74
     0
 49
0.24
 74
     0
 49
-0.12
 74
     0
  0
LTYPE
  5
A7
330
5
100
AcDbSymbolTableRecord
100
AcDbLinetypeTableRecord
  2
ACAD_ISO10W100
 70
     0
  3
ISO dash dot __ . __ . __ . __ . __ . __ . __ .
 72
    65
 73
     4
 40
0.71
 49
0.47
 74
     0
 49
-0.12
 74
     0
 49
0.0
 74
     0
 49
-0.12
 74
     0
  0
LTYPE
  5
A8
330
5
100
AcDbSymbolTableRecord
100
AcDbLinetypeTableRecord
  2
ACAD_ISO11W100
 70
     0
  3
ISO double-dash dot __ __ . __ __ . __ __ . __ 
 72
    65
 73
     6
 40
1.299999999999999
 49
0.47
 74
     0
 49
-0.12
 74
     0
 49
0.47
 74
     0
 49
-0.12
 74
     0
 49
0.0
 74
     0
 49
-0.12
 74
     0
  0
LTYPE
  5
A9
330
5
100
AcDbSymbolTableRecord
100
AcDbLinetypeTableRecord
  2
ACAD_ISO12W100
 70
     0
  3
ISO dash double-dot __ . . __ . . __ . . __ . .
 72
    65
 73
     6
 40
0.8299999999999998
 49
0.47
 74
     0
 49
-0.12
 74
     0
 49
0.0
 74
     0
 49
-0.12
 74
     0
 49
0.0
 74
     0
 49
-0.12
 74
     0
  0
LTYPE
  5
AA
330
5
100
AcDbSymbolTableRecord
100
AcDbLinetypeTableRecord
  2
ACAD_ISO13W100
 70
     0
  3
ISO double-dash double-dot __ __ . . __ __ . . 
 72
    65
 73
     8
 40
1.419999999999999
 49
0.47
 74
     0
 49
-0.12
 74
     0
 49
0.47
 74
     0
 49
-0.12
 74
     0
 49
0.0
 74
     0
 49
-0.12
 74
     0
 49
0.0
 74
     0
 49
-0.12
 74
     0
  0
LTYPE
  5
AB
330
5
100
AcDbSymbolTableRecord
100
AcDbLinetypeTableRecord
  2
ACAD_ISO14W100
 70
     0
  3
ISO dash triple-dot __ . . . __ . . . __ . . . 
 72
    65
 73
     8
 40
0.95
 49
0.47
 74
     0
 49
-0.12
 74
     0
 49
0.0
 74
     0
 49
-0.12
 74
     0
 49
0.0
 74
     0
 49
-0.12
 74
     0
 49
0.0
 74
     0
 49
-0.12
 74
     0
  0
LTYPE
  5
AC
330
5
100
AcDbSymbolTableRecord
100
AcDbLinetypeTableRecord
  2
ACAD_ISO15W100
 70
     0
  3
ISO double-dash triple-dot __ __ . . . __ __ . 
 72
    65
 73
    10
 40
1.539999999999999
 49
0.47
 74
     0
 49
-0.12
 74
     0
 49
0.47
 74
     0
 49
-0.12
 74
     0
 49
0.0
 74
     0
 49
-0.12
 74
     0
 49
0.0
 74
     0
 49
-0.12
 74
     0
 49
0.0
 74
     0
 49
-0.12
 74
     0
  0
LTYPE
  5
AF
330
5
100
AcDbSymbolTableRecord
100
AcDbLinetypeTableRecord
  2
FENCELINE1
 70
     0
  3
Fenceline circle ----0-----0----0-----0----0---
 72
    65
 73
     4
 40
1.45
 49
0.25
 74
     0
 49
-0.1
 74
     4
 75
   133
340
AE
 46
0.1
 50
0.0
 44
-0.1
 45
0.0
 49
-0.1
 74
     0
 49
1.0
 74
     0
  0
LTYPE
  5
B0
330
5
100
AcDbSymbolTableRecord
100
AcDbLinetypeTableRecord
  2
FENCELINE2
 70
     0
  3
Fenceline square ----[]-----[]----[]-----[]----
 72
    65
 73
     4
 40
1.45
 49
0.25
 74
     0
 49
-0.1
 74
     4
 75
   132
340
AE
 46
0.1
 50
0.0
 44
-0.1
 45
0.0
 49
-0.1
 74
     0
 49
1.0
 74
     0
  0
LTYPE
  5
B1
330
5
100
AcDbSymbolTableRecord
100
AcDbLinetypeTableRecord
  2
TRACKS
 70
     0
  3
Tracks -|-|-|-|-|-|-|-|-|-|-|-|-|-|-|-|-|-|-|-|
 72
    65
 73
     2
 40
0.3
 49
0.15
 74
     4
 75
   130
340
AE
 46
0.25
 50
0.0
 44
0.0
 45
0.0
 49
0.15
 74
     0
  0
LTYPE
  5
B2
330
5
100
AcDbSymbolTableRecord
100
AcDbLinetypeTableRecord
  2
BATTING
 70
     0
  3
Batting SSSSSSSSSSSSSSSSSSSSSSSSSSSSSSSSSSSSSSS
 72
    65
 73
     4
 40
0.4001000000000001
 49
0.0001
 74
     0
 49
-0.1
 74
     4
 75
   134
340
AE
 46
0.1
 50
0.0
 44
-0.1
 45
0.0
 49
-0.2
 74
     4
 75
   134
340
AE
 46
0.1
 50
180.0
 44
0.1
 45
0.0
 49
-0.1
 74
     0
  0
LTYPE
  5
B3
330
5
100
AcDbSymbolTableRecord
100
AcDbLinetypeTableRecord
  2
HOT_WATER_SUPPLY
 70
     0
  3
Hot water supply ---- HW ---- HW ---- HW ----
 72
    65
 73
     3
 40
0.9
 49
0.5
 74
     0
 49
-0.2
 74
     2
 75
     0
340
55
 46
0.1
 50
0.0
 44
-0.1
 45
-0.05
  9
HW
 49
-0.2
 74
     0
  0
LTYPE
  5
B4
330
5
100
AcDbSymbolTableRecord
100
AcDbLinetypeTableRecord
  2
GAS_LINE
 70
     0
  3
Gas line ----GAS----GAS----GAS----GAS----GAS---
 72
    65
 73
     3
 40
0.95
 49
0.5
 74
     0
 49
-0.2
 74
     2
 75
     0
340
55
 46
0.1
 50
0.0
 44
-0.1
 45
-0.05
  9
GAS
 49
-0.25
 74
     0
  0
LTYPE
  5
B5
330
5
100
AcDbSymbolTableRecord
100
AcDbLinetypeTableRecord
  2
ZIGZAG
 70
     0
  3
Zig zag /\/\/\/\/\/\/\/\/\/\/\/\/\/\/\/\/\/\/\/
 72
    65
 73
     4
 40
0.8001000000000001
 49
0.0001
 74
     0
 49
-0.2
 74
     4
 75
   131
340
AE
 46
0.2
 50
0.0
 44
-0.2
 45
0.0
 49
-0.4
 74
     4
 75
   131
340
AE
 46
0.2
 50
180.0
 44
0.2
 45
0.0
 49
-0.2
 74
     0
  0
ENDTAB
  0
TABLE
  2
LAYER
  5
2
330
0
100
AcDbSymbolTable
 70
     1
  0
LAYER
  5
54
330
2
100
AcDbSymbolTableRecord
100
AcDbLayerTableRecord
  2
0
 70
     0
 62
     7
  6
Continuous
370
    -3
390
F
347
21
348
0
  0
ENDTAB
  0
TABLE
  2
STYLE
  5
3
330
0
100
AcDbSymbolTable
 70
     7
  0
STYLE
  5
55
330
3
100
AcDbSymbolTableRecord
100
AcDbTextStyleTableRecord
  2
Standard
 70
     0
 40
0.0
 41
1.0
 50
0.0
 71
     0
 42
0.2
  3
txt
  4

  0
STYLE
  5
5A
330
3
100
AcDbSymbolTableRecord
100
AcDbTextStyleTableRecord
  2
Annotative
 70
     0
 40
0.0
 41
1.0
 50
0.0
 71
     0
 42
0.2
  3
txt
  4

1001
AcadAnnotative
1000
AnnotativeData
1002
{
1070
     1
1070
     1
1002
}
  0
STYLE
  5
AE
330
3
100
AcDbSymbolTableRecord
100
AcDbTextStyleTableRecord
  2

 70
     1
 40
0.0
 41
1.0
 50
0.0
 71
     0
 42
0.2
  3
ltypeshp.shx
  4

  0
STYLE
  5
B6
330
3
100
AcDbSymbolTableRecord
100
AcDbTextStyleTableRecord
  2
Note Text (ANSI) - 3DA
 70
     0
 40
0.0
 41
1.0
 50
0.0
 71
     0
 42
0.2
  3
tahoma.ttf
  4

1001
ACAD
1000
Tahoma
1071
      256
  0
STYLE
  5
B7
330
3
100
AcDbSymbolTableRecord
100
AcDbTextStyleTableRecord
  2
Sketch Text (ANSI) - 3DA
 70
     0
 40
0.0
 41
1.0
 50
0.0
 71
     0
 42
0.2
  3
tahoma.ttf
  4

1001
ACAD
1000
Tahoma
1071
      256
  0
STYLE
  5
B8
330
3
100
AcDbSymbolTableRecord
100
AcDbTextStyleTableRecord
  2
Standard_DWG_Annotative
 70
     0
 40
0.0
 41
1.0
 50
0.0
 71
     0
 42
0.2
  3
monotxt.shx
  4

  0
STYLE
  5
B9
330
3
100
AcDbSymbolTableRecord
100
AcDbTextStyleTableRecord
  2
Standard_DWG_Standard
 70
     0
 40
0.0
 41
1.0
 50
0.0
 71
     0
 42
0.2
  3
monotxt.shx
  4

  0
ENDTAB
  0
TABLE
  2
VIEW
  5
6
330
0
100
AcDbSymbolTable
 70
     0
  0
ENDTAB
  0
TABLE
  2
UCS
  5
7
330
0
100
AcDbSymbolTable
 70
     0
  0
ENDTAB
  0
TABLE
  2
APPID
  5
9
330
0
100
AcDbSymbolTable
 70
     2
  0
APPID
  5
56
330
9
100
AcDbSymbolTableRecord
100
AcDbRegAppTableRecord
  2
ACAD
 70
     0
  0
APPID
  5
5E
330
9
100
AcDbSymbolTableRecord
100
AcDbRegAppTableRecord
  2
AcadAnnotative
 70
     0
  0
ENDTAB
  0
TABLE
  2
DIMSTYLE
  5
A
330
0
100
AcDbSymbolTable
 70
     2
100
AcDbDimStyleTable
 71
     0
  0
DIMSTYLE
105
58
330
A
100
AcDbSymbolTableRecord
100
AcDbDimStyleTableRecord
  2
Standard
 70
     0
340
55
  0
DIMSTYLE
105
59
330
A
100
AcDbSymbolTableRecord
100
AcDbDimStyleTableRecord
  2
Annotative
 70
     0
340
55
1001
AcadAnnotative
1000
AnnotativeData
1002
{
1070
     1
1070
     1
1002
}
  0
ENDTAB
  0
TABLE
  2
BLOCK_RECORD
  5
1
330
0
100
AcDbSymbolTable
 70
     1
  0
BLOCK_RECORD
  5
70
330
1
100
AcDbSymbolTableRecord
100
AcDbBlockTableRecord
  2
*Model_Space
340
73
 70
     0
280
     1
281
     0
  0
BLOCK_RECORD
  5
6C
330
1
100
AcDbSymbolTableRecord
100
AcDbBlockTableRecord
  2
*Paper_Space
340
6F
 70
     0
280
     1
281
     0
  0
BLOCK_RECORD
  5
74
330
1
100
AcDbSymbolTableRecord
100
AcDbBlockTableRecord
  2
*Paper_Space0
340
77
 70
     0
280
     1
281
     0
  0
ENDTAB
  0
ENDSEC
  0
SECTION
  2
BLOCKS
  0
BLOCK
  5
71
330
70
100
AcDbEntity
  8
0
100
AcDbBlockBegin
  2
*Model_Space
 70
     0
 10
0.0
 20
0.0
 30
0.0
  3
*Model_Space
  1

  0
ENDBLK
  5
72
330
70
100
AcDbEntity
  8
0
100
AcDbBlockEnd
  0
BLOCK
  5
6D
330
6C
100
AcDbEntity
 67
     1
  8
0
100
AcDbBlockBegin
  2
*Paper_Space
 70
     0
 10
0.0
 20
0.0
 30
0.0
  3
*Paper_Space
  1

  0
ENDBLK
  5
6E
330
6C
100
AcDbEntity
 67
     1
  8
0
100
AcDbBlockEnd
  0
BLOCK
  5
75
330
74
100
AcDbEntity
 67
     1
  8
0
100
AcDbBlockBegin
  2
*Paper_Space0
 70
     0
 10
0.0
 20
0.0
 30
0.0
  3
*Paper_Space0
  1

  0
ENDBLK
  5
76
330
74
100
AcDbEntity
 67
     1
  8
0
100
AcDbBlockEnd
  0
ENDSEC
  0
SECTION
  2
ENTITIES
  0
POLYLINE
  5
BA
330
70
100
AcDbEntity
  8
0
100
AcDb2dPolyline
 66
     1
 10
0.0
 20
0.0
 30
0.0
 70
     1
  0
VERTEX
  5
BB
330
BA
100
AcDbEntity
  8
0
100
AcDbVertex
100
AcDb2dVertex
 10
-65.0130245477333
 20
-104.2797984371645
 30
0.0
  0
VERTEX
  5
BC
330
BA
100
AcDbEntity
  8
0
100
AcDbVertex
100
AcDb2dVertex
 10
-64.21140795025751
 20
-104.2797984371645
 30
0.0
  0
VERTEX
  5
BE
330
BA
100
AcDbEntity
  8
0
100
AcDbVertex
100
AcDb2dVertex
 10
-64.2083129054796
 20
-108.0897985587579
 30
0.0
  0
VERTEX
  5
BF
330
BA
100
AcDbEntity
  8
0
100
AcDbVertex
100
AcDb2dVertex
 10
-66.72767935468925
 20
-108.0897985587579
 30
0.0
  0
VERTEX
  5
C0
330
BA
100
AcDbEntity
  8
0
100
AcDbVertex
100
AcDb2dVertex
 10
-66.73077439946715
 20
-107.4243639315097
 30
0.0
  0
VERTEX
  5
C1
330
BA
100
AcDbEntity
  8
0
100
AcDbVertex
100
AcDb2dVertex
 10
-65.0130245477333
 20
-107.4274589762876
 30
0.0
  0
VERTEX
  5
C2
330
BA
100
AcDbEntity
  8
0
100
AcDbVertex
100
AcDb2dVertex
 10
-65.0130245477333
 20
-106.5175158115853
 30
0.0
  0
VERTEX
  5
C3
330
BA
100
AcDbEntity
  8
0
100
AcDbVertex
100
AcDb2dVertex
 10
-66.56364198146062
 20
-106.5175158115853
 30
0.0
  0
VERTEX
  5
C4
330
BA
100
AcDbEntity
  8
0
100
AcDbVertex
100
AcDb2dVertex
 10
-66.56364198146062
 20
-105.8520811843371
 30
0.0
  0
VERTEX
  5
C5
330
BA
100
AcDbEntity
  8
0
100
AcDbVertex
100
AcDb2dVertex
 10
-65.0130245477333
 20
-105.855176229115
 30
0.0
  0
SEQEND
  5
BD
330
BA
100
AcDbEntity
  8
0
  0
POLYLINE
  5
C7
330
70
100
AcDbEntity
  8
0
100
AcDb2dPolyline
 66
     1
 10
0.0
 20
0.0
 30
0.0
 70
     1
  0
VERTEX
  5
C8
330
C7
100
AcDbEntity
  8
0
100
AcDbVertex
100
AcDb2dVertex
 10
-68.62605557934793
 20
-82.85708908413008
 30
0.0
  0
VERTEX
  5
C9
330
C7
100
AcDbEntity
  8
0
100
AcDbVertex
100
AcDb2dVertex
 10
-68.02871193721346
 20
-82.85708908413008
 30
0.0
  0
VERTEX
  5
CB
330
C7
100
AcDbEntity
  8
0
100
AcDbVertex
100
AcDb2dVertex
 10
-68.18361503125598
 20
-83.80107774138922
 30
0.0
  0
VERTEX
  5
CC
330
C7
100
AcDbEntity
  8
0
100
AcDbVertex
100
AcDb2dVertex
 10
-67.44080428456026
 20
-83.80107774138922
 30
0.0
  0
VERTEX
  5
CD
330
C7
100
AcDbEntity
  8
0
100
AcDbVertex
100
AcDb2dVertex
 10
-67.28590119051773
 20
-82.85708908413008
 30
0.0
  0
VERTEX
  5
CE
330
C7
100
AcDbEntity
  8
0
100
AcDbVertex
100
AcDb2dVertex
 10
-66.69165259316115
 20
-82.85708908413008
 30
0.0
  0
VERTEX
  5
CF
330
C7
100
AcDbEntity
  8
0
100
AcDbVertex
100
AcDb2dVertex
 10
-66.84655568720367
 20
-83.80107774138922
 30
0.0
  0
VERTEX
  5
D0
330
C7
100
AcDbEntity
  8
0
100
AcDbVertex
100
AcDb2dVertex
 10
-66.32334226459119
 20
-83.80107774138922
 30
0.0
  0
VERTEX
  5
D1
330
C7
100
AcDbEntity
  8
0
100
AcDbVertex
100
AcDb2dVertex
 10
-66.42238369748395
 20
-84.3984213835237
 30
0.0
  0
VERTEX
  5
D2
330
C7
100
AcDbEntity
  8
0
100
AcDbVertex
100
AcDb2dVertex
 10
-66.94457633359781
 20
-84.3984213835237
 30
0.0
  0
VERTEX
  5
D3
330
C7
100
AcDbEntity
  8
0
100
AcDbVertex
100
AcDb2dVertex
 10
-67.06392789786007
 20
-85.12575690632994
 30
0.0
  0
VERTEX
  5
D4
330
C7
100
AcDbEntity
  8
0
100
AcDbVertex
100
AcDb2dVertex
 10
-66.54309044382201
 20
-85.12575690632994
 30
0.0
  0
VERTEX
  5
D5
330
C7
100
AcDbEntity
  8
0
100
AcDbVertex
100
AcDb2dVertex
 10
-66.64213187671477
 20
-85.72000550368651
 30
0.0
  0
VERTEX
  5
D6
330
C7
100
AcDbEntity
  8
0
100
AcDbVertex
100
AcDb2dVertex
 10
-67.16144066525733
 20
-85.72000550368651
 30
0.0
  0
VERTEX
  5
D7
330
C7
100
AcDbEntity
  8
0
100
AcDbVertex
100
AcDb2dVertex
 10
-67.31685163829673
 20
-86.66708920572355
 30
0.0
  0
VERTEX
  5
D8
330
C7
100
AcDbEntity
  8
0
100
AcDbVertex
100
AcDb2dVertex
 10
-67.91110023565329
 20
-86.66708920572355
 30
0.0
  0
VERTEX
  5
D9
330
C7
100
AcDbEntity
  8
0
100
AcDbVertex
100
AcDb2dVertex
 10
-67.75568926261391
 20
-85.72000550368651
 30
0.0
  0
VERTEX
  5
DA
330
C7
100
AcDbEntity
  8
0
100
AcDbVertex
100
AcDb2dVertex
 10
-68.49850000930962
 20
-85.72000550368651
 30
0.0
  0
VERTEX
  5
DB
330
C7
100
AcDbEntity
  8
0
100
AcDbVertex
100
AcDb2dVertex
 10
-68.65391098234901
 20
-86.66708920572355
 30
0.0
  0
VERTEX
  5
DC
330
C7
100
AcDbEntity
  8
0
100
AcDbVertex
100
AcDb2dVertex
 10
-69.25125462448349
 20
-86.66708920572355
 30
0.0
  0
VERTEX
  5
DD
330
C7
100
AcDbEntity
  8
0
100
AcDbVertex
100
AcDb2dVertex
 10
-69.0958436514441
 20
-85.72000550368651
 30
0.0
  0
VERTEX
  5
DE
330
C7
100
AcDbEntity
  8
0
100
AcDbVertex
100
AcDb2dVertex
 10
-69.61956495305345
 20
-85.72000550368651
 30
0.0
  0
VERTEX
  5
DF
330
C7
100
AcDbEntity
  8
0
100
AcDbVertex
100
AcDb2dVertex
 10
-69.5174284753828
 20
-85.12575690632994
 30
0.0
  0
VERTEX
  5
E0
330
C7
100
AcDbEntity
  8
0
100
AcDbVertex
100
AcDb2dVertex
 10
-68.99833088404685
 20
-85.12575690632994
 30
0.0
  0
VERTEX
  5
E1
330
C7
100
AcDbEntity
  8
0
100
AcDbVertex
100
AcDb2dVertex
 10
-68.87897931978457
 20
-84.3984213835237
 30
0.0
  0
VERTEX
  5
E2
330
C7
100
AcDbEntity
  8
0
100
AcDbVertex
100
AcDb2dVertex
 10
-69.39981677382265
 20
-84.3984213835237
 30
0.0
  0
VERTEX
  5
E3
330
C7
100
AcDbEntity
  8
0
100
AcDbVertex
100
AcDb2dVertex
 10
-69.30077534092989
 20
-83.80107774138922
 30
0.0
  0
VERTEX
  5
E4
330
C7
100
AcDbEntity
  8
0
100
AcDbVertex
100
AcDb2dVertex
 10
-68.78095867339045
 20
-83.80107774138922
 30
0.0
  0
SEQEND
  5
CA
330
C7
100
AcDbEntity
  8
0
  0
POLYLINE
  5
E5
330
70
100
AcDbEntity
  8
0
100
AcDb2dPolyline
 66
     1
 10
0.0
 20
0.0
 30
0.0
 70
     1
  0
VERTEX
  5
E6
330
E5
100
AcDbEntity
  8
0
100
AcDbVertex
100
AcDb2dVertex
 10
-8.355634124710622
 20
-104.0767958994348
 30
0.0
  0
VERTEX
  5
E7
330
E5
100
AcDbEntity
  8
0
100
AcDbVertex
100
AcDb2dVertex
 10
-5.783651914276683
 20
-104.0767958994348
 30
0.0
  0
VERTEX
  5
E9
330
E5
100
AcDbEntity
  8
0
100
AcDbVertex
100
AcDb2dVertex
 10
-5.780556869498784
 20
-107.8867960210283
 30
0.0
  0
VERTEX
  5
EA
330
E5
100
AcDbEntity
  8
0
100
AcDbVertex
100
AcDb2dVertex
 10
-8.346348990376926
 20
-107.8867960210283
 30
0.0
  0
VERTEX
  5
EB
330
E5
100
AcDbEntity
  8
0
100
AcDbVertex
100
AcDb2dVertex
 10
-8.346348990376926
 20
-107.22136139378
 30
0.0
  0
VERTEX
  5
EC
330
E5
100
AcDbEntity
  8
0
100
AcDbVertex
100
AcDb2dVertex
 10
-6.585268511752484
 20
-107.2244564385579
 30
0.0
  0
VERTEX
  5
ED
330
E5
100
AcDbEntity
  8
0
100
AcDbVertex
100
AcDb2dVertex
 10
-6.585268511752484
 20
-106.3145132738557
 30
0.0
  0
VERTEX
  5
EE
330
E5
100
AcDbEntity
  8
0
100
AcDbVertex
100
AcDb2dVertex
 10
-8.213262064927276
 20
-106.3145132738557
 30
0.0
  0
VERTEX
  5
EF
330
E5
100
AcDbEntity
  8
0
100
AcDbVertex
100
AcDb2dVertex
 10
-8.213262064927276
 20
-105.6490786466074
 30
0.0
  0
VERTEX
  5
F0
330
E5
100
AcDbEntity
  8
0
100
AcDbVertex
100
AcDb2dVertex
 10
-6.585268511752484
 20
-105.6521736913853
 30
0.0
  0
VERTEX
  5
F1
330
E5
100
AcDbEntity
  8
0
100
AcDbVertex
100
AcDb2dVertex
 10
-6.585268511752484
 20
-104.742230526683
 30
0.0
  0
VERTEX
  5
F2
330
E5
100
AcDbEntity
  8
0
100
AcDbVertex
100
AcDb2dVertex
 10
-8.355634124710622
 20
-104.7391354819052
 30
0.0
  0
SEQEND
  5
E8
330
E5
100
AcDbEntity
  8
0
  0
POLYLINE
  5
F3
330
70
100
AcDbEntity
  8
0
100
AcDb2dPolyline
 66
     1
 10
0.0
 20
0.0
 30
0.0
 70
     1
  0
VERTEX
  5
F4
330
F3
100
AcDbEntity
  8
0
100
AcDbVertex
100
AcDb2dVertex
 10
-11.03390662258374
 20
-90.24808907683098
 30
0.0
  0
VERTEX
  5
F5
330
F3
100
AcDbEntity
  8
0
100
AcDbVertex
100
AcDb2dVertex
 10
-10.47370351778404
 20
-90.24808907683098
 30
0.0
  0
VERTEX
  5
F7
330
F3
100
AcDbEntity
  8
0
100
AcDbVertex
100
AcDb2dVertex
 10
-9.907310323428559
 20
-91.09303630119738
 30
0.0
  0
VERTEX
  5
F8
330
F3
100
AcDbEntity
  8
0
100
AcDbVertex
100
AcDb2dVertex
 10
-10.63774089101269
 20
-91.09303630119738
 30
0.0
  0
SEQEND
  5
F6
330
F3
100
AcDbEntity
  8
0
  0
POLYLINE
  5
F9
330
70
100
AcDbEntity
  8
0
100
AcDb2dPolyline
 66
     1
 10
0.0
 20
0.0
 30
0.0
 70
     1
  0
VERTEX
  5
FA
330
F9
100
AcDbEntity
  8
0
100
AcDbVertex
100
AcDb2dVertex
 10
-11.39863481993306
 20
-68.98466867104282
 30
0.0
  0
VERTEX
  5
FB
330
F9
100
AcDbEntity
  8
0
100
AcDbVertex
100
AcDb2dVertex
 10
-10.2318029386652
 20
-68.98776371582072
 30
0.0
  0
VERTEX
  5
FD
330
F9
100
AcDbEntity
  8
0
100
AcDbVertex
100
AcDb2dVertex
 10
-10.2318029386652
 20
-69.65010329829107
 30
0.0
  0
VERTEX
  5
FE
330
F9
100
AcDbEntity
  8
0
100
AcDbVertex
100
AcDb2dVertex
 10
-13.36089320912093
 20
-69.65010329829107
 30
0.0
  0
VERTEX
  5
FF
330
F9
100
AcDbEntity
  8
0
100
AcDbVertex
100
AcDb2dVertex
 10
-13.36089320912093
 20
-68.98466867104282
 30
0.0
  0
VERTEX
  5
100
330
F9
100
AcDbEntity
  8
0
100
AcDbVertex
100
AcDb2dVertex
 10
-12.19406132785306
 20
-68.98776371582072
 30
0.0
  0
VERTEX
  5
101
330
F9
100
AcDbEntity
  8
0
100
AcDbVertex
100
AcDb2dVertex
 10
-12.19406132785306
 20
-65.84010317669759
 30
0.0
  0
VERTEX
  5
102
330
F9
100
AcDbEntity
  8
0
100
AcDbVertex
100
AcDb2dVertex
 10
-11.39863481993306
 20
-65.84010317669759
 30
0.0
  0
SEQEND
  5
FC
330
F9
100
AcDbEntity
  8
0
  0
POLYLINE
  5
103
330
70
100
AcDbEntity
  8
0
100
AcDb2dPolyline
 66
     1
 10
0.0
 20
0.0
 30
0.0
 70
     1
  0
VERTEX
  5
104
330
103
100
AcDbEntity
  8
0
100
AcDbVertex
100
AcDb2dVertex
 10
-28.03007247284866
 20
-103.9487316040612
 30
0.0
  0
VERTEX
  5
105
330
103
100
AcDbEntity
  8
0
100
AcDbVertex
100
AcDb2dVertex
 10
-27.22845587537286
 20
-103.9487316040612
 30
0.0
  0
VERTEX
  5
107
330
103
100
AcDbEntity
  8
0
100
AcDbVertex
100
AcDb2dVertex
 10
-27.22536083059496
 20
-107.7587317256547
 30
0.0
  0
VERTEX
  5
108
330
103
100
AcDbEntity
  8
0
100
AcDbVertex
100
AcDb2dVertex
 10
-29.74472727980462
 20
-107.7587317256547
 30
0.0
  0
VERTEX
  5
109
330
103
100
AcDbEntity
  8
0
100
AcDbVertex
100
AcDb2dVertex
 10
-29.74782232458252
 20
-107.0932970984064
 30
0.0
  0
VERTEX
  5
10A
330
103
100
AcDbEntity
  8
0
100
AcDbVertex
100
AcDb2dVertex
 10
-28.03007247284866
 20
-107.0963921431843
 30
0.0
  0
VERTEX
  5
10B
330
103
100
AcDbEntity
  8
0
100
AcDbVertex
100
AcDb2dVertex
 10
-28.03007247284866
 20
-106.1864489784821
 30
0.0
  0
VERTEX
  5
10C
330
103
100
AcDbEntity
  8
0
100
AcDbVertex
100
AcDb2dVertex
 10
-29.58068990657598
 20
-106.1864489784821
 30
0.0
  0
VERTEX
  5
10D
330
103
100
AcDbEntity
  8
0
100
AcDbVertex
100
AcDb2dVertex
 10
-29.58068990657598
 20
-105.5210143512338
 30
0.0
  0
VERTEX
  5
10E
330
103
100
AcDbEntity
  8
0
100
AcDbVertex
100
AcDb2dVertex
 10
-28.03007247284866
 20
-105.5241093960117
 30
0.0
  0
SEQEND
  5
106
330
103
100
AcDbEntity
  8
0
  0
POLYLINE
  5
10F
330
70
100
AcDbEntity
  8
0
100
AcDb2dPolyline
 66
     1
 10
0.0
 20
0.0
 30
0.0
 70
     1
  0
VERTEX
  5
110
330
10F
100
AcDbEntity
  8
0
100
AcDbVertex
100
AcDb2dVertex
 10
-29.41089594629887
 20
-86.02707545631217
 30
0.0
  0
VERTEX
  5
111
330
10F
100
AcDbEntity
  8
0
100
AcDbVertex
100
AcDb2dVertex
 10
-30.23727290199786
 20
-86.02707545631217
 30
0.0
  0
VERTEX
  5
113
330
10F
100
AcDbEntity
  8
0
100
AcDbVertex
100
AcDb2dVertex
 10
-30.16608687210619
 20
-83.35914685776335
 30
0.0
  0
VERTEX
  5
114
330
10F
100
AcDbEntity
  8
0
100
AcDbVertex
100
AcDb2dVertex
 10
-29.48517702096844
 20
-83.35914685776335
 30
0.0
  0
SEQEND
  5
112
330
10F
100
AcDbEntity
  8
0
  0
POLYLINE
  5
115
330
70
100
AcDbEntity
  8
0
100
AcDb2dPolyline
 66
     1
 10
0.0
 20
0.0
 30
0.0
  0
VERTEX
  5
116
330
115
100
AcDbEntity
  8
0
100
AcDbVertex
100
AcDb2dVertex
 10
-49.0913939738362
 20
-89.31389713679724
 30
0.0
  0
VERTEX
  5
117
330
115
100
AcDbEntity
  8
0
100
AcDbVertex
100
AcDb2dVertex
 10
-48.53428591381441
 20
-88.76916925588703
 30
0.0
  0
VERTEX
  5
119
330
115
100
AcDbEntity
  8
0
100
AcDbVertex
100
AcDb2dVertex
 10
-48.53428591381441
 20
-88.74440889766384
 30
0.0
  0
VERTEX
  5
11A
330
115
100
AcDbEntity
  8
0
100
AcDbVertex
100
AcDb2dVertex
 10
-50.13442406398812
 20
-88.74440889766384
 30
0.0
  0
VERTEX
  5
11B
330
115
100
AcDbEntity
  8
0
100
AcDbVertex
100
AcDb2dVertex
 10
-50.13442406398812
 20
-88.08516435997139
 30
0.0
  0
VERTEX
  5
11C
330
115
100
AcDbEntity
  8
0
100
AcDbVertex
100
AcDb2dVertex
 10
-47.42006979377083
 20
-88.08516435997139
 30
0.0
  0
VERTEX
  5
11D
330
115
100
AcDbEntity
  8
0
100
AcDbVertex
100
AcDb2dVertex
 10
-47.42006979377083
 20
-88.66393773343848
 30
0.0
  0
VERTEX
  5
11E
330
115
100
AcDbEntity
  8
0
100
AcDbVertex
100
AcDb2dVertex
 10
-48.77569940649053
 20
-89.9205259132654
 30
0.0
  0
SEQEND
  5
118
330
115
100
AcDbEntity
  8
0
  0
POLYLINE
  5
11F
330
70
100
AcDbEntity
  8
0
100
AcDb2dPolyline
 66
     1
 10
0.0
 20
0.0
 30
0.0
 70
     1
  0
VERTEX
  5
120
330
11F
100
AcDbEntity
  8
0
100
AcDbVertex
100
AcDb2dVertex
 10
-46.96337203702843
 20
-103.9830738322555
 30
0.0
  0
VERTEX
  5
121
330
11F
100
AcDbEntity
  8
0
100
AcDbVertex
100
AcDb2dVertex
 10
-46.16175543955264
 20
-103.9830738322555
 30
0.0
  0
VERTEX
  5
123
330
11F
100
AcDbEntity
  8
0
100
AcDbVertex
100
AcDb2dVertex
 10
-46.15866039477474
 20
-107.793073953849
 30
0.0
  0
VERTEX
  5
124
330
11F
100
AcDbEntity
  8
0
100
AcDbVertex
100
AcDb2dVertex
 10
-48.6780268439844
 20
-107.793073953849
 30
0.0
  0
VERTEX
  5
125
330
11F
100
AcDbEntity
  8
0
100
AcDbVertex
100
AcDb2dVertex
 10
-48.68112188876229
 20
-107.1276393266007
 30
0.0
  0
VERTEX
  5
126
330
11F
100
AcDbEntity
  8
0
100
AcDbVertex
100
AcDb2dVertex
 10
-46.96337203702843
 20
-107.1307343713786
 30
0.0
  0
VERTEX
  5
127
330
11F
100
AcDbEntity
  8
0
100
AcDbVertex
100
AcDb2dVertex
 10
-46.96337203702843
 20
-106.2207912066764
 30
0.0
  0
VERTEX
  5
128
330
11F
100
AcDbEntity
  8
0
100
AcDbVertex
100
AcDb2dVertex
 10
-48.51398947075576
 20
-106.2207912066764
 30
0.0
  0
VERTEX
  5
129
330
11F
100
AcDbEntity
  8
0
100
AcDbVertex
100
AcDb2dVertex
 10
-48.51398947075576
 20
-105.5553565794281
 30
0.0
  0
VERTEX
  5
12A
330
11F
100
AcDbEntity
  8
0
100
AcDbVertex
100
AcDb2dVertex
 10
-46.96337203702843
 20
-105.558451624206
 30
0.0
  0
SEQEND
  5
122
330
11F
100
AcDbEntity
  8
0
  0
POLYLINE
  5
12B
330
70
100
AcDbEntity
  8
0
100
AcDb2dPolyline
 66
     1
 10
0.0
 20
0.0
 30
0.0
  0
VERTEX
  5
12C
330
12B
100
AcDbEntity
  8
0
100
AcDbVertex
100
AcDb2dVertex
 10
-40.20945679721608
 20
-66.48529901799804
 30
0.0
  0
VERTEX
  5
12D
330
12B
100
AcDbEntity
  8
0
100
AcDbVertex
100
AcDb2dVertex
 10
-40.75570019669568
 20
-65.80116893515466
 30
0.0
  0
VERTEX
  5
12F
330
12B
100
AcDbEntity
  8
0
100
AcDbVertex
100
AcDb2dVertex
 10
-40.00360431566626
 20
-65.80116893515466
 30
0.0
  0
VERTEX
  5
130
330
12B
100
AcDbEntity
  8
0
100
AcDbVertex
100
AcDb2dVertex
 10
-39.69794789936555
 20
-66.17836195952576
 30
0.0
  0
SEQEND
  5
12E
330
12B
100
AcDbEntity
  8
0
  0
POLYLINE
  5
131
330
70
100
AcDbEntity
  8
0
100
AcDb2dPolyline
 66
     1
 10
0.0
 20
0.0
 30
0.0
 70
     1
  0
VERTEX
  5
132
330
131
100
AcDbEntity
  8
0
100
AcDbVertex
100
AcDb2dVertex
 10
-263.6557470283059
 20
-85.44250316933844
 30
0.0
  0
VERTEX
  5
133
330
131
100
AcDbEntity
  8
0
100
AcDbVertex
100
AcDb2dVertex
 10
-263.225535804178
 20
-85.0122919452105
 30
0.0
  0
VERTEX
  5
135
330
131
100
AcDbEntity
  8
0
100
AcDbVertex
100
AcDb2dVertex
 10
-261.3499386687712
 20
-86.88479403583931
 30
0.0
  0
VERTEX
  5
136
330
131
100
AcDbEntity
  8
0
100
AcDbVertex
100
AcDb2dVertex
 10
-263.225535804178
 20
-88.760391171246
 30
0.0
  0
VERTEX
  5
137
330
131
100
AcDbEntity
  8
0
100
AcDbVertex
100
AcDb2dVertex
 10
-263.6557470283059
 20
-88.33327499189596
 30
0.0
  0
VERTEX
  5
138
330
131
100
AcDbEntity
  8
0
100
AcDbVertex
100
AcDb2dVertex
 10
-262.5229606395949
 20
-87.20048860318499
 30
0.0
  0
VERTEX
  5
139
330
131
100
AcDbEntity
  8
0
100
AcDbVertex
100
AcDb2dVertex
 10
-265.1785090590321
 20
-87.20048860318499
 30
0.0
  0
VERTEX
  5
13A
330
131
100
AcDbEntity
  8
0
100
AcDbVertex
100
AcDb2dVertex
 10
-265.1785090590321
 20
-86.57219451327152
 30
0.0
  0
VERTEX
  5
13B
330
131
100
AcDbEntity
  8
0
100
AcDbVertex
100
AcDb2dVertex
 10
-262.5229606395949
 20
-86.57219451327152
 30
0.0
  0
SEQEND
  5
134
330
131
100
AcDbEntity
  8
0
  0
POLYLINE
  5
13C
330
70
100
AcDbEntity
  8
0
100
AcDb2dPolyline
 66
     1
 10
0.0
 20
0.0
 30
0.0
 70
     1
  0
VERTEX
  5
13D
330
13C
100
AcDbEntity
  8
0
100
AcDbVertex
100
AcDb2dVertex
 10
-239.7478235320996
 20
-84.01920115738159
 30
0.0
  0
VERTEX
  5
13E
330
13C
100
AcDbEntity
  8
0
100
AcDbVertex
100
AcDb2dVertex
 10
-239.0792938600735
 20
-84.01920115738159
 30
0.0
  0
VERTEX
  5
140
330
13C
100
AcDbEntity
  8
0
100
AcDbVertex
100
AcDb2dVertex
 10
-239.0792938600735
 20
-85.00342539675342
 30
0.0
  0
VERTEX
  5
141
330
13C
100
AcDbEntity
  8
0
100
AcDbVertex
100
AcDb2dVertex
 10
-238.0981646654795
 20
-85.00342539675342
 30
0.0
  0
VERTEX
  5
142
330
13C
100
AcDbEntity
  8
0
100
AcDbVertex
100
AcDb2dVertex
 10
-238.0981646654795
 20
-85.66886002400167
 30
0.0
  0
VERTEX
  5
143
330
13C
100
AcDbEntity
  8
0
100
AcDbVertex
100
AcDb2dVertex
 10
-239.0792938600735
 20
-85.66886002400167
 30
0.0
  0
VERTEX
  5
144
330
13C
100
AcDbEntity
  8
0
100
AcDbVertex
100
AcDb2dVertex
 10
-239.0792938600735
 20
-86.6530842633735
 30
0.0
  0
VERTEX
  5
145
330
13C
100
AcDbEntity
  8
0
100
AcDbVertex
100
AcDb2dVertex
 10
-239.7478235320996
 20
-86.6530842633735
 30
0.0
  0
VERTEX
  5
146
330
13C
100
AcDbEntity
  8
0
100
AcDbVertex
100
AcDb2dVertex
 10
-239.7478235320996
 20
-85.66886002400167
 30
0.0
  0
VERTEX
  5
147
330
13C
100
AcDbEntity
  8
0
100
AcDbVertex
100
AcDb2dVertex
 10
-240.7289527266935
 20
-85.66886002400167
 30
0.0
  0
VERTEX
  5
148
330
13C
100
AcDbEntity
  8
0
100
AcDbVertex
100
AcDb2dVertex
 10
-240.7289527266935
 20
-85.00342539675342
 30
0.0
  0
VERTEX
  5
149
330
13C
100
AcDbEntity
  8
0
100
AcDbVertex
100
AcDb2dVertex
 10
-239.7478235320996
 20
-85.00342539675342
 30
0.0
  0
SEQEND
  5
13F
330
13C
100
AcDbEntity
  8
0
  0
POLYLINE
  5
14A
330
70
100
AcDbEntity
  8
0
100
AcDb2dPolyline
 66
     1
 10
0.0
 20
0.0
 30
0.0
 70
     1
  0
VERTEX
  5
14B
330
14A
100
AcDbEntity
  8
0
100
AcDbVertex
100
AcDb2dVertex
 10
-240.6980022789146
 20
-90.73074493258678
 30
0.0
  0
VERTEX
  5
14C
330
14A
100
AcDbEntity
  8
0
100
AcDbVertex
100
AcDb2dVertex
 10
-238.1291151132585
 20
-90.73074493258678
 30
0.0
  0
VERTEX
  5
14E
330
14A
100
AcDbEntity
  8
0
100
AcDbVertex
100
AcDb2dVertex
 10
-238.1291151132585
 20
-91.39308451505714
 30
0.0
  0
VERTEX
  5
14F
330
14A
100
AcDbEntity
  8
0
100
AcDbVertex
100
AcDb2dVertex
 10
-240.6980022789146
 20
-91.38998947027923
 30
0.0
  0
SEQEND
  5
14D
330
14A
100
AcDbEntity
  8
0
  0
POLYLINE
  5
150
330
70
100
AcDbEntity
  8
0
100
AcDb2dPolyline
 66
     1
 10
0.0
 20
0.0
 30
0.0
 70
     1
  0
VERTEX
  5
151
330
150
100
AcDbEntity
  8
0
100
AcDbVertex
100
AcDb2dVertex
 10
-239.3060267157675
 20
-108.1242237325269
 30
0.0
  0
VERTEX
  5
152
330
150
100
AcDbEntity
  8
0
100
AcDbVertex
100
AcDb2dVertex
 10
-240.0612176415748
 20
-108.1242237325269
 30
0.0
  0
VERTEX
  5
154
330
150
100
AcDbEntity
  8
0
100
AcDbVertex
100
AcDb2dVertex
 10
-240.0612176415748
 20
-104.3142236109334
 30
0.0
  0
VERTEX
  5
155
330
150
100
AcDbEntity
  8
0
100
AcDbVertex
100
AcDb2dVertex
 10
-239.2565059993211
 20
-104.3142236109334
 30
0.0
  0
VERTEX
  5
156
330
150
100
AcDbEntity
  8
0
100
AcDbVertex
100
AcDb2dVertex
 10
-239.2565059993211
 20
-107.3597476723859
 30
0.0
  0
VERTEX
  5
157
330
150
100
AcDbEntity
  8
0
100
AcDbVertex
100
AcDb2dVertex
 10
-239.2348406858758
 20
-107.3597476723859
 30
0.0
  0
VERTEX
  5
158
330
150
100
AcDbEntity
  8
0
100
AcDbVertex
100
AcDb2dVertex
 10
-238.3620380585083
 20
-106.8119247466978
 30
0.0
  0
VERTEX
  5
159
330
150
100
AcDbEntity
  8
0
100
AcDbVertex
100
AcDb2dVertex
 10
-238.3620380585083
 20
-107.5268800903924
 30
0.0
  0
SEQEND
  5
153
330
150
100
AcDbEntity
  8
0
  0
POLYLINE
  5
15A
330
70
100
AcDbEntity
  8
0
100
AcDb2dPolyline
 66
     1
 10
0.0
 20
0.0
 30
0.0
 70
     1
  0
VERTEX
  5
15B
330
15A
100
AcDbEntity
  8
0
100
AcDbVertex
100
AcDb2dVertex
 10
-200.8357487318249
 20
-107.9973381384256
 30
0.0
  0
VERTEX
  5
15C
330
15A
100
AcDbEntity
  8
0
100
AcDbVertex
100
AcDb2dVertex
 10
-201.5909396576322
 20
-107.9973381384256
 30
0.0
  0
VERTEX
  5
15E
330
15A
100
AcDbEntity
  8
0
100
AcDbVertex
100
AcDb2dVertex
 10
-201.5909396576322
 20
-104.1873380168322
 30
0.0
  0
VERTEX
  5
15F
330
15A
100
AcDbEntity
  8
0
100
AcDbVertex
100
AcDb2dVertex
 10
-200.7862280153785
 20
-104.1873380168322
 30
0.0
  0
VERTEX
  5
160
330
15A
100
AcDbEntity
  8
0
100
AcDbVertex
100
AcDb2dVertex
 10
-200.7862280153785
 20
-107.2328620782846
 30
0.0
  0
VERTEX
  5
161
330
15A
100
AcDbEntity
  8
0
100
AcDbVertex
100
AcDb2dVertex
 10
-200.7645627019332
 20
-107.2328620782846
 30
0.0
  0
VERTEX
  5
162
330
15A
100
AcDbEntity
  8
0
100
AcDbVertex
100
AcDb2dVertex
 10
-199.8917600745657
 20
-106.6850391525965
 30
0.0
  0
VERTEX
  5
163
330
15A
100
AcDbEntity
  8
0
100
AcDbVertex
100
AcDb2dVertex
 10
-199.8917600745657
 20
-107.3999944962912
 30
0.0
  0
SEQEND
  5
15D
330
15A
100
AcDbEntity
  8
0
  0
POLYLINE
  5
164
330
70
100
AcDbEntity
  8
0
100
AcDb2dPolyline
 66
     1
 10
0.0
 20
0.0
 30
0.0
 70
     1
  0
VERTEX
  5
165
330
164
100
AcDbEntity
  8
0
100
AcDbVertex
100
AcDb2dVertex
 10
-223.1990524185408
 20
-107.887267486486
 30
0.0
  0
VERTEX
  5
166
330
164
100
AcDbEntity
  8
0
100
AcDbVertex
100
AcDb2dVertex
 10
-223.9542433443481
 20
-107.887267486486
 30
0.0
  0
VERTEX
  5
168
330
164
100
AcDbEntity
  8
0
100
AcDbVertex
100
AcDb2dVertex
 10
-223.9542433443481
 20
-104.0772673648925
 30
0.0
  0
VERTEX
  5
169
330
164
100
AcDbEntity
  8
0
100
AcDbVertex
100
AcDb2dVertex
 10
-223.1495317020944
 20
-104.0772673648925
 30
0.0
  0
VERTEX
  5
16A
330
164
100
AcDbEntity
  8
0
100
AcDbVertex
100
AcDb2dVertex
 10
-223.1495317020944
 20
-107.122791426345
 30
0.0
  0
VERTEX
  5
16B
330
164
100
AcDbEntity
  8
0
100
AcDbVertex
100
AcDb2dVertex
 10
-223.1278663886491
 20
-107.122791426345
 30
0.0
  0
VERTEX
  5
16C
330
164
100
AcDbEntity
  8
0
100
AcDbVertex
100
AcDb2dVertex
 10
-222.2550637612817
 20
-106.5749685006569
 30
0.0
  0
VERTEX
  5
16D
330
164
100
AcDbEntity
  8
0
100
AcDbVertex
100
AcDb2dVertex
 10
-222.2550637612817
 20
-107.2899238443515
 30
0.0
  0
SEQEND
  5
167
330
164
100
AcDbEntity
  8
0
  0
POLYLINE
  5
16E
330
70
100
AcDbEntity
  8
0
100
AcDb2dPolyline
 66
     1
 10
0.0
 20
0.0
 30
0.0
 70
     1
  0
VERTEX
  5
16F
330
16E
100
AcDbEntity
  8
0
100
AcDbVertex
100
AcDb2dVertex
 10
-217.4979799376512
 20
-104.0772673648925
 30
0.0
  0
VERTEX
  5
170
330
16E
100
AcDbEntity
  8
0
100
AcDbVertex
100
AcDb2dVertex
 10
-217.4979799376512
 20
-105.652645156843
 30
0.0
  0
VERTEX
  5
172
330
16E
100
AcDbEntity
  8
0
100
AcDbVertex
100
AcDb2dVertex
 10
-219.0485973713784
 20
-105.6495501120651
 30
0.0
  0
VERTEX
  5
173
330
16E
100
AcDbEntity
  8
0
100
AcDbVertex
100
AcDb2dVertex
 10
-219.0485973713784
 20
-106.3149847393134
 30
0.0
  0
VERTEX
  5
174
330
16E
100
AcDbEntity
  8
0
100
AcDbVertex
100
AcDb2dVertex
 10
-217.4979799376512
 20
-106.3149847393134
 30
0.0
  0
VERTEX
  5
175
330
16E
100
AcDbEntity
  8
0
100
AcDbVertex
100
AcDb2dVertex
 10
-217.4979799376512
 20
-107.2249279040156
 30
0.0
  0
VERTEX
  5
176
330
16E
100
AcDbEntity
  8
0
100
AcDbVertex
100
AcDb2dVertex
 10
-219.215729789385
 20
-107.2218328592377
 30
0.0
  0
VERTEX
  5
177
330
16E
100
AcDbEntity
  8
0
100
AcDbVertex
100
AcDb2dVertex
 10
-219.2126347446071
 20
-107.887267486486
 30
0.0
  0
VERTEX
  5
178
330
16E
100
AcDbEntity
  8
0
100
AcDbVertex
100
AcDb2dVertex
 10
-216.6932682953974
 20
-107.887267486486
 30
0.0
  0
VERTEX
  5
179
330
16E
100
AcDbEntity
  8
0
100
AcDbVertex
100
AcDb2dVertex
 10
-216.6963633401753
 20
-104.0772673648925
 30
0.0
  0
SEQEND
  5
171
330
16E
100
AcDbEntity
  8
0
  0
POLYLINE
  5
17A
330
70
100
AcDbEntity
  8
0
100
AcDb2dPolyline
 66
     1
 10
0.0
 20
0.0
 30
0.0
 70
     1
  0
VERTEX
  5
17B
330
17A
100
AcDbEntity
  8
0
100
AcDbVertex
100
AcDb2dVertex
 10
-219.0472189281994
 20
-83.99583626767322
 30
0.0
  0
VERTEX
  5
17C
330
17A
100
AcDbEntity
  8
0
100
AcDbVertex
100
AcDb2dVertex
 10
-221.5480151087417
 20
-83.99583626767322
 30
0.0
  0
VERTEX
  5
17E
330
17A
100
AcDbEntity
  8
0
100
AcDbVertex
100
AcDb2dVertex
 10
-221.5480151087417
 20
-83.39539758076083
 30
0.0
  0
VERTEX
  5
17F
330
17A
100
AcDbEntity
  8
0
100
AcDbVertex
100
AcDb2dVertex
 10
-219.0472189281994
 20
-83.39539758076083
 30
0.0
  0
SEQEND
  5
17D
330
17A
100
AcDbEntity
  8
0
  0
POLYLINE
  5
180
330
70
100
AcDbEntity
  8
0
100
AcDb2dPolyline
 66
     1
 10
0.0
 20
0.0
 30
0.0
 70
     1
  0
VERTEX
  5
181
330
180
100
AcDbEntity
  8
0
100
AcDbVertex
100
AcDb2dVertex
 10
-145.3433957451674
 20
-104.2930224754771
 30
0.0
  0
VERTEX
  5
182
330
180
100
AcDbEntity
  8
0
100
AcDbVertex
100
AcDb2dVertex
 10
-144.5108286999125
 20
-104.2930224754771
 30
0.0
  0
VERTEX
  5
184
330
180
100
AcDbEntity
  8
0
100
AcDbVertex
100
AcDb2dVertex
 10
-146.0923965814188
 20
-107.415922656377
 30
0.0
  0
VERTEX
  5
185
330
180
100
AcDbEntity
  8
0
100
AcDbVertex
100
AcDb2dVertex
 10
-146.0923965814188
 20
-107.4437780593781
 30
0.0
  0
VERTEX
  5
186
330
180
100
AcDbEntity
  8
0
100
AcDbVertex
100
AcDb2dVertex
 10
-144.250844938569
 20
-107.4437780593781
 30
0.0
  0
VERTEX
  5
187
330
180
100
AcDbEntity
  8
0
100
AcDbVertex
100
AcDb2dVertex
 10
-144.250844938569
 20
-108.1030225970705
 30
0.0
  0
VERTEX
  5
188
330
180
100
AcDbEntity
  8
0
100
AcDbVertex
100
AcDb2dVertex
 10
-146.9249636266736
 20
-108.1030225970705
 30
0.0
  0
VERTEX
  5
189
330
180
100
AcDbEntity
  8
0
100
AcDbVertex
100
AcDb2dVertex
 10
-146.9249636266736
 20
-107.4344929250444
 30
0.0
  0
SEQEND
  5
183
330
180
100
AcDbEntity
  8
0
  0
POLYLINE
  5
18A
330
70
100
AcDbEntity
  8
0
100
AcDb2dPolyline
 66
     1
 10
0.0
 20
0.0
 30
0.0
 70
     1
  0
VERTEX
  5
18B
330
18A
100
AcDbEntity
  8
0
100
AcDbVertex
100
AcDb2dVertex
 10
-180.123027269076
 20
-104.2498264170095
 30
0.0
  0
VERTEX
  5
18C
330
18A
100
AcDbEntity
  8
0
100
AcDbVertex
100
AcDb2dVertex
 10
-179.3214106716002
 20
-104.2498264170095
 30
0.0
  0
VERTEX
  5
18E
330
18A
100
AcDbEntity
  8
0
100
AcDbVertex
100
AcDb2dVertex
 10
-179.3183156268222
 20
-108.059826538603
 30
0.0
  0
VERTEX
  5
18F
330
18A
100
AcDbEntity
  8
0
100
AcDbVertex
100
AcDb2dVertex
 10
-181.8376820760319
 20
-108.059826538603
 30
0.0
  0
VERTEX
  5
190
330
18A
100
AcDbEntity
  8
0
100
AcDbVertex
100
AcDb2dVertex
 10
-181.8407771208098
 20
-107.3943919113547
 30
0.0
  0
VERTEX
  5
191
330
18A
100
AcDbEntity
  8
0
100
AcDbVertex
100
AcDb2dVertex
 10
-180.123027269076
 20
-107.3974869561326
 30
0.0
  0
VERTEX
  5
192
330
18A
100
AcDbEntity
  8
0
100
AcDbVertex
100
AcDb2dVertex
 10
-180.123027269076
 20
-106.4875437914304
 30
0.0
  0
VERTEX
  5
193
330
18A
100
AcDbEntity
  8
0
100
AcDbVertex
100
AcDb2dVertex
 10
-181.6736447028033
 20
-106.4875437914304
 30
0.0
  0
VERTEX
  5
194
330
18A
100
AcDbEntity
  8
0
100
AcDbVertex
100
AcDb2dVertex
 10
-181.6736447028033
 20
-105.8221091641821
 30
0.0
  0
VERTEX
  5
195
330
18A
100
AcDbEntity
  8
0
100
AcDbVertex
100
AcDb2dVertex
 10
-180.123027269076
 20
-105.82520420896
 30
0.0
  0
SEQEND
  5
18D
330
18A
100
AcDbEntity
  8
0
  0
POLYLINE
  5
196
330
70
100
AcDbEntity
  8
0
100
AcDb2dPolyline
 66
     1
 10
0.0
 20
0.0
 30
0.0
 70
     1
  0
VERTEX
  5
197
330
196
100
AcDbEntity
  8
0
100
AcDbVertex
100
AcDb2dVertex
 10
-161.0178926615972
 20
-104.0393829926752
 30
0.0
  0
VERTEX
  5
198
330
196
100
AcDbEntity
  8
0
100
AcDbVertex
100
AcDb2dVertex
 10
-160.2162760641214
 20
-104.0393829926752
 30
0.0
  0
VERTEX
  5
19A
330
196
100
AcDbEntity
  8
0
100
AcDbVertex
100
AcDb2dVertex
 10
-160.2131810193435
 20
-107.8493831142687
 30
0.0
  0
VERTEX
  5
19B
330
196
100
AcDbEntity
  8
0
100
AcDbVertex
100
AcDb2dVertex
 10
-162.7325474685531
 20
-107.8493831142687
 30
0.0
  0
VERTEX
  5
19C
330
196
100
AcDbEntity
  8
0
100
AcDbVertex
100
AcDb2dVertex
 10
-162.7356425133311
 20
-107.1839484870205
 30
0.0
  0
VERTEX
  5
19D
330
196
100
AcDbEntity
  8
0
100
AcDbVertex
100
AcDb2dVertex
 10
-161.0178926615972
 20
-107.1870435317983
 30
0.0
  0
VERTEX
  5
19E
330
196
100
AcDbEntity
  8
0
100
AcDbVertex
100
AcDb2dVertex
 10
-161.0178926615972
 20
-106.2771003670961
 30
0.0
  0
VERTEX
  5
19F
330
196
100
AcDbEntity
  8
0
100
AcDbVertex
100
AcDb2dVertex
 10
-162.5685100953245
 20
-106.2771003670961
 30
0.0
  0
VERTEX
  5
1A0
330
196
100
AcDbEntity
  8
0
100
AcDbVertex
100
AcDb2dVertex
 10
-162.5685100953245
 20
-105.6116657398478
 30
0.0
  0
VERTEX
  5
1A1
330
196
100
AcDbEntity
  8
0
100
AcDbVertex
100
AcDb2dVertex
 10
-161.0178926615972
 20
-105.6147607846257
 30
0.0
  0
SEQEND
  5
199
330
196
100
AcDbEntity
  8
0
  0
POLYLINE
  5
1A2
330
70
100
AcDbEntity
  8
0
100
AcDb2dPolyline
 66
     1
 10
0.0
 20
0.0
 30
0.0
 70
     1
  0
VERTEX
  5
1A3
330
1A2
100
AcDbEntity
  8
0
100
AcDbVertex
100
AcDb2dVertex
 10
-104.1084293210789
 20
-104.0784774269585
 30
0.0
  0
VERTEX
  5
1A4
330
1A2
100
AcDbEntity
  8
0
100
AcDbVertex
100
AcDb2dVertex
 10
-103.306812723603
 20
-104.0784774269585
 30
0.0
  0
VERTEX
  5
1A6
330
1A2
100
AcDbEntity
  8
0
100
AcDbVertex
100
AcDb2dVertex
 10
-103.3037176788252
 20
-107.888477548552
 30
0.0
  0
VERTEX
  5
1A7
330
1A2
100
AcDbEntity
  8
0
100
AcDbVertex
100
AcDb2dVertex
 10
-105.8230841280348
 20
-107.888477548552
 30
0.0
  0
VERTEX
  5
1A8
330
1A2
100
AcDbEntity
  8
0
100
AcDbVertex
100
AcDb2dVertex
 10
-105.8261791728127
 20
-107.2230429213037
 30
0.0
  0
VERTEX
  5
1A9
330
1A2
100
AcDbEntity
  8
0
100
AcDbVertex
100
AcDb2dVertex
 10
-104.1084293210789
 20
-107.2261379660816
 30
0.0
  0
VERTEX
  5
1AA
330
1A2
100
AcDbEntity
  8
0
100
AcDbVertex
100
AcDb2dVertex
 10
-104.1084293210789
 20
-106.3161948013794
 30
0.0
  0
VERTEX
  5
1AB
330
1A2
100
AcDbEntity
  8
0
100
AcDbVertex
100
AcDb2dVertex
 10
-105.6590467548062
 20
-106.3161948013794
 30
0.0
  0
VERTEX
  5
1AC
330
1A2
100
AcDbEntity
  8
0
100
AcDbVertex
100
AcDb2dVertex
 10
-105.6590467548062
 20
-105.6507601741311
 30
0.0
  0
VERTEX
  5
1AD
330
1A2
100
AcDbEntity
  8
0
100
AcDbVertex
100
AcDb2dVertex
 10
-104.1084293210789
 20
-105.653855218909
 30
0.0
  0
SEQEND
  5
1A5
330
1A2
100
AcDbEntity
  8
0
  0
POLYLINE
  5
1AE
330
70
100
AcDbEntity
  8
0
100
AcDb2dPolyline
 66
     1
 10
0.0
 20
0.0
 30
0.0
 70
     1
  0
VERTEX
  5
1AF
330
1AE
100
AcDbEntity
  8
0
100
AcDbVertex
100
AcDb2dVertex
 10
-89.78020755421503
 20
-108.2100997906458
 30
0.0
  0
VERTEX
  5
1B0
330
1AE
100
AcDbEntity
  8
0
100
AcDbVertex
100
AcDb2dVertex
 10
-89.78020755421503
 20
-105.7154936996593
 30
0.0
  0
VERTEX
  5
1B2
330
1AE
100
AcDbEntity
  8
0
100
AcDbVertex
100
AcDb2dVertex
 10
-90.25065436045567
 20
-105.7154936996593
 30
0.0
  0
VERTEX
  5
1B3
330
1AE
100
AcDbEntity
  8
0
100
AcDbVertex
100
AcDb2dVertex
 10
-90.25065436045567
 20
-105.0686293410784
 30
0.0
  0
VERTEX
  5
1B4
330
1AE
100
AcDbEntity
  8
0
100
AcDbVertex
100
AcDb2dVertex
 10
-89.78020755421503
 20
-105.0686293410784
 30
0.0
  0
VERTEX
  5
1B5
330
1AE
100
AcDbEntity
  8
0
100
AcDbVertex
100
AcDb2dVertex
 10
-89.78020755421503
 20
-104.4000996690523
 30
0.0
  0
VERTEX
  5
1B6
330
1AE
100
AcDbEntity
  8
0
100
AcDbVertex
100
AcDb2dVertex
 10
-89.00954140451823
 20
-104.4000996690523
 30
0.0
  0
VERTEX
  5
1B7
330
1AE
100
AcDbEntity
  8
0
100
AcDbVertex
100
AcDb2dVertex
 10
-89.00954140451823
 20
-105.0686293410784
 30
0.0
  0
VERTEX
  5
1B8
330
1AE
100
AcDbEntity
  8
0
100
AcDbVertex
100
AcDb2dVertex
 10
-87.18036994078003
 20
-105.0686293410784
 30
0.0
  0
VERTEX
  5
1B9
330
1AE
100
AcDbEntity
  8
0
100
AcDbVertex
100
AcDb2dVertex
 10
-87.18036994078003
 20
-105.7031135205477
 30
0.0
  0
VERTEX
  5
1BA
330
1AE
100
AcDbEntity
  8
0
100
AcDbVertex
100
AcDb2dVertex
 10
-88.77122295662003
 20
-108.2100997906458
 30
0.0
  0
SEQEND
  5
1B1
330
1AE
100
AcDbEntity
  8
0
  0
POLYLINE
  5
1BB
330
70
100
AcDbEntity
  8
0
100
AcDb2dPolyline
 66
     1
 10
0.0
 20
0.0
 30
0.0
 70
     1
  0
VERTEX
  5
1BC
330
1BB
100
AcDbEntity
  8
0
100
AcDbVertex
100
AcDb2dVertex
 10
-44.56119119757001
 20
-47.94261657046368
 30
0.0
  0
VERTEX
  5
1BD
330
1BB
100
AcDbEntity
  8
0
100
AcDbVertex
100
AcDb2dVertex
 10
-43.1860455174626
 20
-47.94261657046368
 30
0.0
  0
VERTEX
  5
1BF
330
1BB
100
AcDbEntity
  8
0
100
AcDbVertex
100
AcDb2dVertex
 10
-42.9028635964719
 20
-47.0729089878741
 30
0.0
  0
VERTEX
  5
1C0
330
1BB
100
AcDbEntity
  8
0
100
AcDbVertex
100
AcDb2dVertex
 10
-42.03934610343812
 20
-47.0729089878741
 30
0.0
  0
VERTEX
  5
1C1
330
1BB
100
AcDbEntity
  8
0
100
AcDbVertex
100
AcDb2dVertex
 10
-43.35474013404513
 20
-50.88290910946757
 30
0.0
  0
VERTEX
  5
1C2
330
1BB
100
AcDbEntity
  8
0
100
AcDbVertex
100
AcDb2dVertex
 10
-44.39158013464124
 20
-50.88290910946757
 30
0.0
  0
VERTEX
  5
1C3
330
1BB
100
AcDbEntity
  8
0
100
AcDbVertex
100
AcDb2dVertex
 10
-45.70697416524825
 20
-47.0729089878741
 30
0.0
  0
VERTEX
  5
1C4
330
1BB
100
AcDbEntity
  8
0
100
AcDbVertex
100
AcDb2dVertex
 10
-44.84345667221447
 20
-47.0729089878741
 30
0.0
  0
SEQEND
  5
1BE
330
1BB
100
AcDbEntity
  8
0
  0
POLYLINE
  5
1C5
330
70
100
AcDbEntity
  8
0
100
AcDb2dPolyline
 66
     1
 10
0.0
 20
0.0
 30
0.0
 70
     1
  0
VERTEX
  5
1C6
330
1C5
100
AcDbEntity
  8
0
100
AcDbVertex
100
AcDb2dVertex
 10
-172.1899730627521
 20
-69.65290661611412
 30
0.0
  0
VERTEX
  5
1C7
330
1C5
100
AcDbEntity
  8
0
100
AcDbVertex
100
AcDb2dVertex
 10
-172.9946847050058
 20
-69.65290661611412
 30
0.0
  0
VERTEX
  5
1C9
330
1C5
100
AcDbEntity
  8
0
100
AcDbVertex
100
AcDb2dVertex
 10
-172.9946847050058
 20
-65.84290649452064
 30
0.0
  0
VERTEX
  5
1CA
330
1C5
100
AcDbEntity
  8
0
100
AcDbVertex
100
AcDb2dVertex
 10
-172.19306810753
 20
-65.84290649452064
 30
0.0
  0
SEQEND
  5
1C8
330
1C5
100
AcDbEntity
  8
0
  0
POLYLINE
  5
1CB
330
70
100
AcDbEntity
  8
0
100
AcDb2dPolyline
 66
     1
 10
0.0
 20
0.0
 30
0.0
 70
     1
  0
VERTEX
  5
1CC
330
1CB
100
AcDbEntity
  8
0
100
AcDbVertex
100
AcDb2dVertex
 10
-114.8714080884001
 20
-69.07838404976025
 30
0.0
  0
VERTEX
  5
1CD
330
1CB
100
AcDbEntity
  8
0
100
AcDbVertex
100
AcDb2dVertex
 10
-113.7045762071322
 20
-69.08147909453815
 30
0.0
  0
VERTEX
  5
1CF
330
1CB
100
AcDbEntity
  8
0
100
AcDbVertex
100
AcDb2dVertex
 10
-113.7045762071322
 20
-69.7438186770085
 30
0.0
  0
VERTEX
  5
1D0
330
1CB
100
AcDbEntity
  8
0
100
AcDbVertex
100
AcDb2dVertex
 10
-116.833666477588
 20
-69.7438186770085
 30
0.0
  0
VERTEX
  5
1D1
330
1CB
100
AcDbEntity
  8
0
100
AcDbVertex
100
AcDb2dVertex
 10
-116.833666477588
 20
-69.07838404976025
 30
0.0
  0
VERTEX
  5
1D2
330
1CB
100
AcDbEntity
  8
0
100
AcDbVertex
100
AcDb2dVertex
 10
-115.6668345963201
 20
-69.08147909453815
 30
0.0
  0
VERTEX
  5
1D3
330
1CB
100
AcDbEntity
  8
0
100
AcDbVertex
100
AcDb2dVertex
 10
-115.6668345963201
 20
-65.93381855541503
 30
0.0
  0
VERTEX
  5
1D4
330
1CB
100
AcDbEntity
  8
0
100
AcDbVertex
100
AcDb2dVertex
 10
-114.8714080884001
 20
-65.93381855541503
 30
0.0
  0
SEQEND
  5
1CE
330
1CB
100
AcDbEntity
  8
0
  0
POLYLINE
  5
1D5
330
70
100
AcDbEntity
  8
0
100
AcDb2dPolyline
 66
     1
 10
0.0
 20
0.0
 30
0.0
 70
     1
  0
VERTEX
  5
1D6
330
1D5
100
AcDbEntity
  8
0
100
AcDbVertex
100
AcDb2dVertex
 10
-124.521267931523
 20
-84.24506894900153
 30
0.0
  0
VERTEX
  5
1D7
330
1D5
100
AcDbEntity
  8
0
100
AcDbVertex
100
AcDb2dVertex
 10
-123.7778532736511
 20
-84.24506894900153
 30
0.0
  0
VERTEX
  5
1D9
330
1D5
100
AcDbEntity
  8
0
100
AcDbVertex
100
AcDb2dVertex
 10
-124.753585012108
 20
-86.32140285672969
 30
0.0
  0
VERTEX
  5
1DA
330
1D5
100
AcDbEntity
  8
0
100
AcDbVertex
100
AcDb2dVertex
 10
-125.3343777135704
 20
-86.32140285672969
 30
0.0
  0
VERTEX
  5
1DB
330
1D5
100
AcDbEntity
  8
0
100
AcDbVertex
100
AcDb2dVertex
 10
-126.2839737804615
 20
-84.24506894900153
 30
0.0
  0
VERTEX
  5
1DC
330
1D5
100
AcDbEntity
  8
0
100
AcDbVertex
100
AcDb2dVertex
 10
-125.5463670496042
 20
-84.24506894900153
 30
0.0
  0
VERTEX
  5
1DD
330
1D5
100
AcDbEntity
  8
0
100
AcDbVertex
100
AcDb2dVertex
 10
-125.03236550881
 20
-85.51700496520423
 30
0.0
  0
SEQEND
  5
1D8
330
1D5
100
AcDbEntity
  8
0
  0
POLYLINE
  5
1DE
330
70
100
AcDbEntity
  8
0
100
AcDb2dPolyline
 66
     1
 10
0.0
 20
0.0
 30
0.0
 70
     1
  0
VERTEX
  5
1DF
330
1DE
100
AcDbEntity
  8
0
100
AcDbVertex
100
AcDb2dVertex
 10
-134.0585775486015
 20
-67.45989360042561
 30
0.0
  0
VERTEX
  5
1E0
330
1DE
100
AcDbEntity
  8
0
100
AcDbVertex
100
AcDb2dVertex
 10
-132.668902443325
 20
-69.9235492436331
 30
0.0
  0
VERTEX
  5
1E2
330
1DE
100
AcDbEntity
  8
0
100
AcDbVertex
100
AcDb2dVertex
 10
-133.5695604736935
 20
-69.9235492436331
 30
0.0
  0
VERTEX
  5
1E3
330
1DE
100
AcDbEntity
  8
0
100
AcDbVertex
100
AcDb2dVertex
 10
-134.4392680562831
 20
-68.28317551134671
 30
0.0
  0
VERTEX
  5
1E4
330
1DE
100
AcDbEntity
  8
0
100
AcDbVertex
100
AcDb2dVertex
 10
-134.4764085936179
 20
-68.28317551134671
 30
0.0
  0
VERTEX
  5
1E5
330
1DE
100
AcDbEntity
  8
0
100
AcDbVertex
100
AcDb2dVertex
 10
-135.3430211314296
 20
-69.9235492436331
 30
0.0
  0
VERTEX
  5
1E6
330
1DE
100
AcDbEntity
  8
0
100
AcDbVertex
100
AcDb2dVertex
 10
-136.246774206576
 20
-69.9235492436331
 30
0.0
  0
VERTEX
  5
1E7
330
1DE
100
AcDbEntity
  8
0
100
AcDbVertex
100
AcDb2dVertex
 10
-134.8570991012994
 20
-67.45989360042561
 30
0.0
  0
VERTEX
  5
1E8
330
1DE
100
AcDbEntity
  8
0
100
AcDbVertex
100
AcDb2dVertex
 10
-134.8570991012994
 20
-66.11354912203963
 30
0.0
  0
VERTEX
  5
1E9
330
1DE
100
AcDbEntity
  8
0
100
AcDbVertex
100
AcDb2dVertex
 10
-134.0585775486015
 20
-66.11354912203963
 30
0.0
  0
SEQEND
  5
1E1
330
1DE
100
AcDbEntity
  8
0
  0
POLYLINE
  5
1EA
330
70
100
AcDbEntity
  8
0
100
AcDb2dPolyline
 66
     1
 10
0.0
 20
0.0
 30
0.0
 70
     1
  0
VERTEX
  5
1EB
330
1EA
100
AcDbEntity
  8
0
100
AcDbVertex
100
AcDb2dVertex
 10
-143.8294608586707
 20
-87.62055550043482
 30
0.0
  0
VERTEX
  5
1EC
330
1EA
100
AcDbEntity
  8
0
100
AcDbVertex
100
AcDb2dVertex
 10
-142.9968938134159
 20
-87.62055550043482
 30
0.0
  0
VERTEX
  5
1EE
330
1EA
100
AcDbEntity
  8
0
100
AcDbVertex
100
AcDb2dVertex
 10
-144.5784616949222
 20
-90.74345568133473
 30
0.0
  0
VERTEX
  5
1EF
330
1EA
100
AcDbEntity
  8
0
100
AcDbVertex
100
AcDb2dVertex
 10
-144.5784616949222
 20
-90.77131108433583
 30
0.0
  0
VERTEX
  5
1F0
330
1EA
100
AcDbEntity
  8
0
100
AcDbVertex
100
AcDb2dVertex
 10
-142.7369100520724
 20
-90.77131108433583
 30
0.0
  0
VERTEX
  5
1F1
330
1EA
100
AcDbEntity
  8
0
100
AcDbVertex
100
AcDb2dVertex
 10
-142.7369100520724
 20
-91.4305556220283
 30
0.0
  0
VERTEX
  5
1F2
330
1EA
100
AcDbEntity
  8
0
100
AcDbVertex
100
AcDb2dVertex
 10
-145.411028740177
 20
-91.4305556220283
 30
0.0
  0
VERTEX
  5
1F3
330
1EA
100
AcDbEntity
  8
0
100
AcDbVertex
100
AcDb2dVertex
 10
-145.411028740177
 20
-90.76202595000212
 30
0.0
  0
SEQEND
  5
1ED
330
1EA
100
AcDbEntity
  8
0
  0
POLYLINE
  5
1F4
330
70
100
AcDbEntity
  8
0
100
AcDb2dPolyline
 66
     1
 10
0.0
 20
0.0
 30
0.0
 70
     1
  0
VERTEX
  5
1F5
330
1F4
100
AcDbEntity
  8
0
100
AcDbVertex
100
AcDb2dVertex
 10
-138.4468965673473
 20
-47.14154480549206
 30
0.0
  0
VERTEX
  5
1F6
330
1F4
100
AcDbEntity
  8
0
100
AcDbVertex
100
AcDb2dVertex
 10
-137.6452799698715
 20
-47.14154480549206
 30
0.0
  0
VERTEX
  5
1F8
330
1F4
100
AcDbEntity
  8
0
100
AcDbVertex
100
AcDb2dVertex
 10
-137.6421849250936
 20
-50.95154492708553
 30
0.0
  0
VERTEX
  5
1F9
330
1F4
100
AcDbEntity
  8
0
100
AcDbVertex
100
AcDb2dVertex
 10
-138.4468965673473
 20
-50.95154492708553
 30
0.0
  0
VERTEX
  5
1FA
330
1F4
100
AcDbEntity
  8
0
100
AcDbVertex
100
AcDb2dVertex
 10
-138.4468965673473
 20
-49.37926217991293
 30
0.0
  0
VERTEX
  5
1FB
330
1F4
100
AcDbEntity
  8
0
100
AcDbVertex
100
AcDb2dVertex
 10
-140.0810802100779
 20
-49.37926217991293
 30
0.0
  0
VERTEX
  5
1FC
330
1F4
100
AcDbEntity
  8
0
100
AcDbVertex
100
AcDb2dVertex
 10
-140.0810802100779
 20
-50.95154492708553
 30
0.0
  0
VERTEX
  5
1FD
330
1F4
100
AcDbEntity
  8
0
100
AcDbVertex
100
AcDb2dVertex
 10
-140.8857918523316
 20
-50.95154492708553
 30
0.0
  0
VERTEX
  5
1FE
330
1F4
100
AcDbEntity
  8
0
100
AcDbVertex
100
AcDb2dVertex
 10
-140.8857918523316
 20
-47.14154480549206
 30
0.0
  0
VERTEX
  5
1FF
330
1F4
100
AcDbEntity
  8
0
100
AcDbVertex
100
AcDb2dVertex
 10
-140.0810802100779
 20
-47.14154480549206
 30
0.0
  0
VERTEX
  5
200
330
1F4
100
AcDbEntity
  8
0
100
AcDbVertex
100
AcDb2dVertex
 10
-140.0810802100779
 20
-48.71382755266467
 30
0.0
  0
VERTEX
  5
201
330
1F4
100
AcDbEntity
  8
0
100
AcDbVertex
100
AcDb2dVertex
 10
-138.4468965673473
 20
-48.71692259744257
 30
0.0
  0
SEQEND
  5
1F7
330
1F4
100
AcDbEntity
  8
0
  0
POLYLINE
  5
202
330
70
100
AcDbEntity
  8
0
100
AcDb2dPolyline
 66
     1
 10
0.0
 20
0.0
 30
0.0
 70
     1
  0
VERTEX
  5
203
330
202
100
AcDbEntity
  8
0
100
AcDbVertex
100
AcDb2dVertex
 10
-165.9663553249909
 20
-27.74486716741589
 30
0.0
  0
VERTEX
  5
204
330
202
100
AcDbEntity
  8
0
100
AcDbVertex
100
AcDb2dVertex
 10
-165.9663553249909
 20
-31.55486728900937
 30
0.0
  0
VERTEX
  5
206
330
202
100
AcDbEntity
  8
0
100
AcDbVertex
100
AcDb2dVertex
 10
-166.9598646986965
 20
-31.55486728900937
 30
0.0
  0
VERTEX
  5
207
330
202
100
AcDbEntity
  8
0
100
AcDbVertex
100
AcDb2dVertex
 10
-168.0090848784042
 20
-28.99526525768703
 30
0.0
  0
VERTEX
  5
208
330
202
100
AcDbEntity
  8
0
100
AcDbVertex
100
AcDb2dVertex
 10
-168.0524155052948
 20
-28.99526525768703
 30
0.0
  0
VERTEX
  5
209
330
202
100
AcDbEntity
  8
0
100
AcDbVertex
100
AcDb2dVertex
 10
-169.1016356850025
 20
-31.55486728900937
 30
0.0
  0
VERTEX
  5
20A
330
202
100
AcDbEntity
  8
0
100
AcDbVertex
100
AcDb2dVertex
 10
-170.095145058708
 20
-31.55486728900937
 30
0.0
  0
VERTEX
  5
20B
330
202
100
AcDbEntity
  8
0
100
AcDbVertex
100
AcDb2dVertex
 10
-170.095145058708
 20
-27.74486716741589
 30
0.0
  0
VERTEX
  5
20C
330
202
100
AcDbEntity
  8
0
100
AcDbVertex
100
AcDb2dVertex
 10
-169.3120987298996
 20
-27.74486716741589
 30
0.0
  0
VERTEX
  5
20D
330
202
100
AcDbEntity
  8
0
100
AcDbVertex
100
AcDb2dVertex
 10
-169.3120987298996
 20
-30.22399803451286
 30
0.0
  0
VERTEX
  5
20E
330
202
100
AcDbEntity
  8
0
100
AcDbVertex
100
AcDb2dVertex
 10
-169.2811482821206
 20
-30.22399803451286
 30
0.0
  0
VERTEX
  5
20F
330
202
100
AcDbEntity
  8
0
100
AcDbVertex
100
AcDb2dVertex
 10
-168.2969240427488
 20
-27.76343743608329
 30
0.0
  0
VERTEX
  5
210
330
202
100
AcDbEntity
  8
0
100
AcDbVertex
100
AcDb2dVertex
 10
-167.7645763409502
 20
-27.76343743608329
 30
0.0
  0
VERTEX
  5
211
330
202
100
AcDbEntity
  8
0
100
AcDbVertex
100
AcDb2dVertex
 10
-166.7803521015784
 20
-30.23328316884656
 30
0.0
  0
VERTEX
  5
212
330
202
100
AcDbEntity
  8
0
100
AcDbVertex
100
AcDb2dVertex
 10
-166.7463066090215
 20
-30.23328316884656
 30
0.0
  0
VERTEX
  5
213
330
202
100
AcDbEntity
  8
0
100
AcDbVertex
100
AcDb2dVertex
 10
-166.7463066090215
 20
-27.74486716741589
 30
0.0
  0
SEQEND
  5
205
330
202
100
AcDbEntity
  8
0
  0
POLYLINE
  5
214
330
70
100
AcDbEntity
  8
0
100
AcDb2dPolyline
 66
     1
 10
0.0
 20
0.0
 30
0.0
  0
VERTEX
  5
215
330
214
100
AcDbEntity
  8
0
100
AcDbVertex
100
AcDb2dVertex
 10
-186.7386131066749
 20
-31.76936280335834
 30
0.0
  0
VERTEX
  5
216
330
214
100
AcDbEntity
  8
0
100
AcDbVertex
100
AcDb2dVertex
 10
-186.7478982410086
 20
-31.97673080347756
 30
0.0
  0
VERTEX
  5
218
330
214
100
AcDbEntity
  8
0
100
AcDbVertex
100
AcDb2dVertex
 10
-187.4009526891452
 20
-31.97673080347756
 30
0.0
  0
VERTEX
  5
219
330
214
100
AcDbEntity
  8
0
100
AcDbVertex
100
AcDb2dVertex
 10
-187.3823824204778
 20
-31.77245784813623
 30
0.0
  0
SEQEND
  5
217
330
214
100
AcDbEntity
  8
0
  0
POLYLINE
  5
21A
330
70
100
AcDbEntity
  8
0
100
AcDb2dPolyline
 66
     1
 10
0.0
 20
0.0
 30
0.0
 70
     1
  0
VERTEX
  5
21B
330
21A
100
AcDbEntity
  8
0
100
AcDbVertex
100
AcDb2dVertex
 10
-205.0017451526996
 20
-8.687894727357852
 30
0.0
  0
VERTEX
  5
21C
330
21A
100
AcDbEntity
  8
0
100
AcDbVertex
100
AcDb2dVertex
 10
-202.5659449124932
 20
-8.687894727357852
 30
0.0
  0
VERTEX
  5
21E
330
21A
100
AcDbEntity
  8
0
100
AcDbVertex
100
AcDb2dVertex
 10
-202.5628498677153
 20
-12.49789484895132
 30
0.0
  0
VERTEX
  5
21F
330
21A
100
AcDbEntity
  8
0
100
AcDbVertex
100
AcDb2dVertex
 10
-203.367561509969
 20
-12.49789484895132
 30
0.0
  0
VERTEX
  5
220
330
21A
100
AcDbEntity
  8
0
100
AcDbVertex
100
AcDb2dVertex
 10
-203.367561509969
 20
-9.353329354606103
 30
0.0
  0
VERTEX
  5
221
330
21A
100
AcDbEntity
  8
0
100
AcDbVertex
100
AcDb2dVertex
 10
-204.9986501079217
 20
-9.350234309828204
 30
0.0
  0
SEQEND
  5
21D
330
21A
100
AcDbEntity
  8
0
  0
POLYLINE
  5
222
330
70
100
AcDbEntity
  8
0
100
AcDb2dPolyline
 66
     1
 10
0.0
 20
0.0
 30
0.0
 70
     1
  0
VERTEX
  5
223
330
222
100
AcDbEntity
  8
0
100
AcDbVertex
100
AcDb2dVertex
 10
-200.9620953176859
 20
-9.557602309947426
 30
0.0
  0
VERTEX
  5
224
330
222
100
AcDbEntity
  8
0
100
AcDbVertex
100
AcDb2dVertex
 10
-199.5869496375785
 20
-9.557602309947426
 30
0.0
  0
VERTEX
  5
226
330
222
100
AcDbEntity
  8
0
100
AcDbVertex
100
AcDb2dVertex
 10
-199.3037677165878
 20
-8.687894727357852
 30
0.0
  0
VERTEX
  5
227
330
222
100
AcDbEntity
  8
0
100
AcDbVertex
100
AcDb2dVertex
 10
-198.440250223554
 20
-8.687894727357852
 30
0.0
  0
VERTEX
  5
228
330
222
100
AcDbEntity
  8
0
100
AcDbVertex
100
AcDb2dVertex
 10
-199.755644254161
 20
-12.49789484895132
 30
0.0
  0
VERTEX
  5
229
330
222
100
AcDbEntity
  8
0
100
AcDbVertex
100
AcDb2dVertex
 10
-200.7924842547571
 20
-12.49789484895132
 30
0.0
  0
VERTEX
  5
22A
330
222
100
AcDbEntity
  8
0
100
AcDbVertex
100
AcDb2dVertex
 10
-202.1078782853642
 20
-8.687894727357852
 30
0.0
  0
VERTEX
  5
22B
330
222
100
AcDbEntity
  8
0
100
AcDbVertex
100
AcDb2dVertex
 10
-201.2443607923304
 20
-8.687894727357852
 30
0.0
  0
SEQEND
  5
225
330
222
100
AcDbEntity
  8
0
  0
POLYLINE
  5
22C
330
70
100
AcDbEntity
  8
0
100
AcDb2dPolyline
 66
     1
 10
0.0
 20
0.0
 30
0.0
  0
VERTEX
  5
22D
330
22C
100
AcDbEntity
  8
0
100
AcDbVertex
100
AcDb2dVertex
 10
-261.8658443382554
 20
-103.9612963765785
 30
0.0
  0
VERTEX
  5
22E
330
22C
100
AcDbEntity
  8
0
100
AcDbVertex
100
AcDb2dVertex
 10
-261.8658443382554
 20
-104.9254122421525
 30
0.0
  0
VERTEX
  5
230
330
22C
100
AcDbEntity
  8
0
100
AcDbVertex
100
AcDb2dVertex
 10
-261.5986797008072
 20
-104.9254122421525
 30
0.0
  0
VERTEX
  5
231
330
22C
100
AcDbEntity
  8
0
100
AcDbVertex
100
AcDb2dVertex
 10
-261.5986797008072
 20
-105.3900463942364
 30
0.0
  0
VERTEX
  5
232
330
22C
100
AcDbEntity
  8
0
100
AcDbVertex
100
AcDb2dVertex
 10
-261.8658443382554
 20
-105.3900463942364
 30
0.0
  0
VERTEX
  5
233
330
22C
100
AcDbEntity
  8
0
100
AcDbVertex
100
AcDb2dVertex
 10
-261.8658443382554
 20
-105.8291256679557
 30
0.0
  0
VERTEX
  5
234
330
22C
100
AcDbEntity
  8
0
100
AcDbVertex
100
AcDb2dVertex
 10
-262.4512833698811
 20
-106.1729549404977
 30
0.0
  0
VERTEX
  5
235
330
22C
100
AcDbEntity
  8
0
100
AcDbVertex
100
AcDb2dVertex
 10
-262.4512833698811
 20
-105.3900463942364
 30
0.0
  0
VERTEX
  5
236
330
22C
100
AcDbEntity
  8
0
100
AcDbVertex
100
AcDb2dVertex
 10
-262.8508687406732
 20
-105.3900463942364
 30
0.0
  0
VERTEX
  5
237
330
22C
100
AcDbEntity
  8
0
100
AcDbVertex
100
AcDb2dVertex
 10
-262.8508687406732
 20
-104.9254122421525
 30
0.0
  0
VERTEX
  5
238
330
22C
100
AcDbEntity
  8
0
100
AcDbVertex
100
AcDb2dVertex
 10
-262.4512833698811
 20
-104.9254122421525
 30
0.0
  0
VERTEX
  5
239
330
22C
100
AcDbEntity
  8
0
100
AcDbVertex
100
AcDb2dVertex
 10
-262.4512833698811
 20
-104.0356378409119
 30
0.0
  0
SEQEND
  5
22F
330
22C
100
AcDbEntity
  8
0
  0
POLYLINE
  5
23A
330
70
100
AcDbEntity
  8
0
100
AcDb2dPolyline
 66
     1
 10
0.0
 20
0.0
 30
0.0
  0
VERTEX
  5
23B
330
23A
100
AcDbEntity
  8
0
100
AcDbVertex
100
AcDb2dVertex
 10
-264.3191126612582
 20
-108.2745850712804
 30
0.0
  0
VERTEX
  5
23C
330
23A
100
AcDbEntity
  8
0
100
AcDbVertex
100
AcDb2dVertex
 10
-264.3191126612582
 20
-106.9015911518726
 30
0.0
  0
VERTEX
  5
23E
330
23A
100
AcDbEntity
  8
0
100
AcDbVertex
100
AcDb2dVertex
 10
-263.7336736296326
 20
-106.9015911518726
 30
0.0
  0
VERTEX
  5
23F
330
23A
100
AcDbEntity
  8
0
100
AcDbVertex
100
AcDb2dVertex
 10
-263.7336736296326
 20
-108.028328970676
 30
0.0
  0
SEQEND
  5
23D
330
23A
100
AcDbEntity
  8
0
  0
POLYLINE
  5
240
330
70
100
AcDbEntity
  8
0
100
AcDb2dPolyline
 66
     1
 10
0.0
 20
0.0
 30
0.0
  0
VERTEX
  5
241
330
240
100
AcDbEntity
  8
0
100
AcDbVertex
100
AcDb2dVertex
 10
-262.8903626436004
 20
-107.9028777496134
 30
0.0
  0
VERTEX
  5
242
330
240
100
AcDbEntity
  8
0
100
AcDbVertex
100
AcDb2dVertex
 10
-262.8903626436004
 20
-106.9015911518726
 30
0.0
  0
VERTEX
  5
244
330
240
100
AcDbEntity
  8
0
100
AcDbVertex
100
AcDb2dVertex
 10
-262.3049236119747
 20
-106.9015911518726
 30
0.0
  0
VERTEX
  5
245
330
240
100
AcDbEntity
  8
0
100
AcDbVertex
100
AcDb2dVertex
 10
-262.3049236119747
 20
-109.1109265450314
 30
0.0
  0
VERTEX
  5
246
330
240
100
AcDbEntity
  8
0
100
AcDbVertex
100
AcDb2dVertex
 10
-262.8485455699128
 20
-109.1109265450314
 30
0.0
  0
VERTEX
  5
247
330
240
100
AcDbEntity
  8
0
100
AcDbVertex
100
AcDb2dVertex
 10
-262.8485455699128
 20
-108.7856826385727
 30
0.0
  0
SEQEND
  5
243
330
240
100
AcDbEntity
  8
0
  0
POLYLINE
  5
248
330
70
100
AcDbEntity
  8
0
100
AcDb2dPolyline
 66
     1
 10
0.0
 20
0.0
 30
0.0
  0
VERTEX
  5
249
330
248
100
AcDbEntity
  8
0
100
AcDbVertex
100
AcDb2dVertex
 10
-257.9094845332613
 20
-107.1757253016021
 30
0.0
  0
VERTEX
  5
24A
330
248
100
AcDbEntity
  8
0
100
AcDbVertex
100
AcDb2dVertex
 10
-257.9094845332613
 20
-106.0606033366008
 30
0.0
  0
VERTEX
  5
24C
330
248
100
AcDbEntity
  8
0
100
AcDbVertex
100
AcDb2dVertex
 10
-257.3240455016356
 20
-106.0606033366008
 30
0.0
  0
VERTEX
  5
24D
330
248
100
AcDbEntity
  8
0
100
AcDbVertex
100
AcDb2dVertex
 10
-257.3240455016356
 20
-109.1109265450314
 30
0.0
  0
VERTEX
  5
24E
330
248
100
AcDbEntity
  8
0
100
AcDbVertex
100
AcDb2dVertex
 10
-257.8699906303342
 20
-109.1109265450314
 30
0.0
  0
VERTEX
  5
24F
330
248
100
AcDbEntity
  8
0
100
AcDbVertex
100
AcDb2dVertex
 10
-257.8699906303342
 20
-108.7856826385727
 30
0.0
  0
SEQEND
  5
24B
330
248
100
AcDbEntity
  8
0
  0
POLYLINE
  5
250
330
70
100
AcDbEntity
  8
0
100
AcDb2dPolyline
 66
     1
 10
0.0
 20
0.0
 30
0.0
 70
     1
  0
VERTEX
  5
251
330
250
100
AcDbEntity
  8
0
100
AcDbVertex
100
AcDb2dVertex
 10
-265.5381067492311
 20
-46.73809831831698
 30
0.0
  0
VERTEX
  5
252
330
250
100
AcDbEntity
  8
0
100
AcDbVertex
100
AcDb2dVertex
 10
-262.9661245387971
 20
-46.73809831831698
 30
0.0
  0
VERTEX
  5
254
330
250
100
AcDbEntity
  8
0
100
AcDbVertex
100
AcDb2dVertex
 10
-262.9630294940192
 20
-50.54809843991045
 30
0.0
  0
VERTEX
  5
255
330
250
100
AcDbEntity
  8
0
100
AcDbVertex
100
AcDb2dVertex
 10
-265.5288216148974
 20
-50.54809843991045
 30
0.0
  0
VERTEX
  5
256
330
250
100
AcDbEntity
  8
0
100
AcDbVertex
100
AcDb2dVertex
 10
-265.5288216148974
 20
-49.88266381266221
 30
0.0
  0
VERTEX
  5
257
330
250
100
AcDbEntity
  8
0
100
AcDbVertex
100
AcDb2dVertex
 10
-263.767741136273
 20
-49.88575885744011
 30
0.0
  0
VERTEX
  5
258
330
250
100
AcDbEntity
  8
0
100
AcDbVertex
100
AcDb2dVertex
 10
-263.767741136273
 20
-48.97581569273784
 30
0.0
  0
VERTEX
  5
259
330
250
100
AcDbEntity
  8
0
100
AcDbVertex
100
AcDb2dVertex
 10
-265.3957346894478
 20
-48.97581569273784
 30
0.0
  0
VERTEX
  5
25A
330
250
100
AcDbEntity
  8
0
100
AcDbVertex
100
AcDb2dVertex
 10
-265.3957346894478
 20
-48.31038106548959
 30
0.0
  0
VERTEX
  5
25B
330
250
100
AcDbEntity
  8
0
100
AcDbVertex
100
AcDb2dVertex
 10
-263.767741136273
 20
-48.3134761102675
 30
0.0
  0
VERTEX
  5
25C
330
250
100
AcDbEntity
  8
0
100
AcDbVertex
100
AcDb2dVertex
 10
-263.767741136273
 20
-47.40353294556522
 30
0.0
  0
VERTEX
  5
25D
330
250
100
AcDbEntity
  8
0
100
AcDbVertex
100
AcDb2dVertex
 10
-265.5381067492311
 20
-47.40043790078733
 30
0.0
  0
SEQEND
  5
253
330
250
100
AcDbEntity
  8
0
  0
POLYLINE
  5
25E
330
70
100
AcDbEntity
  8
0
100
AcDb2dPolyline
 66
     1
 10
0.0
 20
0.0
 30
0.0
 70
     1
  0
VERTEX
  5
25F
330
25E
100
AcDbEntity
  8
0
100
AcDbVertex
100
AcDb2dVertex
 10
-257.9954826254916
 20
-50.54809843991045
 30
0.0
  0
VERTEX
  5
260
330
25E
100
AcDbEntity
  8
0
100
AcDbVertex
100
AcDb2dVertex
 10
-258.7970992229674
 20
-50.54809843991045
 30
0.0
  0
VERTEX
  5
262
330
25E
100
AcDbEntity
  8
0
100
AcDbVertex
100
AcDb2dVertex
 10
-258.7970992229674
 20
-46.73809831831698
 30
0.0
  0
VERTEX
  5
263
330
25E
100
AcDbEntity
  8
0
100
AcDbVertex
100
AcDb2dVertex
 10
-258.103809192718
 20
-46.73809831831698
 30
0.0
  0
VERTEX
  5
264
330
25E
100
AcDbEntity
  8
0
100
AcDbVertex
100
AcDb2dVertex
 10
-256.4448651917643
 20
-49.13675802118858
 30
0.0
  0
VERTEX
  5
265
330
25E
100
AcDbEntity
  8
0
100
AcDbVertex
100
AcDb2dVertex
 10
-256.4170097887632
 20
-49.13675802118858
 30
0.0
  0
VERTEX
  5
266
330
25E
100
AcDbEntity
  8
0
100
AcDbVertex
100
AcDb2dVertex
 10
-256.4170097887632
 20
-46.73809831831698
 30
0.0
  0
VERTEX
  5
267
330
25E
100
AcDbEntity
  8
0
100
AcDbVertex
100
AcDb2dVertex
 10
-255.6153931912874
 20
-46.73809831831698
 30
0.0
  0
VERTEX
  5
268
330
25E
100
AcDbEntity
  8
0
100
AcDbVertex
100
AcDb2dVertex
 10
-255.6122981465095
 20
-50.54809843991045
 30
0.0
  0
VERTEX
  5
269
330
25E
100
AcDbEntity
  8
0
100
AcDbVertex
100
AcDb2dVertex
 10
-256.3179683558705
 20
-50.54809843991045
 30
0.0
  0
VERTEX
  5
26A
330
25E
100
AcDbEntity
  8
0
100
AcDbVertex
100
AcDb2dVertex
 10
-257.9614371329347
 20
-48.15253378181676
 30
0.0
  0
VERTEX
  5
26B
330
25E
100
AcDbEntity
  8
0
100
AcDbVertex
100
AcDb2dVertex
 10
-257.9954826254916
 20
-48.15253378181676
 30
0.0
  0
SEQEND
  5
261
330
25E
100
AcDbEntity
  8
0
  0
POLYLINE
  5
26C
330
70
100
AcDbEntity
  8
0
100
AcDb2dPolyline
 66
     1
 10
0.0
 20
0.0
 30
0.0
 70
     1
  0
VERTEX
  5
26D
330
26C
100
AcDbEntity
  8
0
100
AcDbVertex
100
AcDb2dVertex
 10
-234.7620960043381
 20
-47.85197481612037
 30
0.0
  0
VERTEX
  5
26E
330
26C
100
AcDbEntity
  8
0
100
AcDbVertex
100
AcDb2dVertex
 10
-235.3284891986935
 20
-47.85197481612037
 30
0.0
  0
VERTEX
  5
270
330
26C
100
AcDbEntity
  8
0
100
AcDbVertex
100
AcDb2dVertex
 10
-235.3284891986935
 20
-46.40349386006371
 30
0.0
  0
VERTEX
  5
271
330
26C
100
AcDbEntity
  8
0
100
AcDbVertex
100
AcDb2dVertex
 10
-234.7620960043381
 20
-46.40349386006371
 30
0.0
  0
SEQEND
  5
26F
330
26C
100
AcDbEntity
  8
0
  0
POLYLINE
  5
272
330
70
100
AcDbEntity
  8
0
100
AcDb2dPolyline
 66
     1
 10
0.0
 20
0.0
 30
0.0
 70
     1
  0
VERTEX
  5
273
330
272
100
AcDbEntity
  8
0
100
AcDbVertex
100
AcDb2dVertex
 10
-234.2808165335369
 20
-52.96028539637397
 30
0.0
  0
VERTEX
  5
274
330
272
100
AcDbEntity
  8
0
100
AcDbVertex
100
AcDb2dVertex
 10
-234.8472097278924
 20
-52.96028539637397
 30
0.0
  0
VERTEX
  5
276
330
272
100
AcDbEntity
  8
0
100
AcDbVertex
100
AcDb2dVertex
 10
-234.8472097278924
 20
-51.51180444031731
 30
0.0
  0
VERTEX
  5
277
330
272
100
AcDbEntity
  8
0
100
AcDbVertex
100
AcDb2dVertex
 10
-234.2808165335369
 20
-51.51180444031731
 30
0.0
  0
SEQEND
  5
275
330
272
100
AcDbEntity
  8
0
  0
POLYLINE
  5
278
330
70
100
AcDbEntity
  8
0
100
AcDb2dPolyline
 66
     1
 10
0.0
 20
0.0
 30
0.0
  0
VERTEX
  5
279
330
278
100
AcDbEntity
  8
0
100
AcDbVertex
100
AcDb2dVertex
 10
-215.1980142138198
 20
-50.74636449562075
 30
0.0
  0
VERTEX
  5
27A
330
278
100
AcDbEntity
  8
0
100
AcDbVertex
100
AcDb2dVertex
 10
-215.2072993481535
 20
-50.95373249573997
 30
0.0
  0
VERTEX
  5
27C
330
278
100
AcDbEntity
  8
0
100
AcDbVertex
100
AcDb2dVertex
 10
-215.8603537962902
 20
-50.95373249573997
 30
0.0
  0
VERTEX
  5
27D
330
278
100
AcDbEntity
  8
0
100
AcDbVertex
100
AcDb2dVertex
 10
-215.8417835276228
 20
-50.74945954039865
 30
0.0
  0
SEQEND
  5
27B
330
278
100
AcDbEntity
  8
0
  0
POLYLINE
  5
27E
330
70
100
AcDbEntity
  8
0
100
AcDb2dPolyline
 66
     1
 10
0.0
 20
0.0
 30
0.0
 70
     1
  0
VERTEX
  5
27F
330
27E
100
AcDbEntity
  8
0
100
AcDbVertex
100
AcDb2dVertex
 10
-176.6618725978299
 20
-47.04962256278967
 30
0.0
  0
VERTEX
  5
280
330
27E
100
AcDbEntity
  8
0
100
AcDbVertex
100
AcDb2dVertex
 10
-175.8571609555761
 20
-47.04962256278967
 30
0.0
  0
VERTEX
  5
282
330
27E
100
AcDbEntity
  8
0
100
AcDbVertex
100
AcDb2dVertex
 10
-175.8571609555761
 20
-50.85962268438315
 30
0.0
  0
VERTEX
  5
283
330
27E
100
AcDbEntity
  8
0
100
AcDbVertex
100
AcDb2dVertex
 10
-176.6618725978299
 20
-50.85962268438315
 30
0.0
  0
VERTEX
  5
284
330
27E
100
AcDbEntity
  8
0
100
AcDbVertex
100
AcDb2dVertex
 10
-176.6618725978299
 20
-49.17901336998408
 30
0.0
  0
VERTEX
  5
285
330
27E
100
AcDbEntity
  8
0
100
AcDbVertex
100
AcDb2dVertex
 10
-176.7113933142762
 20
-49.17901336998408
 30
0.0
  0
VERTEX
  5
286
330
27E
100
AcDbEntity
  8
0
100
AcDbVertex
100
AcDb2dVertex
 10
-178.0824981508854
 20
-50.85962268438315
 30
0.0
  0
VERTEX
  5
287
330
27E
100
AcDbEntity
  8
0
100
AcDbVertex
100
AcDb2dVertex
 10
-179.0481521215898
 20
-50.85962268438315
 30
0.0
  0
VERTEX
  5
288
330
27E
100
AcDbEntity
  8
0
100
AcDbVertex
100
AcDb2dVertex
 10
-177.6337166580901
 20
-49.15425301176089
 30
0.0
  0
VERTEX
  5
289
330
27E
100
AcDbEntity
  8
0
100
AcDbVertex
100
AcDb2dVertex
 10
-179.0636273454794
 20
-47.04962256278967
 30
0.0
  0
VERTEX
  5
28A
330
27E
100
AcDbEntity
  8
0
100
AcDbVertex
100
AcDb2dVertex
 10
-178.1010684195528
 20
-47.04962256278967
 30
0.0
  0
VERTEX
  5
28B
330
27E
100
AcDbEntity
  8
0
100
AcDbVertex
100
AcDb2dVertex
 10
-177.0580383294009
 20
-48.61571522040648
 30
0.0
  0
VERTEX
  5
28C
330
27E
100
AcDbEntity
  8
0
100
AcDbVertex
100
AcDb2dVertex
 10
-176.6618725978299
 20
-48.13288823505427
 30
0.0
  0
SEQEND
  5
281
330
27E
100
AcDbEntity
  8
0
  0
POLYLINE
  5
28D
330
70
100
AcDbEntity
  8
0
100
AcDb2dPolyline
 66
     1
 10
0.0
 20
0.0
 30
0.0
 70
     1
  0
VERTEX
  5
28E
330
28D
100
AcDbEntity
  8
0
100
AcDbVertex
100
AcDb2dVertex
 10
-28.06298381715461
 20
-30.81926371274153
 30
0.0
  0
VERTEX
  5
28F
330
28D
100
AcDbEntity
  8
0
100
AcDbVertex
100
AcDb2dVertex
 10
-26.89615193588675
 20
-30.82235875751943
 30
0.0
  0
VERTEX
  5
291
330
28D
100
AcDbEntity
  8
0
100
AcDbVertex
100
AcDb2dVertex
 10
-26.89615193588675
 20
-31.48469833998978
 30
0.0
  0
VERTEX
  5
292
330
28D
100
AcDbEntity
  8
0
100
AcDbVertex
100
AcDb2dVertex
 10
-30.02524220634248
 20
-31.48469833998978
 30
0.0
  0
VERTEX
  5
293
330
28D
100
AcDbEntity
  8
0
100
AcDbVertex
100
AcDb2dVertex
 10
-30.02524220634248
 20
-30.81926371274153
 30
0.0
  0
VERTEX
  5
294
330
28D
100
AcDbEntity
  8
0
100
AcDbVertex
100
AcDb2dVertex
 10
-28.85841032507461
 20
-30.82235875751943
 30
0.0
  0
VERTEX
  5
295
330
28D
100
AcDbEntity
  8
0
100
AcDbVertex
100
AcDb2dVertex
 10
-28.85841032507461
 20
-27.6746982183963
 30
0.0
  0
VERTEX
  5
296
330
28D
100
AcDbEntity
  8
0
100
AcDbVertex
100
AcDb2dVertex
 10
-28.06298381715461
 20
-27.6746982183963
 30
0.0
  0
SEQEND
  5
290
330
28D
100
AcDbEntity
  8
0
  0
POLYLINE
  5
297
330
70
100
AcDbEntity
  8
0
100
AcDb2dPolyline
 66
     1
 10
0.0
 20
0.0
 30
0.0
 70
     1
  0
VERTEX
  5
298
330
297
100
AcDbEntity
  8
0
100
AcDbVertex
100
AcDb2dVertex
 10
-22.50737844082619
 20
-31.48469833998978
 30
0.0
  0
VERTEX
  5
299
330
297
100
AcDbEntity
  8
0
100
AcDbVertex
100
AcDb2dVertex
 10
-23.31209008307989
 20
-31.48469833998978
 30
0.0
  0
VERTEX
  5
29B
330
297
100
AcDbEntity
  8
0
100
AcDbVertex
100
AcDb2dVertex
 10
-23.31209008307989
 20
-27.6746982183963
 30
0.0
  0
VERTEX
  5
29C
330
297
100
AcDbEntity
  8
0
100
AcDbVertex
100
AcDb2dVertex
 10
-22.51047348560409
 20
-27.6746982183963
 30
0.0
  0
SEQEND
  5
29A
330
297
100
AcDbEntity
  8
0
  0
POLYLINE
  5
29D
330
70
100
AcDbEntity
  8
0
100
AcDb2dPolyline
 66
     1
 10
0.0
 20
0.0
 30
0.0
 70
     1
  0
VERTEX
  5
29E
330
29D
100
AcDbEntity
  8
0
100
AcDbVertex
100
AcDb2dVertex
 10
-11.31992900645448
 20
-12.09019807512433
 30
0.0
  0
VERTEX
  5
29F
330
29D
100
AcDbEntity
  8
0
100
AcDbVertex
100
AcDb2dVertex
 10
-10.15309712518661
 20
-12.09329311990223
 30
0.0
  0
VERTEX
  5
2A1
330
29D
100
AcDbEntity
  8
0
100
AcDbVertex
100
AcDb2dVertex
 10
-10.15309712518661
 20
-12.75563270237258
 30
0.0
  0
VERTEX
  5
2A2
330
29D
100
AcDbEntity
  8
0
100
AcDbVertex
100
AcDb2dVertex
 10
-13.28218739564234
 20
-12.75563270237258
 30
0.0
  0
VERTEX
  5
2A3
330
29D
100
AcDbEntity
  8
0
100
AcDbVertex
100
AcDb2dVertex
 10
-13.28218739564234
 20
-12.09019807512433
 30
0.0
  0
VERTEX
  5
2A4
330
29D
100
AcDbEntity
  8
0
100
AcDbVertex
100
AcDb2dVertex
 10
-12.11535551437448
 20
-12.09329311990223
 30
0.0
  0
VERTEX
  5
2A5
330
29D
100
AcDbEntity
  8
0
100
AcDbVertex
100
AcDb2dVertex
 10
-12.11535551437448
 20
-8.945632580779109
 30
0.0
  0
VERTEX
  5
2A6
330
29D
100
AcDbEntity
  8
0
100
AcDbVertex
100
AcDb2dVertex
 10
-11.31992900645448
 20
-8.945632580779109
 30
0.0
  0
SEQEND
  5
2A0
330
29D
100
AcDbEntity
  8
0
  0
POLYLINE
  5
2A7
330
70
100
AcDbEntity
  8
0
100
AcDb2dPolyline
 66
     1
 10
0.0
 20
0.0
 30
0.0
 70
     1
  0
VERTEX
  5
2A8
330
2A7
100
AcDbEntity
  8
0
100
AcDbVertex
100
AcDb2dVertex
 10
-54.90600360047432
 20
-27.84909457571523
 30
0.0
  0
VERTEX
  5
2A9
330
2A7
100
AcDbEntity
  8
0
100
AcDbVertex
100
AcDb2dVertex
 10
-51.99047141969362
 20
-27.84909457571523
 30
0.0
  0
VERTEX
  5
2AB
330
2A7
100
AcDbEntity
  8
0
100
AcDbVertex
100
AcDb2dVertex
 10
-51.99047141969362
 20
-28.32573147151166
 30
0.0
  0
VERTEX
  5
2AC
330
2A7
100
AcDbEntity
  8
0
100
AcDbVertex
100
AcDb2dVertex
 10
-53.8908289133235
 20
-30.99366007006045
 30
0.0
  0
VERTEX
  5
2AD
330
2A7
100
AcDbEntity
  8
0
100
AcDbVertex
100
AcDb2dVertex
 10
-51.98737637491571
 20
-30.99675511483835
 30
0.0
  0
VERTEX
  5
2AE
330
2A7
100
AcDbEntity
  8
0
100
AcDbVertex
100
AcDb2dVertex
 10
-51.98737637491571
 20
-31.65909469730871
 30
0.0
  0
VERTEX
  5
2AF
330
2A7
100
AcDbEntity
  8
0
100
AcDbVertex
100
AcDb2dVertex
 10
-54.89981351091852
 20
-31.65909469730871
 30
0.0
  0
VERTEX
  5
2B0
330
2A7
100
AcDbEntity
  8
0
100
AcDbVertex
100
AcDb2dVertex
 10
-54.90290855569643
 20
-31.17936275673439
 30
0.0
  0
VERTEX
  5
2B1
330
2A7
100
AcDbEntity
  8
0
100
AcDbVertex
100
AcDb2dVertex
 10
-52.99945601728864
 20
-28.51452920296348
 30
0.0
  0
VERTEX
  5
2B2
330
2A7
100
AcDbEntity
  8
0
100
AcDbVertex
100
AcDb2dVertex
 10
-54.90600360047432
 20
-28.51143415818559
 30
0.0
  0
SEQEND
  5
2AA
330
2A7
100
AcDbEntity
  8
0
  0
POLYLINE
  5
2B3
330
70
100
AcDbEntity
  8
0
100
AcDb2dPolyline
 66
     1
 10
0.0
 20
0.0
 30
0.0
  0
VERTEX
  5
2B4
330
2B3
100
AcDbEntity
  8
0
100
AcDbVertex
100
AcDb2dVertex
 10
-105.2859996672093
 20
-89.34796786956221
 30
0.0
  0
VERTEX
  5
2B5
330
2B3
100
AcDbEntity
  8
0
100
AcDbVertex
100
AcDb2dVertex
 10
-104.5679492787367
 20
-89.47795975023396
 30
0.0
  0
VERTEX
  5
2B7
330
2B3
100
AcDbEntity
  8
0
100
AcDbVertex
100
AcDb2dVertex
 10
-104.7505569206328
 20
-91.4866438110903
 30
0.0
  0
VERTEX
  5
2B8
330
2B3
100
AcDbEntity
  8
0
100
AcDbVertex
100
AcDb2dVertex
 10
-107.0780305936127
 20
-91.4866438110903
 30
0.0
  0
VERTEX
  5
2B9
330
2B3
100
AcDbEntity
  8
0
100
AcDbVertex
100
AcDb2dVertex
 10
-107.0780305936127
 20
-90.82739927339785
 30
0.0
  0
VERTEX
  5
2BA
330
2B3
100
AcDbEntity
  8
0
100
AcDbVertex
100
AcDb2dVertex
 10
-105.4128965031031
 20
-90.82739927339785
 30
0.0
  0
VERTEX
  5
2BB
330
2B3
100
AcDbEntity
  8
0
100
AcDbVertex
100
AcDb2dVertex
 10
-105.3138550702104
 20
-89.874125481805
 30
0.0
  0
VERTEX
  5
2BC
330
2B3
100
AcDbEntity
  8
0
100
AcDbVertex
100
AcDb2dVertex
 10
-105.3386154284335
 20
-89.874125481805
 30
0.0
  0
SEQEND
  5
2B6
330
2B3
100
AcDbEntity
  8
0
  0
POLYLINE
  5
2BD
330
70
100
AcDbEntity
  8
0
100
AcDb2dPolyline
 66
     1
 10
0.0
 20
0.0
 30
0.0
 70
     1
  0
VERTEX
  5
2BE
330
2BD
100
AcDbEntity
  8
0
100
AcDbVertex
100
AcDb2dVertex
 10
-63.52068824398005
 20
-12.05159872041812
 30
0.0
  0
VERTEX
  5
2BF
330
2BD
100
AcDbEntity
  8
0
100
AcDbVertex
100
AcDb2dVertex
 10
-62.35385636271218
 20
-12.05469376519602
 30
0.0
  0
VERTEX
  5
2C1
330
2BD
100
AcDbEntity
  8
0
100
AcDbVertex
100
AcDb2dVertex
 10
-62.35385636271218
 20
-12.71703334766637
 30
0.0
  0
VERTEX
  5
2C2
330
2BD
100
AcDbEntity
  8
0
100
AcDbVertex
100
AcDb2dVertex
 10
-65.48294663316792
 20
-12.71703334766637
 30
0.0
  0
VERTEX
  5
2C3
330
2BD
100
AcDbEntity
  8
0
100
AcDbVertex
100
AcDb2dVertex
 10
-65.48294663316792
 20
-12.05159872041812
 30
0.0
  0
VERTEX
  5
2C4
330
2BD
100
AcDbEntity
  8
0
100
AcDbVertex
100
AcDb2dVertex
 10
-64.31611475190006
 20
-12.05469376519602
 30
0.0
  0
VERTEX
  5
2C5
330
2BD
100
AcDbEntity
  8
0
100
AcDbVertex
100
AcDb2dVertex
 10
-64.31611475190006
 20
-8.907033226072897
 30
0.0
  0
VERTEX
  5
2C6
330
2BD
100
AcDbEntity
  8
0
100
AcDbVertex
100
AcDb2dVertex
 10
-63.52068824398005
 20
-8.907033226072897
 30
0.0
  0
SEQEND
  5
2C0
330
2BD
100
AcDbEntity
  8
0
  0
POLYLINE
  5
2C7
330
70
100
AcDbEntity
  8
0
100
AcDb2dPolyline
 66
     1
 10
0.0
 20
0.0
 30
0.0
 70
     1
  0
VERTEX
  5
2C8
330
2C7
100
AcDbEntity
  8
0
100
AcDbVertex
100
AcDb2dVertex
 10
-261.5378980491453
 20
-31.40854999027451
 30
0.0
  0
VERTEX
  5
2C9
330
2C7
100
AcDbEntity
  8
0
100
AcDbVertex
100
AcDb2dVertex
 10
-260.3710661678774
 20
-31.41164503505241
 30
0.0
  0
VERTEX
  5
2CB
330
2C7
100
AcDbEntity
  8
0
100
AcDbVertex
100
AcDb2dVertex
 10
-260.3710661678774
 20
-32.07398461752276
 30
0.0
  0
VERTEX
  5
2CC
330
2C7
100
AcDbEntity
  8
0
100
AcDbVertex
100
AcDb2dVertex
 10
-263.5001564383331
 20
-32.07398461752276
 30
0.0
  0
VERTEX
  5
2CD
330
2C7
100
AcDbEntity
  8
0
100
AcDbVertex
100
AcDb2dVertex
 10
-263.5001564383331
 20
-31.40854999027451
 30
0.0
  0
VERTEX
  5
2CE
330
2C7
100
AcDbEntity
  8
0
100
AcDbVertex
100
AcDb2dVertex
 10
-262.3333245570652
 20
-31.41164503505241
 30
0.0
  0
VERTEX
  5
2CF
330
2C7
100
AcDbEntity
  8
0
100
AcDbVertex
100
AcDb2dVertex
 10
-262.3333245570652
 20
-28.26398449592929
 30
0.0
  0
VERTEX
  5
2D0
330
2C7
100
AcDbEntity
  8
0
100
AcDbVertex
100
AcDb2dVertex
 10
-261.5378980491453
 20
-28.26398449592929
 30
0.0
  0
SEQEND
  5
2CA
330
2C7
100
AcDbEntity
  8
0
  0
POLYLINE
  5
2D1
330
70
100
AcDbEntity
  8
0
100
AcDb2dPolyline
 66
     1
 10
0.0
 20
0.0
 30
0.0
 70
     1
  0
VERTEX
  5
2D2
330
2D1
100
AcDbEntity
  8
0
100
AcDbVertex
100
AcDb2dVertex
 10
-255.9822926728168
 20
-32.07398461752276
 30
0.0
  0
VERTEX
  5
2D3
330
2D1
100
AcDbEntity
  8
0
100
AcDbVertex
100
AcDb2dVertex
 10
-256.7870043150705
 20
-32.07398461752276
 30
0.0
  0
VERTEX
  5
2D5
330
2D1
100
AcDbEntity
  8
0
100
AcDbVertex
100
AcDb2dVertex
 10
-256.7870043150705
 20
-28.26398449592929
 30
0.0
  0
VERTEX
  5
2D6
330
2D1
100
AcDbEntity
  8
0
100
AcDbVertex
100
AcDb2dVertex
 10
-255.9853877175947
 20
-28.26398449592929
 30
0.0
  0
SEQEND
  5
2D4
330
2D1
100
AcDbEntity
  8
0
  0
POLYLINE
  5
2D7
330
70
100
AcDbEntity
  8
0
100
AcDb2dPolyline
 66
     1
 10
0.0
 20
0.0
 30
0.0
 70
     1
  0
VERTEX
  5
2D8
330
2D7
100
AcDbEntity
  8
0
100
AcDbVertex
100
AcDb2dVertex
 10
-263.7287176189163
 20
-11.68109500030935
 30
0.0
  0
VERTEX
  5
2D9
330
2D7
100
AcDbEntity
  8
0
100
AcDbVertex
100
AcDb2dVertex
 10
-262.5618857376485
 20
-11.68419004508725
 30
0.0
  0
VERTEX
  5
2DB
330
2D7
100
AcDbEntity
  8
0
100
AcDbVertex
100
AcDb2dVertex
 10
-262.5618857376485
 20
-12.3465296275576
 30
0.0
  0
VERTEX
  5
2DC
330
2D7
100
AcDbEntity
  8
0
100
AcDbVertex
100
AcDb2dVertex
 10
-265.6909760081043
 20
-12.3465296275576
 30
0.0
  0
VERTEX
  5
2DD
330
2D7
100
AcDbEntity
  8
0
100
AcDbVertex
100
AcDb2dVertex
 10
-265.6909760081043
 20
-11.68109500030935
 30
0.0
  0
VERTEX
  5
2DE
330
2D7
100
AcDbEntity
  8
0
100
AcDbVertex
100
AcDb2dVertex
 10
-264.5241441268364
 20
-11.68419004508725
 30
0.0
  0
VERTEX
  5
2DF
330
2D7
100
AcDbEntity
  8
0
100
AcDbVertex
100
AcDb2dVertex
 10
-264.5241441268364
 20
-8.536529505964127
 30
0.0
  0
VERTEX
  5
2E0
330
2D7
100
AcDbEntity
  8
0
100
AcDbVertex
100
AcDb2dVertex
 10
-263.7287176189163
 20
-8.536529505964127
 30
0.0
  0
SEQEND
  5
2DA
330
2D7
100
AcDbEntity
  8
0
  0
POLYLINE
  5
2E1
330
70
100
AcDbEntity
  8
0
100
AcDb2dPolyline
 66
     1
 10
0.0
 20
0.0
 30
0.0
  0
VERTEX
  5
2E2
330
2E1
100
AcDbEntity
  8
0
100
AcDbVertex
100
AcDb2dVertex
 10
-251.4455619285512
 20
-10.16579006891356
 30
0.0
  0
VERTEX
  5
2E3
330
2E1
100
AcDbEntity
  8
0
100
AcDbVertex
100
AcDb2dVertex
 10
-251.4455619285512
 20
-12.64182589123263
 30
0.0
  0
VERTEX
  5
2E5
330
2E1
100
AcDbEntity
  8
0
100
AcDbVertex
100
AcDb2dVertex
 10
-250.6408502862975
 20
-12.64182589123263
 30
0.0
  0
VERTEX
  5
2E6
330
2E1
100
AcDbEntity
  8
0
100
AcDbVertex
100
AcDb2dVertex
 10
-250.6408502862975
 20
-10.23697609880523
 30
0.0
  0
SEQEND
  5
2E4
330
2E1
100
AcDbEntity
  8
0
  0
POLYLINE
  5
2E7
330
70
100
AcDbEntity
  8
0
100
AcDb2dPolyline
 66
     1
 10
0.0
 20
0.0
 30
0.0
  0
VERTEX
  5
2E8
330
2E7
100
AcDbEntity
  8
0
100
AcDbVertex
100
AcDb2dVertex
 10
-249.0933278973481
 20
-10.23697609880523
 30
0.0
  0
VERTEX
  5
2E9
330
2E7
100
AcDbEntity
  8
0
100
AcDbVertex
100
AcDb2dVertex
 10
-249.0933278973481
 20
-12.64182589123263
 30
0.0
  0
VERTEX
  5
2EB
330
2E7
100
AcDbEntity
  8
0
100
AcDbVertex
100
AcDb2dVertex
 10
-248.2886162550944
 20
-12.64182589123263
 30
0.0
  0
VERTEX
  5
2EC
330
2E7
100
AcDbEntity
  8
0
100
AcDbVertex
100
AcDb2dVertex
 10
-248.2886162550944
 20
-10.16579006891356
 30
0.0
  0
SEQEND
  5
2EA
330
2E7
100
AcDbEntity
  8
0
  0
POLYLINE
  5
2ED
330
70
100
AcDbEntity
  8
0
100
AcDb2dPolyline
 66
     1
 10
0.0
 20
0.0
 30
0.0
 70
     1
  0
VERTEX
  5
2EE
330
2ED
100
AcDbEntity
  8
0
100
AcDbVertex
100
AcDb2dVertex
 10
-243.8069914166969
 20
-8.831825769639156
 30
0.0
  0
VERTEX
  5
2EF
330
2ED
100
AcDbEntity
  8
0
100
AcDbVertex
100
AcDb2dVertex
 10
-241.2350092062629
 20
-8.831825769639156
 30
0.0
  0
VERTEX
  5
2F1
330
2ED
100
AcDbEntity
  8
0
100
AcDbVertex
100
AcDb2dVertex
 10
-241.2319141614851
 20
-12.64182589123263
 30
0.0
  0
VERTEX
  5
2F2
330
2ED
100
AcDbEntity
  8
0
100
AcDbVertex
100
AcDb2dVertex
 10
-243.7977062823632
 20
-12.64182589123263
 30
0.0
  0
VERTEX
  5
2F3
330
2ED
100
AcDbEntity
  8
0
100
AcDbVertex
100
AcDb2dVertex
 10
-243.7977062823632
 20
-11.97639126398438
 30
0.0
  0
VERTEX
  5
2F4
330
2ED
100
AcDbEntity
  8
0
100
AcDbVertex
100
AcDb2dVertex
 10
-242.0366258037387
 20
-11.97948630876228
 30
0.0
  0
VERTEX
  5
2F5
330
2ED
100
AcDbEntity
  8
0
100
AcDbVertex
100
AcDb2dVertex
 10
-242.0366258037387
 20
-11.06954314406002
 30
0.0
  0
VERTEX
  5
2F6
330
2ED
100
AcDbEntity
  8
0
100
AcDbVertex
100
AcDb2dVertex
 10
-243.6646193569135
 20
-11.06954314406002
 30
0.0
  0
VERTEX
  5
2F7
330
2ED
100
AcDbEntity
  8
0
100
AcDbVertex
100
AcDb2dVertex
 10
-243.6646193569135
 20
-10.40410851681176
 30
0.0
  0
VERTEX
  5
2F8
330
2ED
100
AcDbEntity
  8
0
100
AcDbVertex
100
AcDb2dVertex
 10
-242.0366258037387
 20
-10.40720356158966
 30
0.0
  0
VERTEX
  5
2F9
330
2ED
100
AcDbEntity
  8
0
100
AcDbVertex
100
AcDb2dVertex
 10
-242.0366258037387
 20
-9.497260396887408
 30
0.0
  0
VERTEX
  5
2FA
330
2ED
100
AcDbEntity
  8
0
100
AcDbVertex
100
AcDb2dVertex
 10
-243.8069914166969
 20
-9.494165352109508
 30
0.0
  0
SEQEND
  5
2F0
330
2ED
100
AcDbEntity
  8
0
  0
POLYLINE
  5
2FB
330
70
100
AcDbEntity
  8
0
100
AcDb2dPolyline
 66
     1
 10
0.0
 20
0.0
 30
0.0
 70
     1
  0
VERTEX
  5
2FC
330
2FB
100
AcDbEntity
  8
0
100
AcDbVertex
100
AcDb2dVertex
 10
-226.7195906986867
 20
-12.59957985815362
 30
0.0
  0
VERTEX
  5
2FD
330
2FB
100
AcDbEntity
  8
0
100
AcDbVertex
100
AcDb2dVertex
 10
-227.5212072961625
 20
-12.59957985815362
 30
0.0
  0
VERTEX
  5
2FF
330
2FB
100
AcDbEntity
  8
0
100
AcDbVertex
100
AcDb2dVertex
 10
-227.5212072961625
 20
-8.789579736560142
 30
0.0
  0
VERTEX
  5
300
330
2FB
100
AcDbEntity
  8
0
100
AcDbVertex
100
AcDb2dVertex
 10
-226.8279172659132
 20
-8.789579736560142
 30
0.0
  0
VERTEX
  5
301
330
2FB
100
AcDbEntity
  8
0
100
AcDbVertex
100
AcDb2dVertex
 10
-225.1689732649594
 20
-11.18823943943175
 30
0.0
  0
VERTEX
  5
302
330
2FB
100
AcDbEntity
  8
0
100
AcDbVertex
100
AcDb2dVertex
 10
-225.1411178619583
 20
-11.18823943943175
 30
0.0
  0
VERTEX
  5
303
330
2FB
100
AcDbEntity
  8
0
100
AcDbVertex
100
AcDb2dVertex
 10
-225.1411178619583
 20
-8.789579736560142
 30
0.0
  0
VERTEX
  5
304
330
2FB
100
AcDbEntity
  8
0
100
AcDbVertex
100
AcDb2dVertex
 10
-224.3395012644825
 20
-8.789579736560142
 30
0.0
  0
VERTEX
  5
305
330
2FB
100
AcDbEntity
  8
0
100
AcDbVertex
100
AcDb2dVertex
 10
-224.3364062197046
 20
-12.59957985815362
 30
0.0
  0
VERTEX
  5
306
330
2FB
100
AcDbEntity
  8
0
100
AcDbVertex
100
AcDb2dVertex
 10
-225.0420764290655
 20
-12.59957985815362
 30
0.0
  0
VERTEX
  5
307
330
2FB
100
AcDbEntity
  8
0
100
AcDbVertex
100
AcDb2dVertex
 10
-226.6855452061298
 20
-10.20401520005991
 30
0.0
  0
VERTEX
  5
308
330
2FB
100
AcDbEntity
  8
0
100
AcDbVertex
100
AcDb2dVertex
 10
-226.7195906986867
 20
-10.20401520005991
 30
0.0
  0
SEQEND
  5
2FE
330
2FB
100
AcDbEntity
  8
0
  0
POLYLINE
  5
309
330
70
100
AcDbEntity
  8
0
100
AcDb2dPolyline
 66
     1
 10
0.0
 20
0.0
 30
0.0
 70
     1
  0
VERTEX
  5
30A
330
309
100
AcDbEntity
  8
0
100
AcDbVertex
100
AcDb2dVertex
 10
-225.2175965685019
 20
-34.18609017738999
 30
0.0
  0
VERTEX
  5
30B
330
309
100
AcDbEntity
  8
0
100
AcDbVertex
100
AcDb2dVertex
 10
-225.8985064196397
 20
-34.18609017738999
 30
0.0
  0
VERTEX
  5
30D
330
309
100
AcDbEntity
  8
0
100
AcDbVertex
100
AcDb2dVertex
 10
-224.6728686875917
 20
-29.62708921954499
 30
0.0
  0
VERTEX
  5
30E
330
309
100
AcDbEntity
  8
0
100
AcDbVertex
100
AcDb2dVertex
 10
-223.9888637916761
 20
-29.62708921954499
 30
0.0
  0
SEQEND
  5
30C
330
309
100
AcDbEntity
  8
0
  0
POLYLINE
  5
30F
330
70
100
AcDbEntity
  8
0
100
AcDb2dPolyline
 66
     1
 10
0.0
 20
0.0
 30
0.0
  0
VERTEX
  5
310
330
30F
100
AcDbEntity
  8
0
100
AcDbVertex
100
AcDb2dVertex
 10
-225.174265958074
 20
-26.29533434180532
 30
0.0
  0
VERTEX
  5
311
330
30F
100
AcDbEntity
  8
0
100
AcDbVertex
100
AcDb2dVertex
 10
-225.174265958074
 20
-26.23343344624734
 30
0.0
  0
VERTEX
  5
313
330
30F
100
AcDbEntity
  8
0
100
AcDbVertex
100
AcDb2dVertex
 10
-224.4685957487131
 20
-26.23343344624734
 30
0.0
  0
VERTEX
  5
314
330
30F
100
AcDbEntity
  8
0
100
AcDbVertex
100
AcDb2dVertex
 10
-224.4685957487131
 20
-26.29533434180532
 30
0.0
  0
SEQEND
  5
312
330
30F
100
AcDbEntity
  8
0
  0
POLYLINE
  5
315
330
70
100
AcDbEntity
  8
0
100
AcDb2dPolyline
 66
     1
 10
0.0
 20
0.0
 30
0.0
 70
     1
  0
VERTEX
  5
316
330
315
100
AcDbEntity
  8
0
100
AcDbVertex
100
AcDb2dVertex
 10
-222.0770235318385
 20
-8.789579736560142
 30
0.0
  0
VERTEX
  5
317
330
315
100
AcDbEntity
  8
0
100
AcDbVertex
100
AcDb2dVertex
 10
-221.2754069343626
 20
-8.789579736560142
 30
0.0
  0
VERTEX
  5
319
330
315
100
AcDbEntity
  8
0
100
AcDbVertex
100
AcDb2dVertex
 10
-221.2723118895847
 20
-12.59957985815362
 30
0.0
  0
VERTEX
  5
31A
330
315
100
AcDbEntity
  8
0
100
AcDbVertex
100
AcDb2dVertex
 10
-223.7916783387944
 20
-12.59957985815362
 30
0.0
  0
VERTEX
  5
31B
330
315
100
AcDbEntity
  8
0
100
AcDbVertex
100
AcDb2dVertex
 10
-223.7947733835723
 20
-11.93414523090536
 30
0.0
  0
VERTEX
  5
31C
330
315
100
AcDbEntity
  8
0
100
AcDbVertex
100
AcDb2dVertex
 10
-222.0770235318385
 20
-11.93724027568326
 30
0.0
  0
VERTEX
  5
31D
330
315
100
AcDbEntity
  8
0
100
AcDbVertex
100
AcDb2dVertex
 10
-222.0770235318385
 20
-11.027297110981
 30
0.0
  0
VERTEX
  5
31E
330
315
100
AcDbEntity
  8
0
100
AcDbVertex
100
AcDb2dVertex
 10
-223.6276409655657
 20
-11.027297110981
 30
0.0
  0
VERTEX
  5
31F
330
315
100
AcDbEntity
  8
0
100
AcDbVertex
100
AcDb2dVertex
 10
-223.6276409655657
 20
-10.36186248373275
 30
0.0
  0
VERTEX
  5
320
330
315
100
AcDbEntity
  8
0
100
AcDbVertex
100
AcDb2dVertex
 10
-222.0770235318385
 20
-10.36495752851065
 30
0.0
  0
SEQEND
  5
318
330
315
100
AcDbEntity
  8
0
  0
POLYLINE
  5
321
330
70
100
AcDbEntity
  8
0
100
AcDb2dPolyline
 66
     1
 10
0.0
 20
0.0
 30
0.0
 70
     1
  0
VERTEX
  5
322
330
321
100
AcDbEntity
  8
0
100
AcDbVertex
100
AcDb2dVertex
 10
-236.4407848452976
 20
-8.831825769639156
 30
0.0
  0
VERTEX
  5
323
330
321
100
AcDbEntity
  8
0
100
AcDbVertex
100
AcDb2dVertex
 10
-236.4407848452976
 20
-12.64182589123263
 30
0.0
  0
VERTEX
  5
325
330
321
100
AcDbEntity
  8
0
100
AcDbVertex
100
AcDb2dVertex
 10
-237.4342942190032
 20
-12.64182589123263
 30
0.0
  0
VERTEX
  5
326
330
321
100
AcDbEntity
  8
0
100
AcDbVertex
100
AcDb2dVertex
 10
-238.4835143987109
 20
-10.08222385991029
 30
0.0
  0
VERTEX
  5
327
330
321
100
AcDbEntity
  8
0
100
AcDbVertex
100
AcDb2dVertex
 10
-238.5268450256015
 20
-10.08222385991029
 30
0.0
  0
VERTEX
  5
328
330
321
100
AcDbEntity
  8
0
100
AcDbVertex
100
AcDb2dVertex
 10
-239.5760652053092
 20
-12.64182589123263
 30
0.0
  0
VERTEX
  5
329
330
321
100
AcDbEntity
  8
0
100
AcDbVertex
100
AcDb2dVertex
 10
-240.5695745790147
 20
-12.64182589123263
 30
0.0
  0
VERTEX
  5
32A
330
321
100
AcDbEntity
  8
0
100
AcDbVertex
100
AcDb2dVertex
 10
-240.5695745790147
 20
-8.831825769639156
 30
0.0
  0
VERTEX
  5
32B
330
321
100
AcDbEntity
  8
0
100
AcDbVertex
100
AcDb2dVertex
 10
-239.7865282502063
 20
-8.831825769639156
 30
0.0
  0
VERTEX
  5
32C
330
321
100
AcDbEntity
  8
0
100
AcDbVertex
100
AcDb2dVertex
 10
-239.7865282502063
 20
-11.31095663673613
 30
0.0
  0
VERTEX
  5
32D
330
321
100
AcDbEntity
  8
0
100
AcDbVertex
100
AcDb2dVertex
 10
-239.7555778024273
 20
-11.31095663673613
 30
0.0
  0
VERTEX
  5
32E
330
321
100
AcDbEntity
  8
0
100
AcDbVertex
100
AcDb2dVertex
 10
-238.7713535630555
 20
-8.850396038306548
 30
0.0
  0
VERTEX
  5
32F
330
321
100
AcDbEntity
  8
0
100
AcDbVertex
100
AcDb2dVertex
 10
-238.2390058612569
 20
-8.850396038306548
 30
0.0
  0
VERTEX
  5
330
330
321
100
AcDbEntity
  8
0
100
AcDbVertex
100
AcDb2dVertex
 10
-237.2547816218851
 20
-11.32024177106982
 30
0.0
  0
VERTEX
  5
331
330
321
100
AcDbEntity
  8
0
100
AcDbVertex
100
AcDb2dVertex
 10
-237.2207361293282
 20
-11.32024177106982
 30
0.0
  0
VERTEX
  5
332
330
321
100
AcDbEntity
  8
0
100
AcDbVertex
100
AcDb2dVertex
 10
-237.2207361293282
 20
-8.831825769639156
 30
0.0
  0
SEQEND
  5
324
330
321
100
AcDbEntity
  8
0
  0
POLYLINE
  5
333
330
70
100
AcDbEntity
  8
0
100
AcDb2dPolyline
 66
     1
 10
0.0
 20
0.0
 30
0.0
 70
     1
  0
VERTEX
  5
334
330
333
100
AcDbEntity
  8
0
100
AcDbVertex
100
AcDb2dVertex
 10
-246.8215650303704
 20
-12.64182589123263
 30
0.0
  0
VERTEX
  5
335
330
333
100
AcDbEntity
  8
0
100
AcDbVertex
100
AcDb2dVertex
 10
-247.6231816278462
 20
-12.64182589123263
 30
0.0
  0
VERTEX
  5
337
330
333
100
AcDbEntity
  8
0
100
AcDbVertex
100
AcDb2dVertex
 10
-247.6231816278462
 20
-8.831825769639156
 30
0.0
  0
VERTEX
  5
338
330
333
100
AcDbEntity
  8
0
100
AcDbVertex
100
AcDb2dVertex
 10
-246.9298915975968
 20
-8.831825769639156
 30
0.0
  0
VERTEX
  5
339
330
333
100
AcDbEntity
  8
0
100
AcDbVertex
100
AcDb2dVertex
 10
-245.2709475966431
 20
-11.23048547251076
 30
0.0
  0
VERTEX
  5
33A
330
333
100
AcDbEntity
  8
0
100
AcDbVertex
100
AcDb2dVertex
 10
-245.243092193642
 20
-11.23048547251076
 30
0.0
  0
VERTEX
  5
33B
330
333
100
AcDbEntity
  8
0
100
AcDbVertex
100
AcDb2dVertex
 10
-245.243092193642
 20
-8.831825769639156
 30
0.0
  0
VERTEX
  5
33C
330
333
100
AcDbEntity
  8
0
100
AcDbVertex
100
AcDb2dVertex
 10
-244.4414755961661
 20
-8.831825769639156
 30
0.0
  0
VERTEX
  5
33D
330
333
100
AcDbEntity
  8
0
100
AcDbVertex
100
AcDb2dVertex
 10
-244.4383805513882
 20
-12.64182589123263
 30
0.0
  0
VERTEX
  5
33E
330
333
100
AcDbEntity
  8
0
100
AcDbVertex
100
AcDb2dVertex
 10
-245.1440507607492
 20
-12.64182589123263
 30
0.0
  0
VERTEX
  5
33F
330
333
100
AcDbEntity
  8
0
100
AcDbVertex
100
AcDb2dVertex
 10
-246.7875195378135
 20
-10.24626123313892
 30
0.0
  0
VERTEX
  5
340
330
333
100
AcDbEntity
  8
0
100
AcDbVertex
100
AcDb2dVertex
 10
-246.8215650303704
 20
-10.24626123313892
 30
0.0
  0
SEQEND
  5
336
330
333
100
AcDbEntity
  8
0
  0
POLYLINE
  5
341
330
70
100
AcDbEntity
  8
0
100
AcDb2dPolyline
 66
     1
 10
0.0
 20
0.0
 30
0.0
  0
VERTEX
  5
342
330
341
100
AcDbEntity
  8
0
100
AcDbVertex
100
AcDb2dVertex
 10
-267.1921742599458
 20
-10.12790150797116
 30
0.0
  0
VERTEX
  5
343
330
341
100
AcDbEntity
  8
0
100
AcDbVertex
100
AcDb2dVertex
 10
-267.0353602305508
 20
-10.12790150797116
 30
0.0
  0
VERTEX
  5
345
330
341
100
AcDbEntity
  8
0
100
AcDbVertex
100
AcDb2dVertex
 10
-267.0353602305508
 20
-8.536529505964127
 30
0.0
  0
VERTEX
  5
346
330
341
100
AcDbEntity
  8
0
100
AcDbVertex
100
AcDb2dVertex
 10
-266.2658099011131
 20
-8.536529505964127
 30
0.0
  0
VERTEX
  5
347
330
341
100
AcDbEntity
  8
0
100
AcDbVertex
100
AcDb2dVertex
 10
-266.2658099011131
 20
-12.3465296275576
 30
0.0
  0
VERTEX
  5
348
330
341
100
AcDbEntity
  8
0
100
AcDbVertex
100
AcDb2dVertex
 10
-267.8862215381933
 20
-12.3465296275576
 30
0.0
  0
SEQEND
  5
344
330
341
100
AcDbEntity
  8
0
  0
POLYLINE
  5
349
330
70
100
AcDbEntity
  8
0
100
AcDb2dPolyline
 66
     1
 10
0.0
 20
0.0
 30
0.0
  0
VERTEX
  5
34A
330
349
100
AcDbEntity
  8
0
100
AcDbVertex
100
AcDb2dVertex
 10
-269.2307566420788
 20
-9.279944163836026
 30
0.0
  0
VERTEX
  5
34B
330
349
100
AcDbEntity
  8
0
100
AcDbVertex
100
AcDb2dVertex
 10
-269.6953908032488
 20
-8.536529505964127
 30
0.0
  0
VERTEX
  5
34D
330
349
100
AcDbEntity
  8
0
100
AcDbVertex
100
AcDb2dVertex
 10
-268.7748343714308
 20
-8.536529505964127
 30
0.0
  0
VERTEX
  5
34E
330
349
100
AcDbEntity
  8
0
100
AcDbVertex
100
AcDb2dVertex
 10
-268.2201773415342
 20
-9.367063069055387
 30
0.0
  0
SEQEND
  5
34C
330
349
100
AcDbEntity
  8
0
  0
POLYLINE
  5
34F
330
70
100
AcDbEntity
  8
0
100
AcDb2dPolyline
 66
     1
 10
0.0
 20
0.0
 30
0.0
 70
     1
  0
VERTEX
  5
350
330
34F
100
AcDbEntity
  8
0
100
AcDbVertex
100
AcDb2dVertex
 10
-272.491591546491
 20
-8.536529505964127
 30
0.0
  0
VERTEX
  5
351
330
34F
100
AcDbEntity
  8
0
100
AcDbVertex
100
AcDb2dVertex
 10
-270.0557913062846
 20
-8.536529505964127
 30
0.0
  0
VERTEX
  5
353
330
34F
100
AcDbEntity
  8
0
100
AcDbVertex
100
AcDb2dVertex
 10
-270.0526962615067
 20
-12.3465296275576
 30
0.0
  0
VERTEX
  5
354
330
34F
100
AcDbEntity
  8
0
100
AcDbVertex
100
AcDb2dVertex
 10
-270.8574079037604
 20
-12.3465296275576
 30
0.0
  0
VERTEX
  5
355
330
34F
100
AcDbEntity
  8
0
100
AcDbVertex
100
AcDb2dVertex
 10
-270.8574079037604
 20
-9.201964133212378
 30
0.0
  0
VERTEX
  5
356
330
34F
100
AcDbEntity
  8
0
100
AcDbVertex
100
AcDb2dVertex
 10
-272.4884965017131
 20
-9.198869088434481
 30
0.0
  0
SEQEND
  5
352
330
34F
100
AcDbEntity
  8
0
  0
POLYLINE
  5
357
330
70
100
AcDbEntity
  8
0
100
AcDb2dPolyline
 66
     1
 10
0.0
 20
0.0
 30
0.0
 70
     1
  0
VERTEX
  5
358
330
357
100
AcDbEntity
  8
0
100
AcDbVertex
100
AcDb2dVertex
 10
-252.8810578053622
 20
-28.26398449592929
 30
0.0
  0
VERTEX
  5
359
330
357
100
AcDbEntity
  8
0
100
AcDbVertex
100
AcDb2dVertex
 10
-252.0794412078864
 20
-28.26398449592929
 30
0.0
  0
VERTEX
  5
35B
330
357
100
AcDbEntity
  8
0
100
AcDbVertex
100
AcDb2dVertex
 10
-252.0763461631085
 20
-32.07398461752276
 30
0.0
  0
VERTEX
  5
35C
330
357
100
AcDbEntity
  8
0
100
AcDbVertex
100
AcDb2dVertex
 10
-252.8810578053622
 20
-32.07398461752276
 30
0.0
  0
VERTEX
  5
35D
330
357
100
AcDbEntity
  8
0
100
AcDbVertex
100
AcDb2dVertex
 10
-252.8810578053622
 20
-30.50170187035015
 30
0.0
  0
VERTEX
  5
35E
330
357
100
AcDbEntity
  8
0
100
AcDbVertex
100
AcDb2dVertex
 10
-254.5152414480928
 20
-30.50170187035015
 30
0.0
  0
VERTEX
  5
35F
330
357
100
AcDbEntity
  8
0
100
AcDbVertex
100
AcDb2dVertex
 10
-254.5152414480928
 20
-32.07398461752276
 30
0.0
  0
VERTEX
  5
360
330
357
100
AcDbEntity
  8
0
100
AcDbVertex
100
AcDb2dVertex
 10
-255.3199530903465
 20
-32.07398461752276
 30
0.0
  0
VERTEX
  5
361
330
357
100
AcDbEntity
  8
0
100
AcDbVertex
100
AcDb2dVertex
 10
-255.3199530903465
 20
-28.26398449592929
 30
0.0
  0
VERTEX
  5
362
330
357
100
AcDbEntity
  8
0
100
AcDbVertex
100
AcDb2dVertex
 10
-254.5152414480928
 20
-28.26398449592929
 30
0.0
  0
VERTEX
  5
363
330
357
100
AcDbEntity
  8
0
100
AcDbVertex
100
AcDb2dVertex
 10
-254.5152414480928
 20
-29.8362672431019
 30
0.0
  0
VERTEX
  5
364
330
357
100
AcDbEntity
  8
0
100
AcDbVertex
100
AcDb2dVertex
 10
-252.8810578053622
 20
-29.8393622878798
 30
0.0
  0
SEQEND
  5
35A
330
357
100
AcDbEntity
  8
0
  0
POLYLINE
  5
365
330
70
100
AcDbEntity
  8
0
100
AcDb2dPolyline
 66
     1
 10
0.0
 20
0.0
 30
0.0
 70
     1
  0
VERTEX
  5
366
330
365
100
AcDbEntity
  8
0
100
AcDbVertex
100
AcDb2dVertex
 10
-258.2571505845725
 20
-28.26398449592929
 30
0.0
  0
VERTEX
  5
367
330
365
100
AcDbEntity
  8
0
100
AcDbVertex
100
AcDb2dVertex
 10
-257.4555339870967
 20
-28.26398449592929
 30
0.0
  0
VERTEX
  5
369
330
365
100
AcDbEntity
  8
0
100
AcDbVertex
100
AcDb2dVertex
 10
-257.4524389423187
 20
-32.07398461752276
 30
0.0
  0
VERTEX
  5
36A
330
365
100
AcDbEntity
  8
0
100
AcDbVertex
100
AcDb2dVertex
 10
-259.9718053915284
 20
-32.07398461752276
 30
0.0
  0
VERTEX
  5
36B
330
365
100
AcDbEntity
  8
0
100
AcDbVertex
100
AcDb2dVertex
 10
-259.9749004363064
 20
-31.40854999027451
 30
0.0
  0
VERTEX
  5
36C
330
365
100
AcDbEntity
  8
0
100
AcDbVertex
100
AcDb2dVertex
 10
-258.2571505845725
 20
-31.41164503505241
 30
0.0
  0
VERTEX
  5
36D
330
365
100
AcDbEntity
  8
0
100
AcDbVertex
100
AcDb2dVertex
 10
-258.2571505845725
 20
-30.50170187035015
 30
0.0
  0
VERTEX
  5
36E
330
365
100
AcDbEntity
  8
0
100
AcDbVertex
100
AcDb2dVertex
 10
-259.8077680182998
 20
-30.50170187035015
 30
0.0
  0
VERTEX
  5
36F
330
365
100
AcDbEntity
  8
0
100
AcDbVertex
100
AcDb2dVertex
 10
-259.8077680182998
 20
-29.8362672431019
 30
0.0
  0
VERTEX
  5
370
330
365
100
AcDbEntity
  8
0
100
AcDbVertex
100
AcDb2dVertex
 10
-258.2571505845725
 20
-29.8393622878798
 30
0.0
  0
SEQEND
  5
368
330
365
100
AcDbEntity
  8
0
  0
POLYLINE
  5
371
330
70
100
AcDbEntity
  8
0
100
AcDb2dPolyline
 66
     1
 10
0.0
 20
0.0
 30
0.0
 70
     1
  0
VERTEX
  5
372
330
371
100
AcDbEntity
  8
0
100
AcDbVertex
100
AcDb2dVertex
 10
-57.92732593046118
 20
-9.776740808662472
 30
0.0
  0
VERTEX
  5
373
330
371
100
AcDbEntity
  8
0
100
AcDbVertex
100
AcDb2dVertex
 10
-56.55218025035377
 20
-9.776740808662472
 30
0.0
  0
VERTEX
  5
375
330
371
100
AcDbEntity
  8
0
100
AcDbVertex
100
AcDb2dVertex
 10
-56.26899832936307
 20
-8.907033226072897
 30
0.0
  0
VERTEX
  5
376
330
371
100
AcDbEntity
  8
0
100
AcDbVertex
100
AcDb2dVertex
 10
-55.40548083632929
 20
-8.907033226072897
 30
0.0
  0
VERTEX
  5
377
330
371
100
AcDbEntity
  8
0
100
AcDbVertex
100
AcDb2dVertex
 10
-56.7208748669363
 20
-12.71703334766637
 30
0.0
  0
VERTEX
  5
378
330
371
100
AcDbEntity
  8
0
100
AcDbVertex
100
AcDb2dVertex
 10
-57.75771486753242
 20
-12.71703334766637
 30
0.0
  0
VERTEX
  5
379
330
371
100
AcDbEntity
  8
0
100
AcDbVertex
100
AcDb2dVertex
 10
-59.07310889813942
 20
-8.907033226072897
 30
0.0
  0
VERTEX
  5
37A
330
371
100
AcDbEntity
  8
0
100
AcDbVertex
100
AcDb2dVertex
 10
-58.20959140510564
 20
-8.907033226072897
 30
0.0
  0
SEQEND
  5
374
330
371
100
AcDbEntity
  8
0
  0
POLYLINE
  5
37B
330
70
100
AcDbEntity
  8
0
100
AcDb2dPolyline
 66
     1
 10
0.0
 20
0.0
 30
0.0
 70
     1
  0
VERTEX
  5
37C
330
37B
100
AcDbEntity
  8
0
100
AcDbVertex
100
AcDb2dVertex
 10
-61.96697576547484
 20
-8.907033226072897
 30
0.0
  0
VERTEX
  5
37D
330
37B
100
AcDbEntity
  8
0
100
AcDbVertex
100
AcDb2dVertex
 10
-59.53117552526845
 20
-8.907033226072897
 30
0.0
  0
VERTEX
  5
37F
330
37B
100
AcDbEntity
  8
0
100
AcDbVertex
100
AcDb2dVertex
 10
-59.52808048049056
 20
-12.71703334766637
 30
0.0
  0
VERTEX
  5
380
330
37B
100
AcDbEntity
  8
0
100
AcDbVertex
100
AcDb2dVertex
 10
-60.33279212274425
 20
-12.71703334766637
 30
0.0
  0
VERTEX
  5
381
330
37B
100
AcDbEntity
  8
0
100
AcDbVertex
100
AcDb2dVertex
 10
-60.33279212274425
 20
-9.57246785332115
 30
0.0
  0
VERTEX
  5
382
330
37B
100
AcDbEntity
  8
0
100
AcDbVertex
100
AcDb2dVertex
 10
-61.96388072069694
 20
-9.569372808543249
 30
0.0
  0
SEQEND
  5
37E
330
37B
100
AcDbEntity
  8
0
  0
POLYLINE
  5
383
330
70
100
AcDbEntity
  8
0
100
AcDb2dPolyline
 66
     1
 10
0.0
 20
0.0
 30
0.0
 70
     1
  0
VERTEX
  5
384
330
383
100
AcDbEntity
  8
0
100
AcDbVertex
100
AcDb2dVertex
 10
-100.7030000492133
 20
-47.21204684303793
 30
0.0
  0
VERTEX
  5
385
330
383
100
AcDbEntity
  8
0
100
AcDbVertex
100
AcDb2dVertex
 10
-99.90138345173756
 20
-47.21204684303793
 30
0.0
  0
VERTEX
  5
387
330
383
100
AcDbEntity
  8
0
100
AcDbVertex
100
AcDb2dVertex
 10
-99.89828840695967
 20
-51.0220469646314
 30
0.0
  0
VERTEX
  5
388
330
383
100
AcDbEntity
  8
0
100
AcDbVertex
100
AcDb2dVertex
 10
-102.4176548561693
 20
-51.0220469646314
 30
0.0
  0
VERTEX
  5
389
330
383
100
AcDbEntity
  8
0
100
AcDbVertex
100
AcDb2dVertex
 10
-102.4207499009472
 20
-50.35661233738316
 30
0.0
  0
VERTEX
  5
38A
330
383
100
AcDbEntity
  8
0
100
AcDbVertex
100
AcDb2dVertex
 10
-100.7030000492133
 20
-50.35970738216106
 30
0.0
  0
VERTEX
  5
38B
330
383
100
AcDbEntity
  8
0
100
AcDbVertex
100
AcDb2dVertex
 10
-100.7030000492133
 20
-49.44976421745879
 30
0.0
  0
VERTEX
  5
38C
330
383
100
AcDbEntity
  8
0
100
AcDbVertex
100
AcDb2dVertex
 10
-102.2536174829407
 20
-49.44976421745879
 30
0.0
  0
VERTEX
  5
38D
330
383
100
AcDbEntity
  8
0
100
AcDbVertex
100
AcDb2dVertex
 10
-102.2536174829407
 20
-48.78432959021054
 30
0.0
  0
VERTEX
  5
38E
330
383
100
AcDbEntity
  8
0
100
AcDbVertex
100
AcDb2dVertex
 10
-100.7030000492133
 20
-48.78742463498845
 30
0.0
  0
SEQEND
  5
386
330
383
100
AcDbEntity
  8
0
  0
POLYLINE
  5
38F
330
70
100
AcDbEntity
  8
0
100
AcDb2dPolyline
 66
     1
 10
0.0
 20
0.0
 30
0.0
 70
     1
  0
VERTEX
  5
390
330
38F
100
AcDbEntity
  8
0
100
AcDbVertex
100
AcDb2dVertex
 10
-104.776864897237
 20
-82.56833310924323
 30
0.0
  0
VERTEX
  5
391
330
38F
100
AcDbEntity
  8
0
100
AcDbVertex
100
AcDb2dVertex
 10
-104.2878478223289
 20
-82.56833310924323
 30
0.0
  0
VERTEX
  5
393
330
38F
100
AcDbEntity
  8
0
100
AcDbVertex
100
AcDb2dVertex
 10
-106.9062557044314
 20
-86.3783332308367
 30
0.0
  0
VERTEX
  5
394
330
38F
100
AcDbEntity
  8
0
100
AcDbVertex
100
AcDb2dVertex
 10
-107.3952727793394
 20
-86.3783332308367
 30
0.0
  0
SEQEND
  5
392
330
38F
100
AcDbEntity
  8
0
  0
POLYLINE
  5
395
330
70
100
AcDbEntity
  8
0
100
AcDb2dPolyline
 66
     1
 10
0.0
 20
0.0
 30
0.0
  0
VERTEX
  5
396
330
395
100
AcDbEntity
  8
0
100
AcDbVertex
100
AcDb2dVertex
 10
-81.89537144516862
 20
-47.14681759420453
 30
0.0
  0
VERTEX
  5
397
330
395
100
AcDbEntity
  8
0
100
AcDbVertex
100
AcDb2dVertex
 10
-80.70358858703647
 20
-47.14681759420453
 30
0.0
  0
VERTEX
  5
399
330
395
100
AcDbEntity
  8
0
100
AcDbVertex
100
AcDb2dVertex
 10
-80.70358858703647
 20
-50.95681771579801
 30
0.0
  0
VERTEX
  5
39A
330
395
100
AcDbEntity
  8
0
100
AcDbVertex
100
AcDb2dVertex
 10
-81.88302136373719
 20
-50.95681771579801
 30
0.0
  0
SEQEND
  5
398
330
395
100
AcDbEntity
  8
0
  0
POLYLINE
  5
39B
330
70
100
AcDbEntity
  8
0
100
AcDb2dPolyline
 66
     1
 10
0.0
 20
0.0
 30
0.0
 70
     1
  0
VERTEX
  5
39C
330
39B
100
AcDbEntity
  8
0
100
AcDbVertex
100
AcDb2dVertex
 10
-88.12153673738556
 20
-91.87518025311758
 30
0.0
  0
VERTEX
  5
39D
330
39B
100
AcDbEntity
  8
0
100
AcDbVertex
100
AcDb2dVertex
 10
-88.12153673738556
 20
-89.3805741621311
 30
0.0
  0
VERTEX
  5
39F
330
39B
100
AcDbEntity
  8
0
100
AcDbVertex
100
AcDb2dVertex
 10
-88.5919835436262
 20
-89.3805741621311
 30
0.0
  0
VERTEX
  5
3A0
330
39B
100
AcDbEntity
  8
0
100
AcDbVertex
100
AcDb2dVertex
 10
-88.5919835436262
 20
-88.73370980355025
 30
0.0
  0
VERTEX
  5
3A1
330
39B
100
AcDbEntity
  8
0
100
AcDbVertex
100
AcDb2dVertex
 10
-88.12153673738556
 20
-88.73370980355025
 30
0.0
  0
VERTEX
  5
3A2
330
39B
100
AcDbEntity
  8
0
100
AcDbVertex
100
AcDb2dVertex
 10
-88.12153673738556
 20
-88.06518013152411
 30
0.0
  0
VERTEX
  5
3A3
330
39B
100
AcDbEntity
  8
0
100
AcDbVertex
100
AcDb2dVertex
 10
-87.35087058768876
 20
-88.06518013152411
 30
0.0
  0
VERTEX
  5
3A4
330
39B
100
AcDbEntity
  8
0
100
AcDbVertex
100
AcDb2dVertex
 10
-87.35087058768876
 20
-88.73370980355025
 30
0.0
  0
VERTEX
  5
3A5
330
39B
100
AcDbEntity
  8
0
100
AcDbVertex
100
AcDb2dVertex
 10
-85.52169912395056
 20
-88.73370980355025
 30
0.0
  0
VERTEX
  5
3A6
330
39B
100
AcDbEntity
  8
0
100
AcDbVertex
100
AcDb2dVertex
 10
-85.52169912395056
 20
-89.36819398301951
 30
0.0
  0
VERTEX
  5
3A7
330
39B
100
AcDbEntity
  8
0
100
AcDbVertex
100
AcDb2dVertex
 10
-87.11255213979056
 20
-91.87518025311758
 30
0.0
  0
SEQEND
  5
39E
330
39B
100
AcDbEntity
  8
0
  0
POLYLINE
  5
3A8
330
70
100
AcDbEntity
  8
0
100
AcDb2dPolyline
 66
     1
 10
0.0
 20
0.0
 30
0.0
  0
VERTEX
  5
3A9
330
3A8
100
AcDbEntity
  8
0
100
AcDbVertex
100
AcDb2dVertex
 10
-87.2255211801286
 20
-86.13557908269871
 30
0.0
  0
VERTEX
  5
3AA
330
3A8
100
AcDbEntity
  8
0
100
AcDbVertex
100
AcDb2dVertex
 10
-87.2255211801286
 20
-85.20880740169792
 30
0.0
  0
VERTEX
  5
3AC
330
3A8
100
AcDbEntity
  8
0
100
AcDbVertex
100
AcDb2dVertex
 10
-87.41122386680252
 20
-85.16363647791237
 30
0.0
  0
SEQEND
  5
3AB
330
3A8
100
AcDbEntity
  8
0
  0
POLYLINE
  5
3AD
330
70
100
AcDbEntity
  8
0
100
AcDb2dPolyline
 66
     1
 10
0.0
 20
0.0
 30
0.0
  0
VERTEX
  5
3AE
330
3AD
100
AcDbEntity
  8
0
100
AcDbVertex
100
AcDb2dVertex
 10
-87.2255211801286
 20
-82.9081542643142
 30
0.0
  0
VERTEX
  5
3AF
330
3AD
100
AcDbEntity
  8
0
100
AcDbVertex
100
AcDb2dVertex
 10
-87.2255211801286
 20
-82.48023265547407
 30
0.0
  0
VERTEX
  5
3B1
330
3AD
100
AcDbEntity
  8
0
100
AcDbVertex
100
AcDb2dVertex
 10
-86.91911174711661
 20
-82.48023265547407
 30
0.0
  0
VERTEX
  5
3B2
330
3AD
100
AcDbEntity
  8
0
100
AcDbVertex
100
AcDb2dVertex
 10
-86.91911174711661
 20
-82.90840006089201
 30
0.0
  0
SEQEND
  5
3B0
330
3AD
100
AcDbEntity
  8
0
  0
POLYLINE
  5
3B3
330
70
100
AcDbEntity
  8
0
100
AcDb2dPolyline
 66
     1
 10
0.0
 20
0.0
 30
0.0
  0
VERTEX
  5
3B4
330
3B3
100
AcDbEntity
  8
0
100
AcDbVertex
100
AcDb2dVertex
 10
-86.91911174711661
 20
-83.58738493668324
 30
0.0
  0
VERTEX
  5
3B5
330
3B3
100
AcDbEntity
  8
0
100
AcDbVertex
100
AcDb2dVertex
 10
-86.91911174711661
 20
-84.56693956155238
 30
0.0
  0
VERTEX
  5
3B7
330
3B3
100
AcDbEntity
  8
0
100
AcDbVertex
100
AcDb2dVertex
 10
-86.67769825444052
 20
-84.62819373133587
 30
0.0
  0
SEQEND
  5
3B6
330
3B3
100
AcDbEntity
  8
0
  0
POLYLINE
  5
3B8
330
70
100
AcDbEntity
  8
0
100
AcDb2dPolyline
 66
     1
 10
0.0
 20
0.0
 30
0.0
  0
VERTEX
  5
3B9
330
3B8
100
AcDbEntity
  8
0
100
AcDbVertex
100
AcDb2dVertex
 10
-86.91911174711661
 20
-86.81059340037709
 30
0.0
  0
VERTEX
  5
3BA
330
3B8
100
AcDbEntity
  8
0
100
AcDbVertex
100
AcDb2dVertex
 10
-86.91911174711661
 20
-87.24041152388251
 30
0.0
  0
VERTEX
  5
3BC
330
3B8
100
AcDbEntity
  8
0
100
AcDbVertex
100
AcDb2dVertex
 10
-87.2255211801286
 20
-87.24041152388251
 30
0.0
  0
VERTEX
  5
3BD
330
3B8
100
AcDbEntity
  8
0
100
AcDbVertex
100
AcDb2dVertex
 10
-87.2255211801286
 20
-86.81215292251662
 30
0.0
  0
SEQEND
  5
3BB
330
3B8
100
AcDbEntity
  8
0
  0
POLYLINE
  5
3BE
330
70
100
AcDbEntity
  8
0
100
AcDb2dPolyline
 66
     1
 10
0.0
 20
0.0
 30
0.0
 70
     1
  0
VERTEX
  5
3BF
330
3BE
100
AcDbEntity
  8
0
100
AcDbVertex
100
AcDb2dVertex
 10
-70.71272334394334
 20
-31.77198923521697
 30
0.0
  0
VERTEX
  5
3C0
330
3BE
100
AcDbEntity
  8
0
100
AcDbVertex
100
AcDb2dVertex
 10
-71.62576155342349
 20
-31.77198923521697
 30
0.0
  0
VERTEX
  5
3C2
330
3BE
100
AcDbEntity
  8
0
100
AcDbVertex
100
AcDb2dVertex
 10
-72.3933326583424
 20
-30.47207042849945
 30
0.0
  0
VERTEX
  5
3C3
330
3BE
100
AcDbEntity
  8
0
100
AcDbVertex
100
AcDb2dVertex
 10
-72.42428310612139
 20
-30.47207042849945
 30
0.0
  0
VERTEX
  5
3C4
330
3BE
100
AcDbEntity
  8
0
100
AcDbVertex
100
AcDb2dVertex
 10
-73.1949492558182
 20
-31.77198923521697
 30
0.0
  0
VERTEX
  5
3C5
330
3BE
100
AcDbEntity
  8
0
100
AcDbVertex
100
AcDb2dVertex
 10
-74.10489242052047
 20
-31.77198923521697
 30
0.0
  0
VERTEX
  5
3C6
330
3BE
100
AcDbEntity
  8
0
100
AcDbVertex
100
AcDb2dVertex
 10
-72.94115558403049
 20
-29.86544165203128
 30
0.0
  0
VERTEX
  5
3C7
330
3BE
100
AcDbEntity
  8
0
100
AcDbVertex
100
AcDb2dVertex
 10
-74.12965277874366
 20
-27.96198911362349
 30
0.0
  0
VERTEX
  5
3C8
330
3BE
100
AcDbEntity
  8
0
100
AcDbVertex
100
AcDb2dVertex
 10
-73.2042343901519
 20
-27.96198911362349
 30
0.0
  0
VERTEX
  5
3C9
330
3BE
100
AcDbEntity
  8
0
100
AcDbVertex
100
AcDb2dVertex
 10
-72.42428310612139
 20
-29.261907920341
 30
0.0
  0
VERTEX
  5
3CA
330
3BE
100
AcDbEntity
  8
0
100
AcDbVertex
100
AcDb2dVertex
 10
-72.3933326583424
 20
-29.261907920341
 30
0.0
  0
VERTEX
  5
3CB
330
3BE
100
AcDbEntity
  8
0
100
AcDbVertex
100
AcDb2dVertex
 10
-71.6133813743119
 20
-27.96198911362349
 30
0.0
  0
VERTEX
  5
3CC
330
3BE
100
AcDbEntity
  8
0
100
AcDbVertex
100
AcDb2dVertex
 10
-70.69105803049804
 20
-27.96198911362349
 30
0.0
  0
VERTEX
  5
3CD
330
3BE
100
AcDbEntity
  8
0
100
AcDbVertex
100
AcDb2dVertex
 10
-71.88265026998909
 20
-29.86544165203128
 30
0.0
  0
SEQEND
  5
3C1
330
3BE
100
AcDbEntity
  8
0
  0
POLYLINE
  5
3CE
330
70
100
AcDbEntity
  8
0
100
AcDb2dPolyline
 66
     1
 10
0.0
 20
0.0
 30
0.0
  0
VERTEX
  5
3CF
330
3CE
100
AcDbEntity
  8
0
100
AcDbVertex
100
AcDb2dVertex
 10
-14.78338564748385
 20
-10.53700458278614
 30
0.0
  0
VERTEX
  5
3D0
330
3CE
100
AcDbEntity
  8
0
100
AcDbVertex
100
AcDb2dVertex
 10
-14.626571618089
 20
-10.53700458278614
 30
0.0
  0
VERTEX
  5
3D2
330
3CE
100
AcDbEntity
  8
0
100
AcDbVertex
100
AcDb2dVertex
 10
-14.626571618089
 20
-8.945632580779109
 30
0.0
  0
VERTEX
  5
3D3
330
3CE
100
AcDbEntity
  8
0
100
AcDbVertex
100
AcDb2dVertex
 10
-13.85702128865129
 20
-8.945632580779109
 30
0.0
  0
VERTEX
  5
3D4
330
3CE
100
AcDbEntity
  8
0
100
AcDbVertex
100
AcDb2dVertex
 10
-13.85702128865129
 20
-12.75563270237258
 30
0.0
  0
VERTEX
  5
3D5
330
3CE
100
AcDbEntity
  8
0
100
AcDbVertex
100
AcDb2dVertex
 10
-15.47743292573144
 20
-12.75563270237258
 30
0.0
  0
SEQEND
  5
3D1
330
3CE
100
AcDbEntity
  8
0
  0
POLYLINE
  5
3D6
330
70
100
AcDbEntity
  8
0
100
AcDb2dPolyline
 66
     1
 10
0.0
 20
0.0
 30
0.0
  0
VERTEX
  5
3D7
330
3D6
100
AcDbEntity
  8
0
100
AcDbVertex
100
AcDb2dVertex
 10
-16.82196802961694
 20
-9.689047238651006
 30
0.0
  0
VERTEX
  5
3D8
330
3D6
100
AcDbEntity
  8
0
100
AcDbVertex
100
AcDb2dVertex
 10
-17.28660219078688
 20
-8.945632580779109
 30
0.0
  0
VERTEX
  5
3DA
330
3D6
100
AcDbEntity
  8
0
100
AcDbVertex
100
AcDb2dVertex
 10
-16.36604575896894
 20
-8.945632580779109
 30
0.0
  0
VERTEX
  5
3DB
330
3D6
100
AcDbEntity
  8
0
100
AcDbVertex
100
AcDb2dVertex
 10
-15.81138872907233
 20
-9.776166143870369
 30
0.0
  0
SEQEND
  5
3D9
330
3D6
100
AcDbEntity
  8
0
  0
POLYLINE
  5
3DC
330
70
100
AcDbEntity
  8
0
100
AcDb2dPolyline
 66
     1
 10
0.0
 20
0.0
 30
0.0
 70
     1
  0
VERTEX
  5
3DD
330
3DC
100
AcDbEntity
  8
0
100
AcDbVertex
100
AcDb2dVertex
 10
-20.08280293402912
 20
-8.945632580779109
 30
0.0
  0
VERTEX
  5
3DE
330
3DC
100
AcDbEntity
  8
0
100
AcDbVertex
100
AcDb2dVertex
 10
-17.64700269382273
 20
-8.945632580779109
 30
0.0
  0
VERTEX
  5
3E0
330
3DC
100
AcDbEntity
  8
0
100
AcDbVertex
100
AcDb2dVertex
 10
-17.64390764904483
 20
-12.75563270237258
 30
0.0
  0
VERTEX
  5
3E1
330
3DC
100
AcDbEntity
  8
0
100
AcDbVertex
100
AcDb2dVertex
 10
-18.44861929129853
 20
-12.75563270237258
 30
0.0
  0
VERTEX
  5
3E2
330
3DC
100
AcDbEntity
  8
0
100
AcDbVertex
100
AcDb2dVertex
 10
-18.44861929129853
 20
-9.61106720802736
 30
0.0
  0
VERTEX
  5
3E3
330
3DC
100
AcDbEntity
  8
0
100
AcDbVertex
100
AcDb2dVertex
 10
-20.07970788925122
 20
-9.607972163249463
 30
0.0
  0
SEQEND
  5
3DF
330
3DC
100
AcDbEntity
  8
0
  0
POLYLINE
  5
3E4
330
70
100
AcDbEntity
  8
0
100
AcDb2dPolyline
 66
     1
 10
0.0
 20
0.0
 30
0.0
 70
     1
  0
VERTEX
  5
3E5
330
3E4
100
AcDbEntity
  8
0
100
AcDbVertex
100
AcDb2dVertex
 10
-19.40614357337155
 20
-27.6746982183963
 30
0.0
  0
VERTEX
  5
3E6
330
3E4
100
AcDbEntity
  8
0
100
AcDbVertex
100
AcDb2dVertex
 10
-18.60452697589575
 20
-27.6746982183963
 30
0.0
  0
VERTEX
  5
3E8
330
3E4
100
AcDbEntity
  8
0
100
AcDbVertex
100
AcDb2dVertex
 10
-18.60143193111785
 20
-31.48469833998978
 30
0.0
  0
VERTEX
  5
3E9
330
3E4
100
AcDbEntity
  8
0
100
AcDbVertex
100
AcDb2dVertex
 10
-19.40614357337155
 20
-31.48469833998978
 30
0.0
  0
VERTEX
  5
3EA
330
3E4
100
AcDbEntity
  8
0
100
AcDbVertex
100
AcDb2dVertex
 10
-19.40614357337155
 20
-29.91241559281716
 30
0.0
  0
VERTEX
  5
3EB
330
3E4
100
AcDbEntity
  8
0
100
AcDbVertex
100
AcDb2dVertex
 10
-21.04032721610214
 20
-29.91241559281716
 30
0.0
  0
VERTEX
  5
3EC
330
3E4
100
AcDbEntity
  8
0
100
AcDbVertex
100
AcDb2dVertex
 10
-21.04032721610214
 20
-31.48469833998978
 30
0.0
  0
VERTEX
  5
3ED
330
3E4
100
AcDbEntity
  8
0
100
AcDbVertex
100
AcDb2dVertex
 10
-21.84503885835584
 20
-31.48469833998978
 30
0.0
  0
VERTEX
  5
3EE
330
3E4
100
AcDbEntity
  8
0
100
AcDbVertex
100
AcDb2dVertex
 10
-21.84503885835584
 20
-27.6746982183963
 30
0.0
  0
VERTEX
  5
3EF
330
3E4
100
AcDbEntity
  8
0
100
AcDbVertex
100
AcDb2dVertex
 10
-21.04032721610214
 20
-27.6746982183963
 30
0.0
  0
VERTEX
  5
3F0
330
3E4
100
AcDbEntity
  8
0
100
AcDbVertex
100
AcDb2dVertex
 10
-21.04032721610214
 20
-29.24698096556891
 30
0.0
  0
VERTEX
  5
3F1
330
3E4
100
AcDbEntity
  8
0
100
AcDbVertex
100
AcDb2dVertex
 10
-19.40614357337155
 20
-29.25007601034682
 30
0.0
  0
SEQEND
  5
3E7
330
3E4
100
AcDbEntity
  8
0
  0
POLYLINE
  5
3F2
330
70
100
AcDbEntity
  8
0
100
AcDb2dPolyline
 66
     1
 10
0.0
 20
0.0
 30
0.0
 70
     1
  0
VERTEX
  5
3F3
330
3F2
100
AcDbEntity
  8
0
100
AcDbVertex
100
AcDb2dVertex
 10
-24.78223635258184
 20
-27.6746982183963
 30
0.0
  0
VERTEX
  5
3F4
330
3F2
100
AcDbEntity
  8
0
100
AcDbVertex
100
AcDb2dVertex
 10
-23.98061975510604
 20
-27.6746982183963
 30
0.0
  0
VERTEX
  5
3F6
330
3F2
100
AcDbEntity
  8
0
100
AcDbVertex
100
AcDb2dVertex
 10
-23.97752471032814
 20
-31.48469833998978
 30
0.0
  0
VERTEX
  5
3F7
330
3F2
100
AcDbEntity
  8
0
100
AcDbVertex
100
AcDb2dVertex
 10
-26.4968911595378
 20
-31.48469833998978
 30
0.0
  0
VERTEX
  5
3F8
330
3F2
100
AcDbEntity
  8
0
100
AcDbVertex
100
AcDb2dVertex
 10
-26.49998620431569
 20
-30.81926371274153
 30
0.0
  0
VERTEX
  5
3F9
330
3F2
100
AcDbEntity
  8
0
100
AcDbVertex
100
AcDb2dVertex
 10
-24.78223635258184
 20
-30.82235875751943
 30
0.0
  0
VERTEX
  5
3FA
330
3F2
100
AcDbEntity
  8
0
100
AcDbVertex
100
AcDb2dVertex
 10
-24.78223635258184
 20
-29.91241559281716
 30
0.0
  0
VERTEX
  5
3FB
330
3F2
100
AcDbEntity
  8
0
100
AcDbVertex
100
AcDb2dVertex
 10
-26.33285378630916
 20
-29.91241559281716
 30
0.0
  0
VERTEX
  5
3FC
330
3F2
100
AcDbEntity
  8
0
100
AcDbVertex
100
AcDb2dVertex
 10
-26.33285378630916
 20
-29.24698096556891
 30
0.0
  0
VERTEX
  5
3FD
330
3F2
100
AcDbEntity
  8
0
100
AcDbVertex
100
AcDb2dVertex
 10
-24.78223635258184
 20
-29.25007601034682
 30
0.0
  0
SEQEND
  5
3F5
330
3F2
100
AcDbEntity
  8
0
  0
POLYLINE
  5
3FE
330
70
100
AcDbEntity
  8
0
100
AcDb2dPolyline
 66
     1
 10
0.0
 20
0.0
 30
0.0
  0
VERTEX
  5
3FF
330
3FE
100
AcDbEntity
  8
0
100
AcDbVertex
100
AcDb2dVertex
 10
-96.09749463035136
 20
-67.58416710317965
 30
0.0
  0
VERTEX
  5
400
330
3FE
100
AcDbEntity
  8
0
100
AcDbVertex
100
AcDb2dVertex
 10
-95.94068060095649
 20
-67.58416710317965
 30
0.0
  0
VERTEX
  5
402
330
3FE
100
AcDbEntity
  8
0
100
AcDbVertex
100
AcDb2dVertex
 10
-95.94068060095649
 20
-65.99279510117262
 30
0.0
  0
VERTEX
  5
403
330
3FE
100
AcDbEntity
  8
0
100
AcDbVertex
100
AcDb2dVertex
 10
-95.17113027151877
 20
-65.99279510117262
 30
0.0
  0
VERTEX
  5
404
330
3FE
100
AcDbEntity
  8
0
100
AcDbVertex
100
AcDb2dVertex
 10
-95.17113027151877
 20
-69.80279522276609
 30
0.0
  0
VERTEX
  5
405
330
3FE
100
AcDbEntity
  8
0
100
AcDbVertex
100
AcDb2dVertex
 10
-96.79154190859893
 20
-69.80279522276609
 30
0.0
  0
SEQEND
  5
401
330
3FE
100
AcDbEntity
  8
0
  0
POLYLINE
  5
406
330
70
100
AcDbEntity
  8
0
100
AcDb2dPolyline
 66
     1
 10
0.0
 20
0.0
 30
0.0
  0
VERTEX
  5
407
330
406
100
AcDbEntity
  8
0
100
AcDbVertex
100
AcDb2dVertex
 10
-98.13607701248443
 20
-66.73620975904452
 30
0.0
  0
VERTEX
  5
408
330
406
100
AcDbEntity
  8
0
100
AcDbVertex
100
AcDb2dVertex
 10
-98.60071117365437
 20
-65.99279510117262
 30
0.0
  0
VERTEX
  5
40A
330
406
100
AcDbEntity
  8
0
100
AcDbVertex
100
AcDb2dVertex
 10
-97.68015474183643
 20
-65.99279510117262
 30
0.0
  0
VERTEX
  5
40B
330
406
100
AcDbEntity
  8
0
100
AcDbVertex
100
AcDb2dVertex
 10
-97.12549771193984
 20
-66.82332866426389
 30
0.0
  0
SEQEND
  5
409
330
406
100
AcDbEntity
  8
0
  0
POLYLINE
  5
40C
330
70
100
AcDbEntity
  8
0
100
AcDb2dPolyline
 66
     1
 10
0.0
 20
0.0
 30
0.0
  0
VERTEX
  5
40D
330
40C
100
AcDbEntity
  8
0
100
AcDbVertex
100
AcDb2dVertex
 10
-158.3876580295078
 20
-48.30695985902294
 30
0.0
  0
VERTEX
  5
40E
330
40C
100
AcDbEntity
  8
0
100
AcDbVertex
100
AcDb2dVertex
 10
-158.3876580295078
 20
-50.96250827846014
 30
0.0
  0
VERTEX
  5
410
330
40C
100
AcDbEntity
  8
0
100
AcDbVertex
100
AcDb2dVertex
 10
-159.1830845374278
 20
-50.96250827846014
 30
0.0
  0
VERTEX
  5
411
330
40C
100
AcDbEntity
  8
0
100
AcDbVertex
100
AcDb2dVertex
 10
-159.1830845374278
 20
-48.30695985902294
 30
0.0
  0
SEQEND
  5
40F
330
40C
100
AcDbEntity
  8
0
  0
POLYLINE
  5
412
330
70
100
AcDbEntity
  8
0
100
AcDb2dPolyline
 66
     1
 10
0.0
 20
0.0
 30
0.0
 70
     1
  0
VERTEX
  5
413
330
412
100
AcDbEntity
  8
0
100
AcDbVertex
100
AcDb2dVertex
 10
-197.6248672405968
 20
-47.07391023018803
 30
0.0
  0
VERTEX
  5
414
330
412
100
AcDbEntity
  8
0
100
AcDbVertex
100
AcDb2dVertex
 10
-195.1890670003904
 20
-47.07391023018803
 30
0.0
  0
VERTEX
  5
416
330
412
100
AcDbEntity
  8
0
100
AcDbVertex
100
AcDb2dVertex
 10
-195.1859719556125
 20
-50.88391035178151
 30
0.0
  0
VERTEX
  5
417
330
412
100
AcDbEntity
  8
0
100
AcDbVertex
100
AcDb2dVertex
 10
-195.9906835978662
 20
-50.88391035178151
 30
0.0
  0
VERTEX
  5
418
330
412
100
AcDbEntity
  8
0
100
AcDbVertex
100
AcDb2dVertex
 10
-195.9906835978662
 20
-47.73934485743628
 30
0.0
  0
VERTEX
  5
419
330
412
100
AcDbEntity
  8
0
100
AcDbVertex
100
AcDb2dVertex
 10
-197.6217721958189
 20
-47.73624981265839
 30
0.0
  0
SEQEND
  5
415
330
412
100
AcDbEntity
  8
0
  0
POLYLINE
  5
41A
330
70
100
AcDbEntity
  8
0
100
AcDb2dPolyline
 66
     1
 10
0.0
 20
0.0
 30
0.0
 70
     1
  0
VERTEX
  5
41B
330
41A
100
AcDbEntity
  8
0
100
AcDbVertex
100
AcDb2dVertex
 10
-233.7995370784115
 20
-47.85197481612037
 30
0.0
  0
VERTEX
  5
41C
330
41A
100
AcDbEntity
  8
0
100
AcDbVertex
100
AcDb2dVertex
 10
-234.365930272767
 20
-47.85197481612037
 30
0.0
  0
VERTEX
  5
41E
330
41A
100
AcDbEntity
  8
0
100
AcDbVertex
100
AcDb2dVertex
 10
-234.365930272767
 20
-46.40349386006371
 30
0.0
  0
VERTEX
  5
41F
330
41A
100
AcDbEntity
  8
0
100
AcDbVertex
100
AcDb2dVertex
 10
-233.7995370784115
 20
-46.40349386006371
 30
0.0
  0
SEQEND
  5
41D
330
41A
100
AcDbEntity
  8
0
  0
POLYLINE
  5
420
330
70
100
AcDbEntity
  8
0
100
AcDb2dPolyline
 66
     1
 10
0.0
 20
0.0
 30
0.0
 70
     1
  0
VERTEX
  5
421
330
420
100
AcDbEntity
  8
0
100
AcDbVertex
100
AcDb2dVertex
 10
-254.9809090118182
 20
-46.73809831831698
 30
0.0
  0
VERTEX
  5
422
330
420
100
AcDbEntity
  8
0
100
AcDbVertex
100
AcDb2dVertex
 10
-252.4089268013842
 20
-46.73809831831698
 30
0.0
  0
VERTEX
  5
424
330
420
100
AcDbEntity
  8
0
100
AcDbVertex
100
AcDb2dVertex
 10
-252.4058317566063
 20
-50.54809843991045
 30
0.0
  0
VERTEX
  5
425
330
420
100
AcDbEntity
  8
0
100
AcDbVertex
100
AcDb2dVertex
 10
-254.9716238774844
 20
-50.54809843991045
 30
0.0
  0
VERTEX
  5
426
330
420
100
AcDbEntity
  8
0
100
AcDbVertex
100
AcDb2dVertex
 10
-254.9716238774844
 20
-49.88266381266221
 30
0.0
  0
VERTEX
  5
427
330
420
100
AcDbEntity
  8
0
100
AcDbVertex
100
AcDb2dVertex
 10
-253.21054339886
 20
-49.88575885744011
 30
0.0
  0
VERTEX
  5
428
330
420
100
AcDbEntity
  8
0
100
AcDbVertex
100
AcDb2dVertex
 10
-253.21054339886
 20
-48.97581569273784
 30
0.0
  0
VERTEX
  5
429
330
420
100
AcDbEntity
  8
0
100
AcDbVertex
100
AcDb2dVertex
 10
-254.8385369520348
 20
-48.97581569273784
 30
0.0
  0
VERTEX
  5
42A
330
420
100
AcDbEntity
  8
0
100
AcDbVertex
100
AcDb2dVertex
 10
-254.8385369520348
 20
-48.31038106548959
 30
0.0
  0
VERTEX
  5
42B
330
420
100
AcDbEntity
  8
0
100
AcDbVertex
100
AcDb2dVertex
 10
-253.21054339886
 20
-48.3134761102675
 30
0.0
  0
VERTEX
  5
42C
330
420
100
AcDbEntity
  8
0
100
AcDbVertex
100
AcDb2dVertex
 10
-253.21054339886
 20
-47.40353294556522
 30
0.0
  0
VERTEX
  5
42D
330
420
100
AcDbEntity
  8
0
100
AcDbVertex
100
AcDb2dVertex
 10
-254.9809090118182
 20
-47.40043790078733
 30
0.0
  0
SEQEND
  5
423
330
420
100
AcDbEntity
  8
0
  0
POLYLINE
  5
42E
330
70
100
AcDbEntity
  8
0
100
AcDb2dPolyline
 66
     1
 10
0.0
 20
0.0
 30
0.0
 70
     1
  0
VERTEX
  5
42F
330
42E
100
AcDbEntity
  8
0
100
AcDbVertex
100
AcDb2dVertex
 10
-260.4838986269223
 20
-49.88266381266221
 30
0.0
  0
VERTEX
  5
430
330
42E
100
AcDbEntity
  8
0
100
AcDbVertex
100
AcDb2dVertex
 10
-259.3170667456544
 20
-49.88575885744011
 30
0.0
  0
VERTEX
  5
432
330
42E
100
AcDbEntity
  8
0
100
AcDbVertex
100
AcDb2dVertex
 10
-259.3170667456544
 20
-50.54809843991045
 30
0.0
  0
VERTEX
  5
433
330
42E
100
AcDbEntity
  8
0
100
AcDbVertex
100
AcDb2dVertex
 10
-262.4461570161102
 20
-50.54809843991045
 30
0.0
  0
VERTEX
  5
434
330
42E
100
AcDbEntity
  8
0
100
AcDbVertex
100
AcDb2dVertex
 10
-262.4461570161102
 20
-49.88266381266221
 30
0.0
  0
VERTEX
  5
435
330
42E
100
AcDbEntity
  8
0
100
AcDbVertex
100
AcDb2dVertex
 10
-261.2793251348422
 20
-49.88575885744011
 30
0.0
  0
VERTEX
  5
436
330
42E
100
AcDbEntity
  8
0
100
AcDbVertex
100
AcDb2dVertex
 10
-261.2793251348422
 20
-46.73809831831698
 30
0.0
  0
VERTEX
  5
437
330
42E
100
AcDbEntity
  8
0
100
AcDbVertex
100
AcDb2dVertex
 10
-260.4838986269223
 20
-46.73809831831698
 30
0.0
  0
SEQEND
  5
431
330
42E
100
AcDbEntity
  8
0
  0
POLYLINE
  5
438
330
70
100
AcDbEntity
  8
0
100
AcDb2dPolyline
 66
     1
 10
0.0
 20
0.0
 30
0.0
  0
VERTEX
  5
439
330
438
100
AcDbEntity
  8
0
100
AcDbVertex
100
AcDb2dVertex
 10
-267.1538212029519
 20
-48.32947032032401
 30
0.0
  0
VERTEX
  5
43A
330
438
100
AcDbEntity
  8
0
100
AcDbVertex
100
AcDb2dVertex
 10
-266.997007173557
 20
-48.32947032032401
 30
0.0
  0
VERTEX
  5
43C
330
438
100
AcDbEntity
  8
0
100
AcDbVertex
100
AcDb2dVertex
 10
-266.997007173557
 20
-46.73809831831698
 30
0.0
  0
VERTEX
  5
43D
330
438
100
AcDbEntity
  8
0
100
AcDbVertex
100
AcDb2dVertex
 10
-266.2274568441193
 20
-46.73809831831698
 30
0.0
  0
VERTEX
  5
43E
330
438
100
AcDbEntity
  8
0
100
AcDbVertex
100
AcDb2dVertex
 10
-266.2274568441193
 20
-50.54809843991045
 30
0.0
  0
VERTEX
  5
43F
330
438
100
AcDbEntity
  8
0
100
AcDbVertex
100
AcDb2dVertex
 10
-267.8478684811994
 20
-50.54809843991045
 30
0.0
  0
SEQEND
  5
43B
330
438
100
AcDbEntity
  8
0
  0
POLYLINE
  5
440
330
70
100
AcDbEntity
  8
0
100
AcDb2dPolyline
 66
     1
 10
0.0
 20
0.0
 30
0.0
  0
VERTEX
  5
441
330
440
100
AcDbEntity
  8
0
100
AcDbVertex
100
AcDb2dVertex
 10
-269.1924035850849
 20
-47.48151297618888
 30
0.0
  0
VERTEX
  5
442
330
440
100
AcDbEntity
  8
0
100
AcDbVertex
100
AcDb2dVertex
 10
-269.6570377462549
 20
-46.73809831831698
 30
0.0
  0
VERTEX
  5
444
330
440
100
AcDbEntity
  8
0
100
AcDbVertex
100
AcDb2dVertex
 10
-268.7364813144369
 20
-46.73809831831698
 30
0.0
  0
VERTEX
  5
445
330
440
100
AcDbEntity
  8
0
100
AcDbVertex
100
AcDb2dVertex
 10
-268.1818242845403
 20
-47.56863188140823
 30
0.0
  0
SEQEND
  5
443
330
440
100
AcDbEntity
  8
0
  0
POLYLINE
  5
446
330
70
100
AcDbEntity
  8
0
100
AcDb2dPolyline
 66
     1
 10
0.0
 20
0.0
 30
0.0
  0
VERTEX
  5
447
330
446
100
AcDbEntity
  8
0
100
AcDbVertex
100
AcDb2dVertex
 10
-154.4930253862019
 20
-67.4130024524506
 30
0.0
  0
VERTEX
  5
448
330
446
100
AcDbEntity
  8
0
100
AcDbVertex
100
AcDb2dVertex
 10
-154.4930253862019
 20
-69.817852244878
 30
0.0
  0
VERTEX
  5
44A
330
446
100
AcDbEntity
  8
0
100
AcDbVertex
100
AcDb2dVertex
 10
-155.2977370284556
 20
-69.817852244878
 30
0.0
  0
VERTEX
  5
44B
330
446
100
AcDbEntity
  8
0
100
AcDbVertex
100
AcDb2dVertex
 10
-155.2977370284556
 20
-67.34181642255892
 30
0.0
  0
SEQEND
  5
449
330
446
100
AcDbEntity
  8
0
  0
POLYLINE
  5
44C
330
70
100
AcDbEntity
  8
0
100
AcDb2dPolyline
 66
     1
 10
0.0
 20
0.0
 30
0.0
  0
VERTEX
  5
44D
330
44C
100
AcDbEntity
  8
0
100
AcDbVertex
100
AcDb2dVertex
 10
-152.1407913549988
 20
-67.34181642255892
 30
0.0
  0
VERTEX
  5
44E
330
44C
100
AcDbEntity
  8
0
100
AcDbVertex
100
AcDb2dVertex
 10
-152.1407913549988
 20
-69.817852244878
 30
0.0
  0
VERTEX
  5
450
330
44C
100
AcDbEntity
  8
0
100
AcDbVertex
100
AcDb2dVertex
 10
-152.9455029972525
 20
-69.817852244878
 30
0.0
  0
VERTEX
  5
451
330
44C
100
AcDbEntity
  8
0
100
AcDbVertex
100
AcDb2dVertex
 10
-152.9455029972525
 20
-67.4130024524506
 30
0.0
  0
SEQEND
  5
44F
330
44C
100
AcDbEntity
  8
0
  0
POLYLINE
  5
452
330
70
100
AcDbEntity
  8
0
100
AcDb2dPolyline
 66
     1
 10
0.0
 20
0.0
 30
0.0
  0
VERTEX
  5
453
330
452
100
AcDbEntity
  8
0
100
AcDbVertex
100
AcDb2dVertex
 10
-255.7628747506339
 20
-104.3306805274852
 30
0.0
  0
VERTEX
  5
454
330
452
100
AcDbEntity
  8
0
100
AcDbVertex
100
AcDb2dVertex
 10
-255.3609662090813
 20
-104.3306805274852
 30
0.0
  0
VERTEX
  5
456
330
452
100
AcDbEntity
  8
0
100
AcDbVertex
100
AcDb2dVertex
 10
-255.3609662090813
 20
-103.1807110010776
 30
0.0
  0
VERTEX
  5
457
330
452
100
AcDbEntity
  8
0
100
AcDbVertex
100
AcDb2dVertex
 10
-254.7453259575702
 20
-103.1807110010776
 30
0.0
  0
VERTEX
  5
458
330
452
100
AcDbEntity
  8
0
100
AcDbVertex
100
AcDb2dVertex
 10
-254.7453259575702
 20
-106.2287110387478
 30
0.0
  0
VERTEX
  5
459
330
452
100
AcDbEntity
  8
0
100
AcDbVertex
100
AcDb2dVertex
 10
-255.7326735307484
 20
-106.2287110387478
 30
0.0
  0
SEQEND
  5
455
330
452
100
AcDbEntity
  8
0
  0
POLYLINE
  5
45A
330
70
100
AcDbEntity
  8
0
100
AcDb2dPolyline
 66
     1
 10
0.0
 20
0.0
 30
0.0
  0
VERTEX
  5
45B
330
45A
100
AcDbEntity
  8
0
100
AcDbVertex
100
AcDb2dVertex
 10
-260.7437528609729
 20
-103.8614000338805
 30
0.0
  0
VERTEX
  5
45C
330
45A
100
AcDbEntity
  8
0
100
AcDbVertex
100
AcDb2dVertex
 10
-260.7437528609729
 20
-103.1807110010776
 30
0.0
  0
VERTEX
  5
45E
330
45A
100
AcDbEntity
  8
0
100
AcDbVertex
100
AcDb2dVertex
 10
-260.1583138293472
 20
-103.1807110010776
 30
0.0
  0
VERTEX
  5
45F
330
45A
100
AcDbEntity
  8
0
100
AcDbVertex
100
AcDb2dVertex
 10
-260.1583138293472
 20
-105.3900463942364
 30
0.0
  0
VERTEX
  5
460
330
45A
100
AcDbEntity
  8
0
100
AcDbVertex
100
AcDb2dVertex
 10
-260.7019357872854
 20
-105.3900463942364
 30
0.0
  0
VERTEX
  5
461
330
45A
100
AcDbEntity
  8
0
100
AcDbVertex
100
AcDb2dVertex
 10
-260.7019357872854
 20
-105.0764183415798
 30
0.0
  0
SEQEND
  5
45D
330
45A
100
AcDbEntity
  8
0
  0
POLYLINE
  5
462
330
70
100
AcDbEntity
  8
0
100
AcDb2dPolyline
 66
     1
 10
0.0
 20
0.0
 30
0.0
  0
VERTEX
  5
463
330
462
100
AcDbEntity
  8
0
100
AcDbVertex
100
AcDb2dVertex
 10
-266.1428017081874
 20
-103.5059549075363
 30
0.0
  0
VERTEX
  5
464
330
462
100
AcDbEntity
  8
0
100
AcDbVertex
100
AcDb2dVertex
 10
-266.1428017081874
 20
-103.1807110010776
 30
0.0
  0
VERTEX
  5
466
330
462
100
AcDbEntity
  8
0
100
AcDbVertex
100
AcDb2dVertex
 10
-265.5991797502492
 20
-103.1807110010776
 30
0.0
  0
VERTEX
  5
467
330
462
100
AcDbEntity
  8
0
100
AcDbVertex
100
AcDb2dVertex
 10
-265.5991797502492
 20
-106.2287110387478
 30
0.0
  0
VERTEX
  5
468
330
462
100
AcDbEntity
  8
0
100
AcDbVertex
100
AcDb2dVertex
 10
-266.1846187818749
 20
-106.2287110387478
 30
0.0
  0
VERTEX
  5
469
330
462
100
AcDbEntity
  8
0
100
AcDbVertex
100
AcDb2dVertex
 10
-266.1846187818749
 20
-105.1321744398299
 30
0.0
  0
SEQEND
  5
465
330
462
100
AcDbEntity
  8
0
  0
POLYLINE
  5
46A
330
70
100
AcDbEntity
  8
0
100
AcDb2dPolyline
 66
     1
 10
0.0
 20
0.0
 30
0.0
 70
     1
  0
VERTEX
  5
46B
330
46A
100
AcDbEntity
  8
0
100
AcDbVertex
100
AcDb2dVertex
 10
-268.8121249119092
 20
-103.1807110010776
 30
0.0
  0
VERTEX
  5
46C
330
46A
100
AcDbEntity
  8
0
100
AcDbVertex
100
AcDb2dVertex
 10
-268.2266858802835
 20
-103.1807110010776
 30
0.0
  0
VERTEX
  5
46E
330
46A
100
AcDbEntity
  8
0
100
AcDbVertex
100
AcDb2dVertex
 10
-268.2266858802835
 20
-106.2287110387478
 30
0.0
  0
VERTEX
  5
46F
330
46A
100
AcDbEntity
  8
0
100
AcDbVertex
100
AcDb2dVertex
 10
-268.8121249119092
 20
-106.2287110387478
 30
0.0
  0
SEQEND
  5
46D
330
46A
100
AcDbEntity
  8
0
  0
POLYLINE
  5
470
330
70
100
AcDbEntity
  8
0
100
AcDb2dPolyline
 66
     1
 10
0.0
 20
0.0
 30
0.0
 70
     1
  0
VERTEX
  5
471
330
470
100
AcDbEntity
  8
0
100
AcDbVertex
100
AcDb2dVertex
 10
-207.1857895131282
 20
-28.06784409057592
 30
0.0
  0
VERTEX
  5
472
330
470
100
AcDbEntity
  8
0
100
AcDbVertex
100
AcDb2dVertex
 10
-204.5722223565473
 20
-26.92949039570957
 30
0.0
  0
VERTEX
  5
474
330
470
100
AcDbEntity
  8
0
100
AcDbVertex
100
AcDb2dVertex
 10
-204.5722223565473
 20
-27.66419316305953
 30
0.0
  0
VERTEX
  5
475
330
470
100
AcDbEntity
  8
0
100
AcDbVertex
100
AcDb2dVertex
 10
-206.3959114391393
 20
-28.38147214936562
 30
0.0
  0
VERTEX
  5
476
330
470
100
AcDbEntity
  8
0
100
AcDbVertex
100
AcDb2dVertex
 10
-204.5722223565473
 20
-29.09294320865709
 30
0.0
  0
VERTEX
  5
477
330
470
100
AcDbEntity
  8
0
100
AcDbVertex
100
AcDb2dVertex
 10
-204.5722223565473
 20
-29.82474201249973
 30
0.0
  0
VERTEX
  5
478
330
470
100
AcDbEntity
  8
0
100
AcDbVertex
100
AcDb2dVertex
 10
-207.1857895131282
 20
-28.69219624464802
 30
0.0
  0
SEQEND
  5
473
330
470
100
AcDbEntity
  8
0
  0
POLYLINE
  5
479
330
70
100
AcDbEntity
  8
0
100
AcDb2dPolyline
 66
     1
 10
0.0
 20
0.0
 30
0.0
 70
     1
  0
VERTEX
  5
47A
330
479
100
AcDbEntity
  8
0
100
AcDbVertex
100
AcDb2dVertex
 10
-206.5554576312048
 20
-11.83246022170307
 30
0.0
  0
VERTEX
  5
47B
330
479
100
AcDbEntity
  8
0
100
AcDbVertex
100
AcDb2dVertex
 10
-205.3886257499369
 20
-11.83555526648097
 30
0.0
  0
VERTEX
  5
47D
330
479
100
AcDbEntity
  8
0
100
AcDbVertex
100
AcDb2dVertex
 10
-205.3886257499369
 20
-12.49789484895132
 30
0.0
  0
VERTEX
  5
47E
330
479
100
AcDbEntity
  8
0
100
AcDbVertex
100
AcDb2dVertex
 10
-208.5177160203927
 20
-12.49789484895132
 30
0.0
  0
VERTEX
  5
47F
330
479
100
AcDbEntity
  8
0
100
AcDbVertex
100
AcDb2dVertex
 10
-208.5177160203927
 20
-11.83246022170307
 30
0.0
  0
VERTEX
  5
480
330
479
100
AcDbEntity
  8
0
100
AcDbVertex
100
AcDb2dVertex
 10
-207.3508841391248
 20
-11.83555526648097
 30
0.0
  0
VERTEX
  5
481
330
479
100
AcDbEntity
  8
0
100
AcDbVertex
100
AcDb2dVertex
 10
-207.3508841391248
 20
-8.687894727357852
 30
0.0
  0
VERTEX
  5
482
330
479
100
AcDbEntity
  8
0
100
AcDbVertex
100
AcDb2dVertex
 10
-206.5554576312048
 20
-8.687894727357852
 30
0.0
  0
SEQEND
  5
47C
330
479
100
AcDbEntity
  8
0
  0
POLYLINE
  5
483
330
70
100
AcDbEntity
  8
0
100
AcDb2dPolyline
 66
     1
 10
0.0
 20
0.0
 30
0.0
 70
     1
  0
VERTEX
  5
484
330
483
100
AcDbEntity
  8
0
100
AcDbVertex
100
AcDb2dVertex
 10
-188.3225941753117
 20
-27.7815197274712
 30
0.0
  0
VERTEX
  5
485
330
483
100
AcDbEntity
  8
0
100
AcDbVertex
100
AcDb2dVertex
 10
-188.3225941753117
 20
-27.04681696012124
 30
0.0
  0
VERTEX
  5
487
330
483
100
AcDbEntity
  8
0
100
AcDbVertex
100
AcDb2dVertex
 10
-185.7119309822382
 20
-28.18226669148027
 30
0.0
  0
VERTEX
  5
488
330
483
100
AcDbEntity
  8
0
100
AcDbVertex
100
AcDb2dVertex
 10
-185.7119309822382
 20
-28.81242677256699
 30
0.0
  0
VERTEX
  5
489
330
483
100
AcDbEntity
  8
0
100
AcDbVertex
100
AcDb2dVertex
 10
-188.3225941753117
 20
-29.9420685769114
 30
0.0
  0
VERTEX
  5
48A
330
483
100
AcDbEntity
  8
0
100
AcDbVertex
100
AcDb2dVertex
 10
-188.3225941753117
 20
-29.20155788254682
 30
0.0
  0
VERTEX
  5
48B
330
483
100
AcDbEntity
  8
0
100
AcDbVertex
100
AcDb2dVertex
 10
-186.5047130197344
 20
-28.50460664079191
 30
0.0
  0
SEQEND
  5
486
330
483
100
AcDbEntity
  8
0
  0
POLYLINE
  5
48C
330
70
100
AcDbEntity
  8
0
100
AcDb2dPolyline
 66
     1
 10
0.0
 20
0.0
 30
0.0
 70
     1
  0
VERTEX
  5
48D
330
48C
100
AcDbEntity
  8
0
100
AcDbVertex
100
AcDb2dVertex
 10
-149.5958601445356
 20
-31.50667095275332
 30
0.0
  0
VERTEX
  5
48E
330
48C
100
AcDbEntity
  8
0
100
AcDbVertex
100
AcDb2dVertex
 10
-150.3974767420114
 20
-31.50667095275332
 30
0.0
  0
VERTEX
  5
490
330
48C
100
AcDbEntity
  8
0
100
AcDbVertex
100
AcDb2dVertex
 10
-150.3974767420114
 20
-27.69667083115984
 30
0.0
  0
VERTEX
  5
491
330
48C
100
AcDbEntity
  8
0
100
AcDbVertex
100
AcDb2dVertex
 10
-149.7041867117621
 20
-27.69667083115984
 30
0.0
  0
VERTEX
  5
492
330
48C
100
AcDbEntity
  8
0
100
AcDbVertex
100
AcDb2dVertex
 10
-148.0452427108083
 20
-30.09533053403145
 30
0.0
  0
VERTEX
  5
493
330
48C
100
AcDbEntity
  8
0
100
AcDbVertex
100
AcDb2dVertex
 10
-148.0173873078072
 20
-30.09533053403145
 30
0.0
  0
VERTEX
  5
494
330
48C
100
AcDbEntity
  8
0
100
AcDbVertex
100
AcDb2dVertex
 10
-148.0173873078072
 20
-27.69667083115984
 30
0.0
  0
VERTEX
  5
495
330
48C
100
AcDbEntity
  8
0
100
AcDbVertex
100
AcDb2dVertex
 10
-147.2157707103314
 20
-27.69667083115984
 30
0.0
  0
VERTEX
  5
496
330
48C
100
AcDbEntity
  8
0
100
AcDbVertex
100
AcDb2dVertex
 10
-147.2126756655536
 20
-31.50667095275332
 30
0.0
  0
VERTEX
  5
497
330
48C
100
AcDbEntity
  8
0
100
AcDbVertex
100
AcDb2dVertex
 10
-147.9183458749145
 20
-31.50667095275332
 30
0.0
  0
VERTEX
  5
498
330
48C
100
AcDbEntity
  8
0
100
AcDbVertex
100
AcDb2dVertex
 10
-149.5618146519787
 20
-29.11110629465961
 30
0.0
  0
VERTEX
  5
499
330
48C
100
AcDbEntity
  8
0
100
AcDbVertex
100
AcDb2dVertex
 10
-149.5958601445356
 20
-29.11110629465961
 30
0.0
  0
SEQEND
  5
48F
330
48C
100
AcDbEntity
  8
0
  0
POLYLINE
  5
49A
330
70
100
AcDbEntity
  8
0
100
AcDb2dPolyline
 66
     1
 10
0.0
 20
0.0
 30
0.0
  0
VERTEX
  5
49B
330
49A
100
AcDbEntity
  8
0
100
AcDbVertex
100
AcDb2dVertex
 10
-130.0935218331978
 20
-27.82299604567659
 30
0.0
  0
VERTEX
  5
49C
330
49A
100
AcDbEntity
  8
0
100
AcDbVertex
100
AcDb2dVertex
 10
-128.4655282800231
 20
-27.82299604567659
 30
0.0
  0
VERTEX
  5
49E
330
49A
100
AcDbEntity
  8
0
100
AcDbVertex
100
AcDb2dVertex
 10
-128.4655282800231
 20
-31.63299616727007
 30
0.0
  0
VERTEX
  5
49F
330
49A
100
AcDbEntity
  8
0
100
AcDbVertex
100
AcDb2dVertex
 10
-129.9913853555272
 20
-31.63299616727007
 30
0.0
  0
SEQEND
  5
49D
330
49A
100
AcDbEntity
  8
0
  0
POLYLINE
  5
4A0
330
70
100
AcDbEntity
  8
0
100
AcDb2dPolyline
 66
     1
 10
0.0
 20
0.0
 30
0.0
  0
VERTEX
  5
4A1
330
4A0
100
AcDbEntity
  8
0
100
AcDbVertex
100
AcDb2dVertex
 10
-121.2064320428832
 20
-47.78663488363893
 30
0.0
  0
VERTEX
  5
4A2
330
4A0
100
AcDbEntity
  8
0
100
AcDbVertex
100
AcDb2dVertex
 10
-121.2064320428832
 20
-48.26869282585274
 30
0.0
  0
VERTEX
  5
4A4
330
4A0
100
AcDbEntity
  8
0
100
AcDbVertex
100
AcDb2dVertex
 10
-120.3265311001677
 20
-48.26869282585274
 30
0.0
  0
VERTEX
  5
4A5
330
4A0
100
AcDbEntity
  8
0
100
AcDbVertex
100
AcDb2dVertex
 10
-120.3265311001677
 20
-48.91337272447602
 30
0.0
  0
VERTEX
  5
4A6
330
4A0
100
AcDbEntity
  8
0
100
AcDbVertex
100
AcDb2dVertex
 10
-121.9846942628429
 20
-48.91337272447602
 30
0.0
  0
VERTEX
  5
4A7
330
4A0
100
AcDbEntity
  8
0
100
AcDbVertex
100
AcDb2dVertex
 10
-121.9846942628429
 20
-47.3975037736591
 30
0.0
  0
SEQEND
  5
4A3
330
4A0
100
AcDbEntity
  8
0
  0
POLYLINE
  5
4A8
330
70
100
AcDbEntity
  8
0
100
AcDb2dPolyline
 66
     1
 10
0.0
 20
0.0
 30
0.0
 70
     1
  0
VERTEX
  5
4A9
330
4A8
100
AcDbEntity
  8
0
100
AcDbVertex
100
AcDb2dVertex
 10
-122.9267993948074
 20
-104.2169349454201
 30
0.0
  0
VERTEX
  5
4AA
330
4A8
100
AcDbEntity
  8
0
100
AcDbVertex
100
AcDb2dVertex
 10
-122.1251827973316
 20
-104.2169349454201
 30
0.0
  0
VERTEX
  5
4AC
330
4A8
100
AcDbEntity
  8
0
100
AcDbVertex
100
AcDb2dVertex
 10
-122.1220877525537
 20
-108.0269350670136
 30
0.0
  0
VERTEX
  5
4AD
330
4A8
100
AcDbEntity
  8
0
100
AcDbVertex
100
AcDb2dVertex
 10
-124.6414542017634
 20
-108.0269350670136
 30
0.0
  0
VERTEX
  5
4AE
330
4A8
100
AcDbEntity
  8
0
100
AcDbVertex
100
AcDb2dVertex
 10
-124.6445492465413
 20
-107.3615004397654
 30
0.0
  0
VERTEX
  5
4AF
330
4A8
100
AcDbEntity
  8
0
100
AcDbVertex
100
AcDb2dVertex
 10
-122.9267993948074
 20
-107.3645954845432
 30
0.0
  0
VERTEX
  5
4B0
330
4A8
100
AcDbEntity
  8
0
100
AcDbVertex
100
AcDb2dVertex
 10
-122.9267993948074
 20
-106.454652319841
 30
0.0
  0
VERTEX
  5
4B1
330
4A8
100
AcDbEntity
  8
0
100
AcDbVertex
100
AcDb2dVertex
 10
-124.4774168285347
 20
-106.454652319841
 30
0.0
  0
VERTEX
  5
4B2
330
4A8
100
AcDbEntity
  8
0
100
AcDbVertex
100
AcDb2dVertex
 10
-124.4774168285347
 20
-105.7892176925927
 30
0.0
  0
VERTEX
  5
4B3
330
4A8
100
AcDbEntity
  8
0
100
AcDbVertex
100
AcDb2dVertex
 10
-122.9267993948074
 20
-105.7923127373706
 30
0.0
  0
SEQEND
  5
4AB
330
4A8
100
AcDbEntity
  8
0
  0
POLYLINE
  5
4B4
330
70
100
AcDbEntity
  8
0
100
AcDb2dPolyline
 66
     1
 10
0.0
 20
0.0
 30
0.0
 70
     1
  0
VERTEX
  5
4B5
330
4B4
100
AcDbEntity
  8
0
100
AcDbVertex
100
AcDb2dVertex
 10
-108.7487222088366
 20
-31.70772683446653
 30
0.0
  0
VERTEX
  5
4B6
330
4B4
100
AcDbEntity
  8
0
100
AcDbVertex
100
AcDb2dVertex
 10
-109.6431901496494
 20
-31.70772683446653
 30
0.0
  0
VERTEX
  5
4B8
330
4B4
100
AcDbEntity
  8
0
100
AcDbVertex
100
AcDb2dVertex
 10
-110.5655134934632
 20
-28.81385996713111
 30
0.0
  0
VERTEX
  5
4B9
330
4B4
100
AcDbEntity
  8
0
100
AcDbVertex
100
AcDb2dVertex
 10
-110.5995589860201
 20
-28.81385996713111
 30
0.0
  0
VERTEX
  5
4BA
330
4B4
100
AcDbEntity
  8
0
100
AcDbVertex
100
AcDb2dVertex
 10
-111.521882329834
 20
-31.70772683446653
 30
0.0
  0
VERTEX
  5
4BB
330
4B4
100
AcDbEntity
  8
0
100
AcDbVertex
100
AcDb2dVertex
 10
-112.4163502706467
 20
-31.70772683446653
 30
0.0
  0
VERTEX
  5
4BC
330
4B4
100
AcDbEntity
  8
0
100
AcDbVertex
100
AcDb2dVertex
 10
-111.1009562400397
 20
-27.89772671287305
 30
0.0
  0
VERTEX
  5
4BD
330
4B4
100
AcDbEntity
  8
0
100
AcDbVertex
100
AcDb2dVertex
 10
-110.0641162394436
 20
-27.89772671287305
 30
0.0
  0
SEQEND
  5
4B7
330
4B4
100
AcDbEntity
  8
0
  0
POLYLINE
  5
4BE
330
70
100
AcDbEntity
  8
0
100
AcDb2dPolyline
 66
     1
 10
0.0
 20
0.0
 30
0.0
  0
VERTEX
  5
4BF
330
4BE
100
AcDbEntity
  8
0
100
AcDbVertex
100
AcDb2dVertex
 10
-210.4576226149601
 20
-67.32595164520543
 30
0.0
  0
VERTEX
  5
4C0
330
4BE
100
AcDbEntity
  8
0
100
AcDbVertex
100
AcDb2dVertex
 10
-209.9552369281951
 20
-67.32595164520543
 30
0.0
  0
VERTEX
  5
4C2
330
4BE
100
AcDbEntity
  8
0
100
AcDbVertex
100
AcDb2dVertex
 10
-209.9552369281951
 20
-65.88848970908594
 30
0.0
  0
VERTEX
  5
4C3
330
4BE
100
AcDbEntity
  8
0
100
AcDbVertex
100
AcDb2dVertex
 10
-209.1856865987574
 20
-65.88848970908594
 30
0.0
  0
VERTEX
  5
4C4
330
4BE
100
AcDbEntity
  8
0
100
AcDbVertex
100
AcDb2dVertex
 10
-209.1856865987574
 20
-69.69848983067942
 30
0.0
  0
VERTEX
  5
4C5
330
4BE
100
AcDbEntity
  8
0
100
AcDbVertex
100
AcDb2dVertex
 10
-210.419871089365
 20
-69.69848983067942
 30
0.0
  0
SEQEND
  5
4C1
330
4BE
100
AcDbEntity
  8
0
  0
POLYLINE
  5
4C6
330
70
100
AcDbEntity
  8
0
100
AcDb2dPolyline
 66
     1
 10
0.0
 20
0.0
 30
0.0
 70
     1
  0
VERTEX
  5
4C7
330
4C6
100
AcDbEntity
  8
0
100
AcDbVertex
100
AcDb2dVertex
 10
-230.5196359391866
 20
-67.71566003459636
 30
0.0
  0
VERTEX
  5
4C8
330
4C6
100
AcDbEntity
  8
0
100
AcDbVertex
100
AcDb2dVertex
 10
-229.0556797592405
 20
-67.71566003459636
 30
0.0
  0
VERTEX
  5
4CA
330
4C6
100
AcDbEntity
  8
0
100
AcDbVertex
100
AcDb2dVertex
 10
-229.0525847144626
 20
-72.42012809700262
 30
0.0
  0
VERTEX
  5
4CB
330
4C6
100
AcDbEntity
  8
0
100
AcDbVertex
100
AcDb2dVertex
 10
-230.5196359391866
 20
-72.42322314178051
 30
0.0
  0
VERTEX
  5
4CC
330
4C6
100
AcDbEntity
  8
0
100
AcDbVertex
100
AcDb2dVertex
 10
-230.5196359391866
 20
-71.82897454442394
 30
0.0
  0
VERTEX
  5
4CD
330
4C6
100
AcDbEntity
  8
0
100
AcDbVertex
100
AcDb2dVertex
 10
-229.8170607746036
 20
-71.82897454442394
 30
0.0
  0
VERTEX
  5
4CE
330
4C6
100
AcDbEntity
  8
0
100
AcDbVertex
100
AcDb2dVertex
 10
-229.8201558193815
 20
-68.30681358717505
 30
0.0
  0
VERTEX
  5
4CF
330
4C6
100
AcDbEntity
  8
0
100
AcDbVertex
100
AcDb2dVertex
 10
-230.5196359391866
 20
-68.30681358717505
 30
0.0
  0
SEQEND
  5
4C9
330
4C6
100
AcDbEntity
  8
0
  0
POLYLINE
  5
4D0
330
70
100
AcDbEntity
  8
0
100
AcDb2dPolyline
 66
     1
 10
0.0
 20
0.0
 30
0.0
 70
     1
  0
VERTEX
  5
4D1
330
4D0
100
AcDbEntity
  8
0
100
AcDbVertex
100
AcDb2dVertex
 10
-248.040113672517
 20
-72.28346299150377
 30
0.0
  0
VERTEX
  5
4D2
330
4D0
100
AcDbEntity
  8
0
100
AcDbVertex
100
AcDb2dVertex
 10
-249.5071648972411
 20
-72.28655803628166
 30
0.0
  0
VERTEX
  5
4D4
330
4D0
100
AcDbEntity
  8
0
100
AcDbVertex
100
AcDb2dVertex
 10
-249.5071648972411
 20
-67.57899492909752
 30
0.0
  0
VERTEX
  5
4D5
330
4D0
100
AcDbEntity
  8
0
100
AcDbVertex
100
AcDb2dVertex
 10
-248.040113672517
 20
-67.57899492909752
 30
0.0
  0
VERTEX
  5
4D6
330
4D0
100
AcDbEntity
  8
0
100
AcDbVertex
100
AcDb2dVertex
 10
-248.040113672517
 20
-68.1701484816762
 30
0.0
  0
VERTEX
  5
4D7
330
4D0
100
AcDbEntity
  8
0
100
AcDbVertex
100
AcDb2dVertex
 10
-248.7426888371001
 20
-68.1701484816762
 30
0.0
  0
VERTEX
  5
4D8
330
4D0
100
AcDbEntity
  8
0
100
AcDbVertex
100
AcDb2dVertex
 10
-248.7426888371001
 20
-71.69230943892509
 30
0.0
  0
VERTEX
  5
4D9
330
4D0
100
AcDbEntity
  8
0
100
AcDbVertex
100
AcDb2dVertex
 10
-248.040113672517
 20
-71.69230943892509
 30
0.0
  0
SEQEND
  5
4D3
330
4D0
100
AcDbEntity
  8
0
  0
POLYLINE
  5
4DA
330
70
100
AcDbEntity
  8
0
100
AcDb2dPolyline
 66
     1
 10
0.0
 20
0.0
 30
0.0
 70
     1
  0
VERTEX
  5
4DB
330
4DA
100
AcDbEntity
  8
0
100
AcDbVertex
100
AcDb2dVertex
 10
-267.6928944114101
 20
-72.77316658079199
 30
0.0
  0
VERTEX
  5
4DC
330
4DA
100
AcDbEntity
  8
0
100
AcDbVertex
100
AcDb2dVertex
 10
-268.4418952476616
 20
-72.77316658079199
 30
0.0
  0
VERTEX
  5
4DE
330
4DA
100
AcDbEntity
  8
0
100
AcDbVertex
100
AcDb2dVertex
 10
-268.4418952476616
 20
-66.50879595032474
 30
0.0
  0
VERTEX
  5
4DF
330
4DA
100
AcDbEntity
  8
0
100
AcDbVertex
100
AcDb2dVertex
 10
-267.823753611415
 20
-66.50879595032474
 30
0.0
  0
VERTEX
  5
4E0
330
4DA
100
AcDbEntity
  8
0
100
AcDbVertex
100
AcDb2dVertex
 10
-269.0206686084185
 20
-62.05663486298568
 30
0.0
  0
VERTEX
  5
4E1
330
4DA
100
AcDbEntity
  8
0
100
AcDbVertex
100
AcDb2dVertex
 10
-268.3397587572808
 20
-62.05663486298568
 30
0.0
  0
VERTEX
  5
4E2
330
4DA
100
AcDbEntity
  8
0
100
AcDbVertex
100
AcDb2dVertex
 10
-267.1110259804549
 20
-66.61563582083068
 30
0.0
  0
VERTEX
  5
4E3
330
4DA
100
AcDbEntity
  8
0
100
AcDbVertex
100
AcDb2dVertex
 10
-267.6928944114101
 20
-66.61563582083068
 30
0.0
  0
SEQEND
  5
4DD
330
4DA
100
AcDbEntity
  8
0
  0
POLYLINE
  5
4E4
330
70
100
AcDbEntity
  8
0
100
AcDb2dPolyline
 66
     1
 10
0.0
 20
0.0
 30
0.0
 70
     1
  0
VERTEX
  5
4E5
330
4E4
100
AcDbEntity
  8
0
100
AcDbVertex
100
AcDb2dVertex
 10
-17.00186146991709
 20
-47.33881497997206
 30
0.0
  0
VERTEX
  5
4E6
330
4E4
100
AcDbEntity
  8
0
100
AcDbVertex
100
AcDb2dVertex
 10
-15.62671578980968
 20
-47.33881497997206
 30
0.0
  0
VERTEX
  5
4E8
330
4E4
100
AcDbEntity
  8
0
100
AcDbVertex
100
AcDb2dVertex
 10
-15.34353386881897
 20
-46.46910739738248
 30
0.0
  0
VERTEX
  5
4E9
330
4E4
100
AcDbEntity
  8
0
100
AcDbVertex
100
AcDb2dVertex
 10
-14.48001637578519
 20
-46.46910739738248
 30
0.0
  0
VERTEX
  5
4EA
330
4E4
100
AcDbEntity
  8
0
100
AcDbVertex
100
AcDb2dVertex
 10
-15.7954104063922
 20
-50.27910751897596
 30
0.0
  0
VERTEX
  5
4EB
330
4E4
100
AcDbEntity
  8
0
100
AcDbVertex
100
AcDb2dVertex
 10
-16.83225040698831
 20
-50.27910751897596
 30
0.0
  0
VERTEX
  5
4EC
330
4E4
100
AcDbEntity
  8
0
100
AcDbVertex
100
AcDb2dVertex
 10
-18.14764443759532
 20
-46.46910739738248
 30
0.0
  0
VERTEX
  5
4ED
330
4E4
100
AcDbEntity
  8
0
100
AcDbVertex
100
AcDb2dVertex
 10
-17.28412694456155
 20
-46.46910739738248
 30
0.0
  0
SEQEND
  5
4E7
330
4E4
100
AcDbEntity
  8
0
  0
POLYLINE
  5
4EE
330
70
100
AcDbEntity
  8
0
100
AcDb2dPolyline
 66
     1
 10
0.0
 20
0.0
 30
0.0
  0
VERTEX
  5
4EF
330
4EE
100
AcDbEntity
  8
0
100
AcDbVertex
100
AcDb2dVertex
 10
-19.93251372191509
 20
-47.90656933350198
 30
0.0
  0
VERTEX
  5
4F0
330
4EE
100
AcDbEntity
  8
0
100
AcDbVertex
100
AcDb2dVertex
 10
-19.4301280351501
 20
-47.90656933350198
 30
0.0
  0
VERTEX
  5
4F2
330
4EE
100
AcDbEntity
  8
0
100
AcDbVertex
100
AcDb2dVertex
 10
-19.4301280351501
 20
-46.46910739738248
 30
0.0
  0
VERTEX
  5
4F3
330
4EE
100
AcDbEntity
  8
0
100
AcDbVertex
100
AcDb2dVertex
 10
-18.66057770571239
 20
-46.46910739738248
 30
0.0
  0
VERTEX
  5
4F4
330
4EE
100
AcDbEntity
  8
0
100
AcDbVertex
100
AcDb2dVertex
 10
-18.66057770571239
 20
-50.27910751897596
 30
0.0
  0
VERTEX
  5
4F5
330
4EE
100
AcDbEntity
  8
0
100
AcDbVertex
100
AcDb2dVertex
 10
-19.89476219632003
 20
-50.27910751897596
 30
0.0
  0
SEQEND
  5
4F1
330
4EE
100
AcDbEntity
  8
0
  0
POLYLINE
  5
4F6
330
70
100
AcDbEntity
  8
0
100
AcDb2dPolyline
 66
     1
 10
0.0
 20
0.0
 30
0.0
 70
     1
  0
VERTEX
  5
4F7
330
4F6
100
AcDbEntity
  8
0
100
AcDbVertex
100
AcDb2dVertex
 10
-85.00145841713923
 20
-104.4000996690523
 30
0.0
  0
VERTEX
  5
4F8
330
4F6
100
AcDbEntity
  8
0
100
AcDbVertex
100
AcDb2dVertex
 10
-84.19984181966341
 20
-104.4000996690523
 30
0.0
  0
VERTEX
  5
4FA
330
4F6
100
AcDbEntity
  8
0
100
AcDbVertex
100
AcDb2dVertex
 10
-84.19674677488552
 20
-108.2100997906458
 30
0.0
  0
VERTEX
  5
4FB
330
4F6
100
AcDbEntity
  8
0
100
AcDbVertex
100
AcDb2dVertex
 10
-86.71611322409518
 20
-108.2100997906458
 30
0.0
  0
VERTEX
  5
4FC
330
4F6
100
AcDbEntity
  8
0
100
AcDbVertex
100
AcDb2dVertex
 10
-86.71920826887308
 20
-107.5446651633975
 30
0.0
  0
VERTEX
  5
4FD
330
4F6
100
AcDbEntity
  8
0
100
AcDbVertex
100
AcDb2dVertex
 10
-85.00145841713923
 20
-107.5477602081754
 30
0.0
  0
VERTEX
  5
4FE
330
4F6
100
AcDbEntity
  8
0
100
AcDbVertex
100
AcDb2dVertex
 10
-85.00145841713923
 20
-106.6378170434731
 30
0.0
  0
VERTEX
  5
4FF
330
4F6
100
AcDbEntity
  8
0
100
AcDbVertex
100
AcDb2dVertex
 10
-86.55207585086655
 20
-106.6378170434731
 30
0.0
  0
VERTEX
  5
500
330
4F6
100
AcDbEntity
  8
0
100
AcDbVertex
100
AcDb2dVertex
 10
-86.55207585086655
 20
-105.9723824162249
 30
0.0
  0
VERTEX
  5
501
330
4F6
100
AcDbEntity
  8
0
100
AcDbVertex
100
AcDb2dVertex
 10
-85.00145841713923
 20
-105.9754774610028
 30
0.0
  0
SEQEND
  5
4F9
330
4F6
100
AcDbEntity
  8
0
  0
POLYLINE
  5
502
330
70
100
AcDbEntity
  8
0
100
AcDb2dPolyline
 66
     1
 10
0.0
 20
0.0
 30
0.0
  0
VERTEX
  5
503
330
502
100
AcDbEntity
  8
0
100
AcDbVertex
100
AcDb2dVertex
 10
-107.1570484273092
 20
-105.7498016070239
 30
0.0
  0
VERTEX
  5
504
330
502
100
AcDbEntity
  8
0
100
AcDbVertex
100
AcDb2dVertex
 10
-106.4389980388367
 20
-105.8797934876956
 30
0.0
  0
VERTEX
  5
506
330
502
100
AcDbEntity
  8
0
100
AcDbVertex
100
AcDb2dVertex
 10
-106.6216056807327
 20
-107.888477548552
 30
0.0
  0
VERTEX
  5
507
330
502
100
AcDbEntity
  8
0
100
AcDbVertex
100
AcDb2dVertex
 10
-108.9490793537126
 20
-107.888477548552
 30
0.0
  0
VERTEX
  5
508
330
502
100
AcDbEntity
  8
0
100
AcDbVertex
100
AcDb2dVertex
 10
-108.9490793537126
 20
-107.2292330108595
 30
0.0
  0
VERTEX
  5
509
330
502
100
AcDbEntity
  8
0
100
AcDbVertex
100
AcDb2dVertex
 10
-107.2839452632031
 20
-107.2292330108595
 30
0.0
  0
VERTEX
  5
50A
330
502
100
AcDbEntity
  8
0
100
AcDbVertex
100
AcDb2dVertex
 10
-107.1849038303103
 20
-106.2759592192667
 30
0.0
  0
VERTEX
  5
50B
330
502
100
AcDbEntity
  8
0
100
AcDbVertex
100
AcDb2dVertex
 10
-107.2096641885335
 20
-106.2759592192667
 30
0.0
  0
SEQEND
  5
505
330
502
100
AcDbEntity
  8
0
  0
POLYLINE
  5
50C
330
70
100
AcDbEntity
  8
0
100
AcDb2dPolyline
 66
     1
 10
0.0
 20
0.0
 30
0.0
 70
     1
  0
VERTEX
  5
50D
330
50C
100
AcDbEntity
  8
0
100
AcDbVertex
100
AcDb2dVertex
 10
-163.554876446177
 20
-83.78646656109252
 30
0.0
  0
VERTEX
  5
50E
330
50C
100
AcDbEntity
  8
0
100
AcDbVertex
100
AcDb2dVertex
 10
-163.0534791921574
 20
-83.78646656109252
 30
0.0
  0
VERTEX
  5
510
330
50C
100
AcDbEntity
  8
0
100
AcDbVertex
100
AcDb2dVertex
 10
-163.0999048638259
 20
-84.50761199434294
 30
0.0
  0
VERTEX
  5
511
330
50C
100
AcDbEntity
  8
0
100
AcDbVertex
100
AcDb2dVertex
 10
-162.4994661769135
 20
-84.10525617321608
 30
0.0
  0
VERTEX
  5
512
330
50C
100
AcDbEntity
  8
0
100
AcDbVertex
100
AcDb2dVertex
 10
-162.2487675499036
 20
-84.54165748689982
 30
0.0
  0
VERTEX
  5
513
330
50C
100
AcDbEntity
  8
0
100
AcDbVertex
100
AcDb2dVertex
 10
-162.8987269532624
 20
-84.8573520542455
 30
0.0
  0
VERTEX
  5
514
330
50C
100
AcDbEntity
  8
0
100
AcDbVertex
100
AcDb2dVertex
 10
-162.2487675499036
 20
-85.17614166636908
 30
0.0
  0
VERTEX
  5
515
330
50C
100
AcDbEntity
  8
0
100
AcDbVertex
100
AcDb2dVertex
 10
-162.4994661769135
 20
-85.61254298005282
 30
0.0
  0
VERTEX
  5
516
330
50C
100
AcDbEntity
  8
0
100
AcDbVertex
100
AcDb2dVertex
 10
-163.0999048638259
 20
-85.21018715892598
 30
0.0
  0
VERTEX
  5
517
330
50C
100
AcDbEntity
  8
0
100
AcDbVertex
100
AcDb2dVertex
 10
-163.0534791921574
 20
-85.93133259217641
 30
0.0
  0
VERTEX
  5
518
330
50C
100
AcDbEntity
  8
0
100
AcDbVertex
100
AcDb2dVertex
 10
-163.554876446177
 20
-85.93133259217641
 30
0.0
  0
VERTEX
  5
519
330
50C
100
AcDbEntity
  8
0
100
AcDbVertex
100
AcDb2dVertex
 10
-163.5053557297306
 20
-85.21018715892598
 30
0.0
  0
VERTEX
  5
51A
330
50C
100
AcDbEntity
  8
0
100
AcDbVertex
100
AcDb2dVertex
 10
-164.1088894614209
 20
-85.61254298005282
 30
0.0
  0
VERTEX
  5
51B
330
50C
100
AcDbEntity
  8
0
100
AcDbVertex
100
AcDb2dVertex
 10
-164.3564930436528
 20
-85.17614166636908
 30
0.0
  0
VERTEX
  5
51C
330
50C
100
AcDbEntity
  8
0
100
AcDbVertex
100
AcDb2dVertex
 10
-163.7096286850719
 20
-84.8573520542455
 30
0.0
  0
VERTEX
  5
51D
330
50C
100
AcDbEntity
  8
0
100
AcDbVertex
100
AcDb2dVertex
 10
-164.3564930436528
 20
-84.54165748689982
 30
0.0
  0
VERTEX
  5
51E
330
50C
100
AcDbEntity
  8
0
100
AcDbVertex
100
AcDb2dVertex
 10
-164.1088894614209
 20
-84.10525617321608
 30
0.0
  0
VERTEX
  5
51F
330
50C
100
AcDbEntity
  8
0
100
AcDbVertex
100
AcDb2dVertex
 10
-163.5053557297306
 20
-84.50761199434294
 30
0.0
  0
SEQEND
  5
50F
330
50C
100
AcDbEntity
  8
0
  0
POLYLINE
  5
520
330
70
100
AcDbEntity
  8
0
100
AcDb2dPolyline
 66
     1
 10
0.0
 20
0.0
 30
0.0
 70
     1
  0
VERTEX
  5
521
330
520
100
AcDbEntity
  8
0
100
AcDbVertex
100
AcDb2dVertex
 10
-142.1245491761526
 20
-104.2930224754771
 30
0.0
  0
VERTEX
  5
522
330
520
100
AcDbEntity
  8
0
100
AcDbVertex
100
AcDb2dVertex
 10
-141.3229325786767
 20
-104.2930224754771
 30
0.0
  0
VERTEX
  5
524
330
520
100
AcDbEntity
  8
0
100
AcDbVertex
100
AcDb2dVertex
 10
-141.3198375338988
 20
-108.1030225970705
 30
0.0
  0
VERTEX
  5
525
330
520
100
AcDbEntity
  8
0
100
AcDbVertex
100
AcDb2dVertex
 10
-143.8392039831085
 20
-108.1030225970705
 30
0.0
  0
VERTEX
  5
526
330
520
100
AcDbEntity
  8
0
100
AcDbVertex
100
AcDb2dVertex
 10
-143.8422990278864
 20
-107.4375879698223
 30
0.0
  0
VERTEX
  5
527
330
520
100
AcDbEntity
  8
0
100
AcDbVertex
100
AcDb2dVertex
 10
-142.1245491761526
 20
-107.4406830146002
 30
0.0
  0
VERTEX
  5
528
330
520
100
AcDbEntity
  8
0
100
AcDbVertex
100
AcDb2dVertex
 10
-142.1245491761526
 20
-106.5307398498979
 30
0.0
  0
VERTEX
  5
529
330
520
100
AcDbEntity
  8
0
100
AcDbVertex
100
AcDb2dVertex
 10
-143.6751666098799
 20
-106.5307398498979
 30
0.0
  0
VERTEX
  5
52A
330
520
100
AcDbEntity
  8
0
100
AcDbVertex
100
AcDb2dVertex
 10
-143.6751666098799
 20
-105.8653052226496
 30
0.0
  0
VERTEX
  5
52B
330
520
100
AcDbEntity
  8
0
100
AcDbVertex
100
AcDb2dVertex
 10
-142.1245491761526
 20
-105.8684002674276
 30
0.0
  0
SEQEND
  5
523
330
520
100
AcDbEntity
  8
0
  0
POLYLINE
  5
52C
330
70
100
AcDbEntity
  8
0
100
AcDb2dPolyline
 66
     1
 10
0.0
 20
0.0
 30
0.0
 70
     1
  0
VERTEX
  5
52D
330
52C
100
AcDbEntity
  8
0
100
AcDbVertex
100
AcDb2dVertex
 10
-219.4325520471098
 20
-90.98283902811141
 30
0.0
  0
VERTEX
  5
52E
330
52C
100
AcDbEntity
  8
0
100
AcDbVertex
100
AcDb2dVertex
 10
-221.168872167511
 20
-90.97974398333352
 30
0.0
  0
VERTEX
  5
530
330
52C
100
AcDbEntity
  8
0
100
AcDbVertex
100
AcDb2dVertex
 10
-221.168872167511
 20
-90.35454493819797
 30
0.0
  0
VERTEX
  5
531
330
52C
100
AcDbEntity
  8
0
100
AcDbVertex
100
AcDb2dVertex
 10
-219.4325520471098
 20
-90.35454493819797
 30
0.0
  0
SEQEND
  5
52F
330
52C
100
AcDbEntity
  8
0
  0
POLYLINE
  5
532
330
70
100
AcDbEntity
  8
0
100
AcDb2dPolyline
 66
     1
 10
0.0
 20
0.0
 30
0.0
 70
     1
  0
VERTEX
  5
533
330
532
100
AcDbEntity
  8
0
100
AcDbVertex
100
AcDb2dVertex
 10
-220.6363553424406
 20
-107.887267486486
 30
0.0
  0
VERTEX
  5
534
330
532
100
AcDbEntity
  8
0
100
AcDbVertex
100
AcDb2dVertex
 10
-221.3915462682479
 20
-107.887267486486
 30
0.0
  0
VERTEX
  5
536
330
532
100
AcDbEntity
  8
0
100
AcDbVertex
100
AcDb2dVertex
 10
-221.3915462682479
 20
-104.0772673648925
 30
0.0
  0
VERTEX
  5
537
330
532
100
AcDbEntity
  8
0
100
AcDbVertex
100
AcDb2dVertex
 10
-220.5868346259942
 20
-104.0772673648925
 30
0.0
  0
VERTEX
  5
538
330
532
100
AcDbEntity
  8
0
100
AcDbVertex
100
AcDb2dVertex
 10
-220.5868346259942
 20
-107.122791426345
 30
0.0
  0
VERTEX
  5
539
330
532
100
AcDbEntity
  8
0
100
AcDbVertex
100
AcDb2dVertex
 10
-220.5651693125489
 20
-107.122791426345
 30
0.0
  0
VERTEX
  5
53A
330
532
100
AcDbEntity
  8
0
100
AcDbVertex
100
AcDb2dVertex
 10
-219.6923666851814
 20
-106.5749685006569
 30
0.0
  0
VERTEX
  5
53B
330
532
100
AcDbEntity
  8
0
100
AcDbVertex
100
AcDb2dVertex
 10
-219.6923666851814
 20
-107.2899238443515
 30
0.0
  0
SEQEND
  5
535
330
532
100
AcDbEntity
  8
0
  0
POLYLINE
  5
53C
330
70
100
AcDbEntity
  8
0
100
AcDb2dPolyline
 66
     1
 10
0.0
 20
0.0
 30
0.0
 70
     1
  0
VERTEX
  5
53D
330
53C
100
AcDbEntity
  8
0
100
AcDbVertex
100
AcDb2dVertex
 10
-197.6973733270354
 20
-104.1873380168322
 30
0.0
  0
VERTEX
  5
53E
330
53C
100
AcDbEntity
  8
0
100
AcDbVertex
100
AcDb2dVertex
 10
-196.8957567295596
 20
-104.1873380168322
 30
0.0
  0
VERTEX
  5
540
330
53C
100
AcDbEntity
  8
0
100
AcDbVertex
100
AcDb2dVertex
 10
-196.8926616847817
 20
-107.9973381384256
 30
0.0
  0
VERTEX
  5
541
330
53C
100
AcDbEntity
  8
0
100
AcDbVertex
100
AcDb2dVertex
 10
-199.4120281339914
 20
-107.9973381384256
 30
0.0
  0
VERTEX
  5
542
330
53C
100
AcDbEntity
  8
0
100
AcDbVertex
100
AcDb2dVertex
 10
-199.4151231787693
 20
-107.3319035111774
 30
0.0
  0
VERTEX
  5
543
330
53C
100
AcDbEntity
  8
0
100
AcDbVertex
100
AcDb2dVertex
 10
-197.6973733270354
 20
-107.3349985559553
 30
0.0
  0
VERTEX
  5
544
330
53C
100
AcDbEntity
  8
0
100
AcDbVertex
100
AcDb2dVertex
 10
-197.6973733270354
 20
-106.425055391253
 30
0.0
  0
VERTEX
  5
545
330
53C
100
AcDbEntity
  8
0
100
AcDbVertex
100
AcDb2dVertex
 10
-199.2479907607627
 20
-106.425055391253
 30
0.0
  0
VERTEX
  5
546
330
53C
100
AcDbEntity
  8
0
100
AcDbVertex
100
AcDb2dVertex
 10
-199.2479907607627
 20
-105.7596207640048
 30
0.0
  0
VERTEX
  5
547
330
53C
100
AcDbEntity
  8
0
100
AcDbVertex
100
AcDb2dVertex
 10
-197.6973733270354
 20
-105.7627158087827
 30
0.0
  0
SEQEND
  5
53F
330
53C
100
AcDbEntity
  8
0
  0
POLYLINE
  5
548
330
70
100
AcDbEntity
  8
0
100
AcDb2dPolyline
 66
     1
 10
0.0
 20
0.0
 30
0.0
 70
     1
  0
VERTEX
  5
549
330
548
100
AcDbEntity
  8
0
100
AcDbVertex
100
AcDb2dVertex
 10
-236.1676513109781
 20
-104.3142236109334
 30
0.0
  0
VERTEX
  5
54A
330
548
100
AcDbEntity
  8
0
100
AcDbVertex
100
AcDb2dVertex
 10
-235.3660347135023
 20
-104.3142236109334
 30
0.0
  0
VERTEX
  5
54C
330
548
100
AcDbEntity
  8
0
100
AcDbVertex
100
AcDb2dVertex
 10
-235.3629396687244
 20
-108.1242237325269
 30
0.0
  0
VERTEX
  5
54D
330
548
100
AcDbEntity
  8
0
100
AcDbVertex
100
AcDb2dVertex
 10
-237.882306117934
 20
-108.1242237325269
 30
0.0
  0
VERTEX
  5
54E
330
548
100
AcDbEntity
  8
0
100
AcDbVertex
100
AcDb2dVertex
 10
-237.8854011627119
 20
-107.4587891052786
 30
0.0
  0
VERTEX
  5
54F
330
548
100
AcDbEntity
  8
0
100
AcDbVertex
100
AcDb2dVertex
 10
-236.1676513109781
 20
-107.4618841500565
 30
0.0
  0
VERTEX
  5
550
330
548
100
AcDbEntity
  8
0
100
AcDbVertex
100
AcDb2dVertex
 10
-236.1676513109781
 20
-106.5519409853543
 30
0.0
  0
VERTEX
  5
551
330
548
100
AcDbEntity
  8
0
100
AcDbVertex
100
AcDb2dVertex
 10
-237.7182687447054
 20
-106.5519409853543
 30
0.0
  0
VERTEX
  5
552
330
548
100
AcDbEntity
  8
0
100
AcDbVertex
100
AcDb2dVertex
 10
-237.7182687447054
 20
-105.886506358106
 30
0.0
  0
VERTEX
  5
553
330
548
100
AcDbEntity
  8
0
100
AcDbVertex
100
AcDb2dVertex
 10
-236.1676513109781
 20
-105.8896014028839
 30
0.0
  0
SEQEND
  5
54B
330
548
100
AcDbEntity
  8
0
  0
POLYLINE
  5
554
330
70
100
AcDbEntity
  8
0
100
AcDb2dPolyline
 66
     1
 10
0.0
 20
0.0
 30
0.0
  0
VERTEX
  5
555
330
554
100
AcDbEntity
  8
0
100
AcDbVertex
100
AcDb2dVertex
 10
-242.6393899415645
 20
-105.5429563877593
 30
0.0
  0
VERTEX
  5
556
330
554
100
AcDbEntity
  8
0
100
AcDbVertex
100
AcDb2dVertex
 10
-242.0822818815428
 20
-104.9982285068491
 30
0.0
  0
VERTEX
  5
558
330
554
100
AcDbEntity
  8
0
100
AcDbVertex
100
AcDb2dVertex
 10
-242.0822818815428
 20
-104.9734681486259
 30
0.0
  0
VERTEX
  5
559
330
554
100
AcDbEntity
  8
0
100
AcDbVertex
100
AcDb2dVertex
 10
-243.6824200317165
 20
-104.9734681486259
 30
0.0
  0
VERTEX
  5
55A
330
554
100
AcDbEntity
  8
0
100
AcDbVertex
100
AcDb2dVertex
 10
-243.6824200317165
 20
-104.3142236109334
 30
0.0
  0
VERTEX
  5
55B
330
554
100
AcDbEntity
  8
0
100
AcDbVertex
100
AcDb2dVertex
 10
-240.9680657614992
 20
-104.3142236109334
 30
0.0
  0
VERTEX
  5
55C
330
554
100
AcDbEntity
  8
0
100
AcDbVertex
100
AcDb2dVertex
 10
-240.9680657614992
 20
-104.8929969844005
 30
0.0
  0
VERTEX
  5
55D
330
554
100
AcDbEntity
  8
0
100
AcDbVertex
100
AcDb2dVertex
 10
-242.3236953742188
 20
-106.1495851642274
 30
0.0
  0
SEQEND
  5
557
330
554
100
AcDbEntity
  8
0
  0
POLYLINE
  5
55E
330
70
100
AcDbEntity
  8
0
100
AcDb2dPolyline
 66
     1
 10
0.0
 20
0.0
 30
0.0
 70
     1
  0
VERTEX
  5
55F
330
55E
100
AcDbEntity
  8
0
100
AcDbVertex
100
AcDb2dVertex
 10
-240.6980022789146
 20
-89.49582206620517
 30
0.0
  0
VERTEX
  5
560
330
55E
100
AcDbEntity
  8
0
100
AcDbVertex
100
AcDb2dVertex
 10
-238.1291151132585
 20
-89.49582206620517
 30
0.0
  0
VERTEX
  5
562
330
55E
100
AcDbEntity
  8
0
100
AcDbVertex
100
AcDb2dVertex
 10
-238.1291151132585
 20
-90.15816164867549
 30
0.0
  0
VERTEX
  5
563
330
55E
100
AcDbEntity
  8
0
100
AcDbVertex
100
AcDb2dVertex
 10
-240.6980022789146
 20
-90.1550666038976
 30
0.0
  0
SEQEND
  5
561
330
55E
100
AcDbEntity
  8
0
  0
POLYLINE
  5
564
330
70
100
AcDbEntity
  8
0
100
AcDb2dPolyline
 66
     1
 10
0.0
 20
0.0
 30
0.0
 70
     1
  0
VERTEX
  5
565
330
564
100
AcDbEntity
  8
0
100
AcDbVertex
100
AcDb2dVertex
 10
-57.75119278654817
 20
-66.09573600342499
 30
0.0
  0
VERTEX
  5
566
330
564
100
AcDbEntity
  8
0
100
AcDbVertex
100
AcDb2dVertex
 10
-56.96505141296186
 20
-66.09573600342499
 30
0.0
  0
VERTEX
  5
568
330
564
100
AcDbEntity
  8
0
100
AcDbVertex
100
AcDb2dVertex
 10
-55.87559565114148
 20
-69.90573612501846
 30
0.0
  0
VERTEX
  5
569
330
564
100
AcDbEntity
  8
0
100
AcDbVertex
100
AcDb2dVertex
 10
-56.75458836806474
 20
-69.90573612501846
 30
0.0
  0
VERTEX
  5
56A
330
564
100
AcDbEntity
  8
0
100
AcDbVertex
100
AcDb2dVertex
 10
-57.3859775027561
 20
-67.25947283991496
 30
0.0
  0
VERTEX
  5
56B
330
564
100
AcDbEntity
  8
0
100
AcDbVertex
100
AcDb2dVertex
 10
-57.41692795053509
 20
-67.25947283991496
 30
0.0
  0
VERTEX
  5
56C
330
564
100
AcDbEntity
  8
0
100
AcDbVertex
100
AcDb2dVertex
 10
-58.11331302556233
 20
-69.90573612501846
 30
0.0
  0
VERTEX
  5
56D
330
564
100
AcDbEntity
  8
0
100
AcDbVertex
100
AcDb2dVertex
 10
-58.86540890659176
 20
-69.90573612501846
 30
0.0
  0
VERTEX
  5
56E
330
564
100
AcDbEntity
  8
0
100
AcDbVertex
100
AcDb2dVertex
 10
-59.55869893684109
 20
-67.25328275035916
 30
0.0
  0
VERTEX
  5
56F
330
564
100
AcDbEntity
  8
0
100
AcDbVertex
100
AcDb2dVertex
 10
-59.59274442939798
 20
-67.25328275035916
 30
0.0
  0
VERTEX
  5
570
330
564
100
AcDbEntity
  8
0
100
AcDbVertex
100
AcDb2dVertex
 10
-60.22413356408934
 20
-69.90573612501846
 30
0.0
  0
VERTEX
  5
571
330
564
100
AcDbEntity
  8
0
100
AcDbVertex
100
AcDb2dVertex
 10
-61.10312628101262
 20
-69.90573612501846
 30
0.0
  0
VERTEX
  5
572
330
564
100
AcDbEntity
  8
0
100
AcDbVertex
100
AcDb2dVertex
 10
-60.01367051919223
 20
-66.09573600342499
 30
0.0
  0
VERTEX
  5
573
330
564
100
AcDbEntity
  8
0
100
AcDbVertex
100
AcDb2dVertex
 10
-59.22752914560591
 20
-66.09573600342499
 30
0.0
  0
VERTEX
  5
574
330
564
100
AcDbEntity
  8
0
100
AcDbVertex
100
AcDb2dVertex
 10
-58.50328866757759
 20
-68.58724704963356
 30
0.0
  0
VERTEX
  5
575
330
564
100
AcDbEntity
  8
0
100
AcDbVertex
100
AcDb2dVertex
 10
-58.4723382197986
 20
-68.58724704963356
 30
0.0
  0
SEQEND
  5
567
330
564
100
AcDbEntity
  8
0
  0
POLYLINE
  5
576
330
70
100
AcDbEntity
  8
0
100
AcDb2dPolyline
 66
     1
 10
0.0
 20
0.0
 30
0.0
 70
     1
  0
VERTEX
  5
577
330
576
100
AcDbEntity
  8
0
100
AcDbVertex
100
AcDb2dVertex
 10
-78.58823359356735
 20
-65.93434623811089
 30
0.0
  0
VERTEX
  5
578
330
576
100
AcDbEntity
  8
0
100
AcDbVertex
100
AcDb2dVertex
 10
-76.01625138313341
 20
-65.93434623811089
 30
0.0
  0
VERTEX
  5
57A
330
576
100
AcDbEntity
  8
0
100
AcDbVertex
100
AcDb2dVertex
 10
-76.01315633835551
 20
-69.74434635970436
 30
0.0
  0
VERTEX
  5
57B
330
576
100
AcDbEntity
  8
0
100
AcDbVertex
100
AcDb2dVertex
 10
-78.57894845923365
 20
-69.74434635970436
 30
0.0
  0
VERTEX
  5
57C
330
576
100
AcDbEntity
  8
0
100
AcDbVertex
100
AcDb2dVertex
 10
-78.57894845923365
 20
-69.0789117324561
 30
0.0
  0
VERTEX
  5
57D
330
576
100
AcDbEntity
  8
0
100
AcDbVertex
100
AcDb2dVertex
 10
-76.81786798060921
 20
-69.08200677723401
 30
0.0
  0
VERTEX
  5
57E
330
576
100
AcDbEntity
  8
0
100
AcDbVertex
100
AcDb2dVertex
 10
-76.81786798060921
 20
-68.17206361253174
 30
0.0
  0
VERTEX
  5
57F
330
576
100
AcDbEntity
  8
0
100
AcDbVertex
100
AcDb2dVertex
 10
-78.445861533784
 20
-68.17206361253174
 30
0.0
  0
VERTEX
  5
580
330
576
100
AcDbEntity
  8
0
100
AcDbVertex
100
AcDb2dVertex
 10
-78.445861533784
 20
-67.5066289852835
 30
0.0
  0
VERTEX
  5
581
330
576
100
AcDbEntity
  8
0
100
AcDbVertex
100
AcDb2dVertex
 10
-76.81786798060921
 20
-67.50972403006139
 30
0.0
  0
VERTEX
  5
582
330
576
100
AcDbEntity
  8
0
100
AcDbVertex
100
AcDb2dVertex
 10
-76.81786798060921
 20
-66.59978086535914
 30
0.0
  0
VERTEX
  5
583
330
576
100
AcDbEntity
  8
0
100
AcDbVertex
100
AcDb2dVertex
 10
-78.58823359356735
 20
-66.59668582058123
 30
0.0
  0
SEQEND
  5
579
330
576
100
AcDbEntity
  8
0
  0
POLYLINE
  5
584
330
70
100
AcDbEntity
  8
0
100
AcDb2dPolyline
 66
     1
 10
0.0
 20
0.0
 30
0.0
  0
VERTEX
  5
585
330
584
100
AcDbEntity
  8
0
100
AcDbVertex
100
AcDb2dVertex
 10
-50.87241359151469
 20
-105.2118066090813
 30
0.0
  0
VERTEX
  5
586
330
584
100
AcDbEntity
  8
0
100
AcDbVertex
100
AcDb2dVertex
 10
-50.31530553149289
 20
-104.6670787281711
 30
0.0
  0
VERTEX
  5
588
330
584
100
AcDbEntity
  8
0
100
AcDbVertex
100
AcDb2dVertex
 10
-50.31530553149289
 20
-104.6423183699479
 30
0.0
  0
VERTEX
  5
589
330
584
100
AcDbEntity
  8
0
100
AcDbVertex
100
AcDb2dVertex
 10
-51.9154436816666
 20
-104.6423183699479
 30
0.0
  0
VERTEX
  5
58A
330
584
100
AcDbEntity
  8
0
100
AcDbVertex
100
AcDb2dVertex
 10
-51.9154436816666
 20
-103.9830738322555
 30
0.0
  0
VERTEX
  5
58B
330
584
100
AcDbEntity
  8
0
100
AcDbVertex
100
AcDb2dVertex
 10
-49.20108941144931
 20
-103.9830738322555
 30
0.0
  0
VERTEX
  5
58C
330
584
100
AcDbEntity
  8
0
100
AcDbVertex
100
AcDb2dVertex
 10
-49.20108941144931
 20
-104.5618472057226
 30
0.0
  0
VERTEX
  5
58D
330
584
100
AcDbEntity
  8
0
100
AcDbVertex
100
AcDb2dVertex
 10
-50.556719024169
 20
-105.8184353855495
 30
0.0
  0
SEQEND
  5
587
330
584
100
AcDbEntity
  8
0
  0
POLYLINE
  5
58E
330
70
100
AcDbEntity
  8
0
100
AcDb2dPolyline
 66
     1
 10
0.0
 20
0.0
 30
0.0
  0
VERTEX
  5
58F
330
58E
100
AcDbEntity
  8
0
100
AcDbVertex
100
AcDb2dVertex
 10
-49.40399356116532
 20
-85.39408375125679
 30
0.0
  0
VERTEX
  5
590
330
58E
100
AcDbEntity
  8
0
100
AcDbVertex
100
AcDb2dVertex
 10
-49.43184896416642
 20
-85.39408375125679
 30
0.0
  0
VERTEX
  5
592
330
58E
100
AcDbEntity
  8
0
100
AcDbVertex
100
AcDb2dVertex
 10
-49.43184896416642
 20
-85.601451751376
 30
0.0
  0
VERTEX
  5
593
330
58E
100
AcDbEntity
  8
0
100
AcDbVertex
100
AcDb2dVertex
 10
-50.0137173824114
 20
-85.601451751376
 30
0.0
  0
VERTEX
  5
594
330
58E
100
AcDbEntity
  8
0
100
AcDbVertex
100
AcDb2dVertex
 10
-50.0137173824114
 20
-83.78466046674938
 30
0.0
  0
SEQEND
  5
591
330
58E
100
AcDbEntity
  8
0
  0
POLYLINE
  5
595
330
70
100
AcDbEntity
  8
0
100
AcDb2dPolyline
 66
     1
 10
0.0
 20
0.0
 30
0.0
 70
     1
  0
VERTEX
  5
596
330
595
100
AcDbEntity
  8
0
100
AcDbVertex
100
AcDb2dVertex
 10
-29.75289830486183
 20
-91.13538603656577
 30
0.0
  0
VERTEX
  5
597
330
595
100
AcDbEntity
  8
0
100
AcDbVertex
100
AcDb2dVertex
 10
-30.50808923066914
 20
-91.13538603656577
 30
0.0
  0
VERTEX
  5
599
330
595
100
AcDbEntity
  8
0
100
AcDbVertex
100
AcDb2dVertex
 10
-30.50808923066914
 20
-87.32538591497229
 30
0.0
  0
VERTEX
  5
59A
330
595
100
AcDbEntity
  8
0
100
AcDbVertex
100
AcDb2dVertex
 10
-29.70337758841545
 20
-87.32538591497229
 30
0.0
  0
VERTEX
  5
59B
330
595
100
AcDbEntity
  8
0
100
AcDbVertex
100
AcDb2dVertex
 10
-29.70337758841545
 20
-90.37090997642474
 30
0.0
  0
VERTEX
  5
59C
330
595
100
AcDbEntity
  8
0
100
AcDbVertex
100
AcDb2dVertex
 10
-29.68171227497015
 20
-90.37090997642474
 30
0.0
  0
VERTEX
  5
59D
330
595
100
AcDbEntity
  8
0
100
AcDbVertex
100
AcDb2dVertex
 10
-28.80890964760268
 20
-89.82308705073664
 30
0.0
  0
VERTEX
  5
59E
330
595
100
AcDbEntity
  8
0
100
AcDbVertex
100
AcDb2dVertex
 10
-28.80890964760268
 20
-90.53804239443127
 30
0.0
  0
SEQEND
  5
598
330
595
100
AcDbEntity
  8
0
  0
POLYLINE
  5
59F
330
70
100
AcDbEntity
  8
0
100
AcDb2dPolyline
 66
     1
 10
0.0
 20
0.0
 30
0.0
 70
     1
  0
VERTEX
  5
5A0
330
59F
100
AcDbEntity
  8
0
100
AcDbVertex
100
AcDb2dVertex
 10
-31.16844787763808
 20
-107.7587317256547
 30
0.0
  0
VERTEX
  5
5A1
330
59F
100
AcDbEntity
  8
0
100
AcDbVertex
100
AcDb2dVertex
 10
-31.92363880344541
 20
-107.7587317256547
 30
0.0
  0
VERTEX
  5
5A3
330
59F
100
AcDbEntity
  8
0
100
AcDbVertex
100
AcDb2dVertex
 10
-31.92363880344541
 20
-103.9487316040612
 30
0.0
  0
VERTEX
  5
5A4
330
59F
100
AcDbEntity
  8
0
100
AcDbVertex
100
AcDb2dVertex
 10
-31.1189271611917
 20
-103.9487316040612
 30
0.0
  0
VERTEX
  5
5A5
330
59F
100
AcDbEntity
  8
0
100
AcDbVertex
100
AcDb2dVertex
 10
-31.1189271611917
 20
-106.9942556655137
 30
0.0
  0
VERTEX
  5
5A6
330
59F
100
AcDbEntity
  8
0
100
AcDbVertex
100
AcDb2dVertex
 10
-31.09726184774641
 20
-106.9942556655137
 30
0.0
  0
VERTEX
  5
5A7
330
59F
100
AcDbEntity
  8
0
100
AcDbVertex
100
AcDb2dVertex
 10
-30.22445922037894
 20
-106.4464327398256
 30
0.0
  0
VERTEX
  5
5A8
330
59F
100
AcDbEntity
  8
0
100
AcDbVertex
100
AcDb2dVertex
 10
-30.22445922037894
 20
-107.1613880835202
 30
0.0
  0
SEQEND
  5
5A2
330
59F
100
AcDbEntity
  8
0
  0
POLYLINE
  5
5A9
330
70
100
AcDbEntity
  8
0
100
AcDb2dPolyline
 66
     1
 10
0.0
 20
0.0
 30
0.0
 70
     1
  0
VERTEX
  5
5AA
330
5A9
100
AcDbEntity
  8
0
100
AcDbVertex
100
AcDb2dVertex
 10
-16.19224278104271
 20
-66.70981075928718
 30
0.0
  0
VERTEX
  5
5AB
330
5A9
100
AcDbEntity
  8
0
100
AcDbVertex
100
AcDb2dVertex
 10
-14.81709710093529
 20
-66.70981075928718
 30
0.0
  0
VERTEX
  5
5AD
330
5A9
100
AcDbEntity
  8
0
100
AcDbVertex
100
AcDb2dVertex
 10
-14.53391517994459
 20
-65.84010317669759
 30
0.0
  0
VERTEX
  5
5AE
330
5A9
100
AcDbEntity
  8
0
100
AcDbVertex
100
AcDb2dVertex
 10
-13.67039768691081
 20
-65.84010317669759
 30
0.0
  0
VERTEX
  5
5AF
330
5A9
100
AcDbEntity
  8
0
100
AcDbVertex
100
AcDb2dVertex
 10
-14.98579171751782
 20
-69.65010329829107
 30
0.0
  0
VERTEX
  5
5B0
330
5A9
100
AcDbEntity
  8
0
100
AcDbVertex
100
AcDb2dVertex
 10
-16.02263171811393
 20
-69.65010329829107
 30
0.0
  0
VERTEX
  5
5B1
330
5A9
100
AcDbEntity
  8
0
100
AcDbVertex
100
AcDb2dVertex
 10
-17.33802574872094
 20
-65.84010317669759
 30
0.0
  0
VERTEX
  5
5B2
330
5A9
100
AcDbEntity
  8
0
100
AcDbVertex
100
AcDb2dVertex
 10
-16.47450825568716
 20
-65.84010317669759
 30
0.0
  0
SEQEND
  5
5AC
330
5A9
100
AcDbEntity
  8
0
  0
POLYLINE
  5
5B3
330
70
100
AcDbEntity
  8
0
100
AcDb2dPolyline
 66
     1
 10
0.0
 20
0.0
 30
0.0
  0
VERTEX
  5
5B4
330
5B3
100
AcDbEntity
  8
0
100
AcDbVertex
100
AcDb2dVertex
 10
-19.42099088424686
 20
-65.84010317669759
 30
0.0
  0
VERTEX
  5
5B5
330
5B3
100
AcDbEntity
  8
0
100
AcDbVertex
100
AcDb2dVertex
 10
-17.79299733107207
 20
-65.84010317669759
 30
0.0
  0
VERTEX
  5
5B7
330
5B3
100
AcDbEntity
  8
0
100
AcDbVertex
100
AcDb2dVertex
 10
-17.79299733107207
 20
-69.65010329829107
 30
0.0
  0
VERTEX
  5
5B8
330
5B3
100
AcDbEntity
  8
0
100
AcDbVertex
100
AcDb2dVertex
 10
-19.3188544065762
 20
-69.65010329829107
 30
0.0
  0
SEQEND
  5
5B6
330
5B3
100
AcDbEntity
  8
0
  0
POLYLINE
  5
5B9
330
70
100
AcDbEntity
  8
0
100
AcDb2dPolyline
 66
     1
 10
0.0
 20
0.0
 30
0.0
  0
VERTEX
  5
5BA
330
5B9
100
AcDbEntity
  8
0
100
AcDbVertex
100
AcDb2dVertex
 10
-67.89098247413297
 20
-89.61196348622587
 30
0.0
  0
VERTEX
  5
5BB
330
5B9
100
AcDbEntity
  8
0
100
AcDbVertex
100
AcDb2dVertex
 10
-67.5350523246746
 20
-89.61196348622587
 30
0.0
  0
VERTEX
  5
5BD
330
5B9
100
AcDbEntity
  8
0
100
AcDbVertex
100
AcDb2dVertex
 10
-67.5350523246746
 20
-90.20311703880455
 30
0.0
  0
VERTEX
  5
5BE
330
5B9
100
AcDbEntity
  8
0
100
AcDbVertex
100
AcDb2dVertex
 10
-67.89098247413297
 20
-90.20311703880455
 30
0.0
  0
SEQEND
  5
5BC
330
5B9
100
AcDbEntity
  8
0
  0
POLYLINE
  5
5BF
330
70
100
AcDbEntity
  8
0
100
AcDb2dPolyline
 66
     1
 10
0.0
 20
0.0
 30
0.0
  0
VERTEX
  5
5C0
330
5BF
100
AcDbEntity
  8
0
100
AcDbVertex
100
AcDb2dVertex
 10
-68.58780126620647
 20
-105.9263622590067
 30
0.0
  0
VERTEX
  5
5C1
330
5BF
100
AcDbEntity
  8
0
100
AcDbVertex
100
AcDb2dVertex
 10
-68.23187111674809
 20
-105.9263622590067
 30
0.0
  0
VERTEX
  5
5C3
330
5BF
100
AcDbEntity
  8
0
100
AcDbVertex
100
AcDb2dVertex
 10
-68.23187111674809
 20
-106.5175158115853
 30
0.0
  0
VERTEX
  5
5C4
330
5BF
100
AcDbEntity
  8
0
100
AcDbVertex
100
AcDb2dVertex
 10
-68.58780126620647
 20
-106.5175158115853
 30
0.0
  0
SEQEND
  5
5C2
330
5BF
100
AcDbEntity
  8
0
  0
POLYLINE
  5
5C5
330
70
100
AcDbEntity
  8
0
100
AcDb2dPolyline
 66
     1
 10
0.0
 20
0.0
 30
0.0
 70
     1
  0
VERTEX
  5
5C6
330
5C5
100
AcDbEntity
  8
0
100
AcDbVertex
100
AcDb2dVertex
 10
-2.095084599999985
 20
-2.980137438959816
 30
0.0
  0
VERTEX
  5
5C7
330
5C5
100
AcDbEntity
  8
0
100
AcDbVertex
100
AcDb2dVertex
 10
-276.321
 20
-2.980137438959816
 30
0.0
 42
0.4142135623730951
  0
VERTEX
  5
5C9
330
5C5
100
AcDbEntity
  8
0
100
AcDbVertex
100
AcDb2dVertex
 10
-278.321
 20
-4.980137438959805
 30
0.0
  0
VERTEX
  5
5CA
330
5C5
100
AcDbEntity
  8
0
100
AcDbVertex
100
AcDb2dVertex
 10
-278.321
 20
-112.2857978476202
 30
0.0
 42
0.4142135623730951
  0
VERTEX
  5
5CB
330
5C5
100
AcDbEntity
  8
0
100
AcDbVertex
100
AcDb2dVertex
 10
-276.321
 20
-114.2857978476201
 30
0.0
  0
VERTEX
  5
5CC
330
5C5
100
AcDbEntity
  8
0
100
AcDbVertex
100
AcDb2dVertex
 10
-2.095084599999985
 20
-114.2857978476202
 30
0.0
 42
0.4142135623730951
  0
VERTEX
  5
5CD
330
5C5
100
AcDbEntity
  8
0
100
AcDbVertex
100
AcDb2dVertex
 10
-0.095084600000015
 20
-112.2857978476202
 30
0.0
  0
VERTEX
  5
5CE
330
5C5
100
AcDbEntity
  8
0
100
AcDbVertex
100
AcDb2dVertex
 10
-0.0950846
 20
-4.980137438959797
 30
0.0
 42
0.4142135623730951
  0
SEQEND
  5
5C8
330
5C5
100
AcDbEntity
  8
0
  0
POLYLINE
  5
5CF
330
70
100
AcDbEntity
  8
0
100
AcDb2dPolyline
 66
     1
 10
0.0
 20
0.0
 30
0.0
 70
     1
  0
VERTEX
  5
5D0
330
5CF
100
AcDbEntity
  8
0
100
AcDbVertex
100
AcDb2dVertex
 10
-39.8225747069048
 20
-12.60863137841374
 30
0.0
  0
VERTEX
  5
5D1
330
5CF
100
AcDbEntity
  8
0
100
AcDbVertex
100
AcDb2dVertex
 10
-37.18860011068926
 20
-8.046453551922647
 30
0.0
 42
-0.5773502691896267
  0
VERTEX
  5
5D3
330
5CF
100
AcDbEntity
  8
0
100
AcDbVertex
100
AcDb2dVertex
 10
-36.32257470690482
 20
-8.046453551922649
 30
0.0
  0
VERTEX
  5
5D4
330
5CF
100
AcDbEntity
  8
0
100
AcDbVertex
100
AcDb2dVertex
 10
-33.68860011068924
 20
-12.60863137841373
 30
0.0
 42
-0.5773502691896273
  0
VERTEX
  5
5D5
330
5CF
100
AcDbEntity
  8
0
100
AcDbVertex
100
AcDb2dVertex
 10
-34.12161281258145
 20
-13.35863137841373
 30
0.0
  0
VERTEX
  5
5D6
330
5CF
100
AcDbEntity
  8
0
100
AcDbVertex
100
AcDb2dVertex
 10
-39.38956200501258
 20
-13.35863137841374
 30
0.0
 42
-0.5773502691896246
  0
SEQEND
  5
5D2
330
5CF
100
AcDbEntity
  8
0
  0
POLYLINE
  5
5D7
330
70
100
AcDbEntity
  8
0
100
AcDb2dPolyline
 66
     1
 10
0.0
 20
0.0
 30
0.0
 70
     1
  0
VERTEX
  5
5D8
330
5D7
100
AcDbEntity
  8
0
100
AcDbVertex
100
AcDb2dVertex
 10
-122.1948461707506
 20
-11.63535776112261
 30
0.0
  0
VERTEX
  5
5D9
330
5D7
100
AcDbEntity
  8
0
100
AcDbVertex
100
AcDb2dVertex
 10
-142.1948461707506
 20
-11.63535776112261
 30
0.0
  0
VERTEX
  5
5DB
330
5D7
100
AcDbEntity
  8
0
100
AcDbVertex
100
AcDb2dVertex
 10
-142.1948461707506
 20
-10.63535776112261
 30
0.0
  0
VERTEX
  5
5DC
330
5D7
100
AcDbEntity
  8
0
100
AcDbVertex
100
AcDb2dVertex
 10
-122.1948461707506
 20
-10.63535776112261
 30
0.0
  0
SEQEND
  5
5DA
330
5D7
100
AcDbEntity
  8
0
  0
SPLINE
  5
5DD
330
70
100
AcDbEntity
  8
0
100
AcDbSpline
210
0.0
220
0.0
230
1.0
 70
     8
 71
     2
 72
     9
 73
     6
 74
     0
 42
0.000000001
 43
0.0000000001
 40
0.0
 40
0.0
 40
0.0
 40
1.0
 40
2.0
 40
3.0
 40
4.0
 40
4.0
 40
4.0
 10
-14.12479759071406
 20
-107.9363167374747
 30
0.0
 10
-14.45287233717134
 20
-107.9363167374747
 30
0.0
 10
-15.02236057630472
 20
-107.7506140508007
 30
0.0
 10
-15.46185693476636
 20
-107.3977789461203
 30
0.0
 10
-15.73731591999936
 20
-106.884001512989
 30
0.0
 10
-15.77755150211205
 20
-106.5528317217539
 30
0.0
  0
LINE
  5
5DE
330
70
100
AcDbEntity
  8
0
100
AcDbLine
 10
-15.77755150211205
 20
-106.5528317217539
 30
0.0
 11
-14.96355472552465
 21
-106.5528317217539
 31
0.0
  0
SPLINE
  5
5DF
330
70
100
AcDbEntity
  8
0
100
AcDbSpline
210
0.0
220
0.0
230
1.0
 70
     8
 71
     2
 72
     9
 73
     6
 74
     0
 42
0.000000001
 43
0.0000000001
 40
0.0
 40
0.0
 40
0.0
 40
1.0
 40
2.0
 40
3.0
 40
4.0
 40
4.0
 40
4.0
 10
-14.96355472552465
 20
-106.5528317217539
 30
0.0
 10
-14.93879436730146
 20
-106.7106790054267
 30
0.0
 10
-14.80261239707391
 20
-106.9582825876586
 30
0.0
 10
-14.58595926262099
 20
-107.1316050952209
 30
0.0
 10
-14.3043101878322
 20
-107.2244564385579
 30
0.0
 10
-14.14336785938145
 20
-107.2244564385579
 30
0.0
  0
SPLINE
  5
5E0
330
70
100
AcDbEntity
  8
0
100
AcDbSpline
210
0.0
220
0.0
230
1.0
 70
     8
 71
     2
 72
     8
 73
     5
 74
     0
 42
0.000000001
 43
0.0000000001
 40
0.0
 40
0.0
 40
0.0
 40
1.0
 40
2.0
 40
3.0
 40
3.0
 40
3.0
 10
-14.14336785938145
 20
-107.2244564385579
 30
0.0
 10
-13.84624356070317
 20
-107.2244564385579
 30
0.0
 10
-13.40674720224153
 20
-106.9335222294354
 30
0.0
 10
-13.16533370956542
 20
-106.3764141694136
 30
0.0
 10
-13.16533370956542
 20
-105.9802484378426
 30
0.0
  0
SPLINE
  5
5E1
330
70
100
AcDbEntity
  8
0
100
AcDbSpline
210
0.0
220
0.0
230
1.0
 70
     8
 71
     2
 72
     8
 73
     5
 74
     0
 42
0.000000001
 43
0.0000000001
 40
0.0
 40
0.0
 40
0.0
 40
1.0
 40
2.0
 40
3.0
 40
3.0
 40
3.0
 10
-13.16533370956542
 20
-105.9802484378426
 30
0.0
 10
-13.16533370956542
 20
-105.5747975719378
 30
0.0
 10
-13.40984224701943
 20
-105.0207845566939
 30
0.0
 10
-13.84933860548106
 20
-104.7360404371272
 30
0.0
 10
-14.13717776982566
 20
-104.7360404371272
 30
0.0
  0
SPLINE
  5
5E2
330
70
100
AcDbEntity
  8
0
100
AcDbSpline
210
0.0
220
0.0
230
1.0
 70
     8
 71
     2
 72
     9
 73
     6
 74
     0
 42
0.000000001
 43
0.0000000001
 40
0.0
 40
0.0
 40
0.0
 40
1.0
 40
2.0
 40
3.0
 40
4.0
 40
4.0
 40
4.0
 10
-14.13717776982566
 20
-104.7360404371272
 30
0.0
 10
-14.2981200982764
 20
-104.7360404371272
 30
0.0
 10
-14.57667412828729
 20
-104.8227016909084
 30
0.0
 10
-14.79023221796231
 20
-104.9867390641371
 30
0.0
 10
-14.93569932252356
 20
-105.2250575120353
 30
0.0
 10
-14.96355472552465
 20
-105.3798097509302
 30
0.0
  0
LINE
  5
5E3
330
70
100
AcDbEntity
  8
0
100
AcDbLine
 10
-14.96355472552465
 20
-105.3798097509302
 30
0.0
 11
-15.77755150211205
 21
-105.3736196613744
 31
0.0
  0
SPLINE
  5
5E4
330
70
100
AcDbEntity
  8
0
100
AcDbSpline
210
0.0
220
0.0
230
1.0
 70
     8
 71
     2
 72
     9
 73
     6
 74
     0
 42
0.000000001
 43
0.0000000001
 40
0.0
 40
0.0
 40
0.0
 40
1.0
 40
2.0
 40
3.0
 40
4.0
 40
4.0
 40
4.0
 10
-15.77755150211205
 20
-105.3736196613744
 30
0.0
 10
-15.74350600955516
 20
-105.1136359000309
 30
0.0
 10
-15.49280738254535
 20
-104.6277138699008
 30
0.0
 10
-15.07188129275111
 20
-104.2470233622192
 30
0.0
 10
-14.49001287450613
 20
-104.0241801382105
 30
0.0
 10
-14.12479759071406
 20
-104.0241801382105
 30
0.0
  0
SPLINE
  5
5E5
330
70
100
AcDbEntity
  8
0
100
AcDbSpline
210
0.0
220
0.0
230
1.0
 70
     8
 71
     2
 72
     8
 73
     5
 74
     0
 42
0.000000001
 43
0.0000000001
 40
0.0
 40
0.0
 40
0.0
 40
1.0
 40
2.0
 40
3.0
 40
3.0
 40
3.0
 10
-14.12479759071406
 20
-104.0241801382105
 30
0.0
 10
-13.61411520236075
 20
-104.0241801382105
 30
0.0
 10
-12.81249860488495
 20
-104.4853418101174
 30
0.0
 10
-12.34824188820013
 20
-105.3612394822628
 30
0.0
 10
-12.34824188820013
 20
-105.9802484378426
 30
0.0
  0
SPLINE
  5
5E6
330
70
100
AcDbEntity
  8
0
100
AcDbSpline
210
0.0
220
0.0
230
1.0
 70
     8
 71
     2
 72
     8
 73
     5
 74
     0
 42
0.000000001
 43
0.0000000001
 40
0.0
 40
0.0
 40
0.0
 40
1.0
 40
2.0
 40
3.0
 40
3.0
 40
3.0
 10
-12.34824188820013
 20
-105.9802484378426
 30
0.0
 10
-12.34824188820013
 20
-106.6054474829781
 30
0.0
 10
-12.81868869444075
 20
-107.4782501103456
 30
0.0
 10
-13.62030529191655
 20
-107.9363167374747
 30
0.0
 10
-14.12479759071406
 20
-107.9363167374747
 30
0.0
  0
SPLINE
  5
5E7
330
70
100
AcDbEntity
  8
0
100
AcDbSpline
210
0.0
220
0.0
230
1.0
 70
     8
 71
     2
 72
     8
 73
     5
 74
     0
 42
0.000000001
 43
0.0000000001
 40
0.0
 40
0.0
 40
0.0
 40
1.0
 40
2.0
 40
3.0
 40
3.0
 40
3.0
 10
-48.77569940649053
 20
-89.9205259132654
 30
0.0
 10
-48.94902191405286
 20
-90.08765833127194
 30
0.0
 10
-49.18424531717317
 20
-90.35692722694916
 30
0.0
 10
-49.30804710828912
 20
-90.61381594351475
 30
0.0
 10
-49.30804710828912
 20
-90.76547313763178
 30
0.0
  0
SPLINE
  5
5E8
330
70
100
AcDbEntity
  8
0
100
AcDbSpline
210
0.0
220
0.0
230
1.0
 70
     8
 71
     2
 72
     8
 73
     5
 74
     0
 42
0.000000001
 43
0.0000000001
 40
0.0
 40
0.0
 40
0.0
 40
1.0
 40
2.0
 40
3.0
 40
3.0
 40
3.0
 10
-49.30804710828912
 20
-90.76547313763178
 30
0.0
 10
-49.30804710828912
 20
-90.93260555563833
 30
0.0
 10
-49.15329486939419
 20
-91.17711409309235
 30
0.0
 10
-48.89021606327277
 20
-91.30710597376408
 30
0.0
 10
-48.72308364526624
 20
-91.30710597376408
 30
0.0
  0
SPLINE
  5
5E9
330
70
100
AcDbEntity
  8
0
100
AcDbSpline
210
0.0
220
0.0
230
1.0
 70
     8
 71
     2
 72
     8
 73
     5
 74
     0
 42
0.000000001
 43
0.0000000001
 40
0.0
 40
0.0
 40
0.0
 40
1.0
 40
2.0
 40
3.0
 40
3.0
 40
3.0
 10
-48.72308364526624
 20
-91.30710597376408
 30
0.0
 10
-48.54666609292601
 20
-91.30710597376408
 30
0.0
 10
-48.2866823315825
 20
-91.16782895875864
 30
0.0
 10
-48.14740531657705
 20
-90.90165510785935
 30
0.0
 10
-48.14740531657705
 20
-90.71904746596331
 30
0.0
  0
LINE
  5
5EA
330
70
100
AcDbEntity
  8
0
100
AcDbLine
 10
-48.14740531657705
 20
-90.71904746596331
 30
0.0
 11
-47.38292925643604
 21
-90.71904746596331
 31
0.0
  0
SPLINE
  5
5EB
330
70
100
AcDbEntity
  8
0
100
AcDbSpline
210
0.0
220
0.0
230
1.0
 70
     8
 71
     2
 72
     8
 73
     5
 74
     0
 42
0.000000001
 43
0.0000000001
 40
0.0
 40
0.0
 40
0.0
 40
1.0
 40
2.0
 40
3.0
 40
3.0
 40
3.0
 10
-47.38292925643604
 20
-90.71904746596331
 30
0.0
 10
-47.38292925643604
 20
-91.09354788408907
 30
0.0
 10
-47.72028913722701
 20
-91.64446585455506
 30
0.0
 10
-48.33001295847309
 20
-91.94468519801125
 30
0.0
 10
-48.72927373482204
 20
-91.94468519801125
 30
0.0
  0
SPLINE
  5
5EC
330
70
100
AcDbEntity
  8
0
100
AcDbSpline
210
0.0
220
0.0
230
1.0
 70
     8
 71
     2
 72
     8
 73
     5
 74
     0
 42
0.000000001
 43
0.0000000001
 40
0.0
 40
0.0
 40
0.0
 40
1.0
 40
2.0
 40
3.0
 40
3.0
 40
3.0
 10
-48.72927373482204
 20
-91.94468519801125
 30
0.0
 10
-49.13781964550469
 20
-91.94468519801125
 30
0.0
 10
-49.74444842197286
 20
-91.65684603366665
 30
0.0
 10
-50.08490334754172
 20
-91.14925869009125
 30
0.0
 10
-50.08490334754172
 20
-90.81808889885607
 30
0.0
  0
SPLINE
  5
5ED
330
70
100
AcDbEntity
  8
0
100
AcDbSpline
210
0.0
220
0.0
230
1.0
 70
     8
 71
     2
 72
     8
 73
     5
 74
     0
 42
0.000000001
 43
0.0000000001
 40
0.0
 40
0.0
 40
0.0
 40
1.0
 40
2.0
 40
3.0
 40
3.0
 40
3.0
 10
-50.08490334754172
 20
-90.81808889885607
 30
0.0
 10
-50.08490334754172
 20
-90.60453080918106
 30
0.0
 10
-49.91467588475729
 20
-90.18360471938681
 30
0.0
 10
-49.48446466062936
 20
-89.6729223310335
 30
0.0
 10
-49.0913939738362
 20
-89.31389713679724
 30
0.0
  0
SPLINE
  5
5EE
330
70
100
AcDbEntity
  8
0
100
AcDbSpline
210
0.0
220
0.0
230
1.0
 70
     8
 71
     2
 72
     6
 73
     3
 74
     0
 42
0.000000001
 43
0.0000000001
 40
2.287033108102519
 40
2.287033108102519
 40
2.287033108102519
 40
3.0
 40
3.0
 40
3.0
 10
-39.69794789936555
 20
-66.17836195952576
 30
0.0
 10
-39.38923989721033
 20
-66.06115269649817
 30
0.0
 10
-39.03176025540603
 20
-66.06115269649817
 30
0.0
  0
SPLINE
  5
5EF
330
70
100
AcDbEntity
  8
0
100
AcDbSpline
210
0.0
220
0.0
230
1.0
 70
     8
 71
     2
 72
     8
 73
     5
 74
     0
 42
0.000000001
 43
0.0000000001
 40
0.0
 40
0.0
 40
0.0
 40
1.0
 40
2.0
 40
3.0
 40
3.0
 40
3.0
 10
-39.03176025540603
 20
-66.06115269649817
 30
0.0
 10
-38.52417291183062
 20
-66.06115269649817
 30
0.0
 10
-37.71636622479902
 20
-66.5223143684051
 30
0.0
 10
-37.2459194185584
 20
-67.39821204055046
 30
0.0
 10
-37.2459194185584
 20
-68.01722099613023
 30
0.0
  0
SPLINE
  5
5F0
330
70
100
AcDbEntity
  8
0
100
AcDbSpline
210
0.0
220
0.0
230
1.0
 70
     8
 71
     2
 72
     8
 73
     5
 74
     0
 42
0.000000001
 43
0.0000000001
 40
0.0
 40
0.0
 40
0.0
 40
1.0
 40
2.0
 40
3.0
 40
3.0
 40
3.0
 10
-37.2459194185584
 20
-68.01722099613023
 30
0.0
 10
-37.2459194185584
 20
-68.6424200412658
 30
0.0
 10
-37.71636622479902
 20
-69.51522266863327
 30
0.0
 10
-38.52417291183062
 20
-69.9732892957623
 30
0.0
 10
-39.03176025540603
 20
-69.9732892957623
 30
0.0
  0
SPLINE
  5
5F1
330
70
100
AcDbEntity
  8
0
100
AcDbSpline
210
0.0
220
0.0
230
1.0
 70
     8
 71
     2
 72
     8
 73
     5
 74
     0
 42
0.000000001
 43
0.0000000001
 40
0.0
 40
0.0
 40
0.0
 40
1.0
 40
2.0
 40
3.0
 40
3.0
 40
3.0
 10
-39.03176025540603
 20
-69.9732892957623
 30
0.0
 10
-39.53315750942564
 20
-69.9732892957623
 30
0.0
 10
-40.34405924123513
 20
-69.51522266863327
 30
0.0
 10
-40.81450604747575
 20
-68.6424200412658
 30
0.0
 10
-40.81450604747575
 20
-68.01722099613023
 30
0.0
  0
SPLINE
  5
5F2
330
70
100
AcDbEntity
  8
0
100
AcDbSpline
210
0.0
220
0.0
230
1.0
 70
     8
 71
     2
 72
     7
 73
     4
 74
     0
 42
0.000000001
 43
0.0000000001
 40
0.0
 40
0.0
 40
0.0
 40
1.0
 40
1.638568106524686
 40
1.638568106524686
 40
1.638568106524686
 10
-40.81450604747575
 20
-68.01722099613023
 30
0.0
 10
-40.81450604747575
 20
-67.39511699577256
 30
0.0
 10
-40.42907648121462
 20
-66.68004372152492
 30
0.0
 10
-40.20945679721608
 20
-66.48529901799804
 30
0.0
  0
SPLINE
  5
5F3
330
70
100
AcDbEntity
  8
0
100
AcDbSpline
210
0.0
220
0.0
230
1.0
 70
     8
 71
     2
 72
     8
 73
     5
 74
     0
 42
0.000000001
 43
0.0000000001
 40
0.0
 40
0.0
 40
0.0
 40
1.0
 40
2.0
 40
3.0
 40
3.0
 40
3.0
 10
-164.7789666936033
 20
-88.25410287232104
 30
0.0
 10
-164.7789666936033
 20
-87.94459839453116
 30
0.0
 10
-164.3982761859218
 20
-87.45867636440104
 30
0.0
 10
-163.7328415586735
 20
-87.17702728961226
 30
0.0
 10
-163.3026303345456
 20
-87.17702728961226
 30
0.0
  0
SPLINE
  5
5F4
330
70
100
AcDbEntity
  8
0
100
AcDbSpline
210
0.0
220
0.0
230
1.0
 70
     8
 71
     2
 72
     8
 73
     5
 74
     0
 42
0.000000001
 43
0.0000000001
 40
0.0
 40
0.0
 40
0.0
 40
1.0
 40
2.0
 40
3.0
 40
3.0
 40
3.0
 10
-163.3026303345456
 20
-87.17702728961226
 30
0.0
 10
-162.8724191104177
 20
-87.17702728961226
 30
0.0
 10
-162.2038894383915
 20
-87.45867636440104
 30
0.0
 10
-161.8262939754879
 20
-87.94459839453116
 30
0.0
 10
-161.8262939754879
 20
-88.25410287232104
 30
0.0
  0
SPLINE
  5
5F5
330
70
100
AcDbEntity
  8
0
100
AcDbSpline
210
0.0
220
0.0
230
1.0
 70
     8
 71
     2
 72
     8
 73
     5
 74
     0
 42
0.000000001
 43
0.0000000001
 40
0.0
 40
0.0
 40
0.0
 40
1.0
 40
2.0
 40
3.0
 40
3.0
 40
3.0
 10
-161.8262939754879
 20
-88.25410287232104
 30
0.0
 10
-161.8262939754879
 20
-88.49242132021926
 30
0.0
 10
-162.0429471099408
 20
-88.89168209656821
 30
0.0
 10
-162.4174475280665
 20
-89.15785594746751
 30
0.0
 10
-162.6526709311868
 20
-89.19499648480229
 30
0.0
  0
LINE
  5
5F6
330
70
100
AcDbEntity
  8
0
100
AcDbLine
 10
-162.6526709311868
 20
-89.19499648480231
 30
0.0
 11
-162.6526709311868
 21
-89.22285188780339
 31
0.0
  0
SPLINE
  5
5F7
330
70
100
AcDbEntity
  8
0
100
AcDbSpline
210
0.0
220
0.0
230
1.0
 70
     8
 71
     2
 72
     7
 73
     4
 74
     0
 42
0.000000001
 43
0.0000000001
 40
0.0
 40
0.0
 40
0.0
 40
1.0
 40
2.0
 40
2.0
 40
2.0
 10
-162.6526709311868
 20
-89.22285188780339
 30
0.0
 10
-162.3462614981749
 20
-89.28165773858346
 30
0.0
 10
-161.9655709904933
 20
-89.75210454482409
 30
0.0
 10
-161.9655709904933
 20
-90.06470406739188
 30
0.0
  0
SPLINE
  5
5F8
330
70
100
AcDbEntity
  8
0
100
AcDbSpline
210
0.0
220
0.0
230
1.0
 70
     8
 71
     2
 72
     8
 73
     5
 74
     0
 42
0.000000001
 43
0.0000000001
 40
0.0
 40
0.0
 40
0.0
 40
1.0
 40
2.0
 40
3.0
 40
3.0
 40
3.0
 10
-161.9655709904933
 20
-90.06470406739188
 30
0.0
 10
-161.9655709904933
 20
-90.36182836607016
 30
0.0
 10
-162.312216005618
 20
-90.82299003797709
 30
0.0
 10
-162.9157497373082
 20
-91.08916388887639
 30
0.0
 10
-163.3026303345456
 20
-91.08916388887639
 30
0.0
  0
SPLINE
  5
5F9
330
70
100
AcDbEntity
  8
0
100
AcDbSpline
210
0.0
220
0.0
230
1.0
 70
     8
 71
     2
 72
     8
 73
     5
 74
     0
 42
0.000000001
 43
0.0000000001
 40
0.0
 40
0.0
 40
0.0
 40
1.0
 40
2.0
 40
3.0
 40
3.0
 40
3.0
 10
-163.3026303345456
 20
-91.08916388887639
 30
0.0
 10
-163.686415887005
 20
-91.08916388887639
 30
0.0
 10
-164.2899496186953
 20
-90.82299003797709
 30
0.0
 10
-164.63659463382
 20
-90.35873332129225
 30
0.0
 10
-164.6396896785979
 20
-90.06470406739188
 30
0.0
  0
SPLINE
  5
5FA
330
70
100
AcDbEntity
  8
0
100
AcDbSpline
210
0.0
220
0.0
230
1.0
 70
     8
 71
     2
 72
     7
 73
     4
 74
     0
 42
0.000000001
 43
0.0000000001
 40
0.0
 40
0.0
 40
0.0
 40
1.0
 40
2.0
 40
2.0
 40
2.0
 10
-164.6396896785979
 20
-90.06470406739188
 30
0.0
 10
-164.63659463382
 20
-89.75210454482409
 30
0.0
 10
-164.2528090813605
 20
-89.28165773858346
 30
0.0
 10
-163.9556847826822
 20
-89.22285188780339
 30
0.0
  0
LINE
  5
5FB
330
70
100
AcDbEntity
  8
0
100
AcDbLine
 10
-163.9556847826822
 20
-89.22285188780339
 30
0.0
 11
-163.9556847826822
 21
-89.19499648480229
 31
0.0
  0
SPLINE
  5
5FC
330
70
100
AcDbEntity
  8
0
100
AcDbSpline
210
0.0
220
0.0
230
1.0
 70
     8
 71
     2
 72
     8
 73
     5
 74
     0
 42
0.000000001
 43
0.0000000001
 40
0.0
 40
0.0
 40
0.0
 40
1.0
 40
2.0
 40
3.0
 40
3.0
 40
3.0
 10
-163.9556847826822
 20
-89.19499648480229
 30
0.0
 10
-164.1847180962467
 20
-89.15785594746751
 30
0.0
 10
-164.5561234695946
 20
-88.89168209656821
 30
0.0
 10
-164.7789666936033
 20
-88.49242132021926
 30
0.0
 10
-164.7789666936033
 20
-88.25410287232104
 30
0.0
  0
LINE
  5
5FD
330
70
100
AcDbEntity
  8
0
100
AcDbLine
 10
-64.48307351365603
 20
-49.63485693304213
 30
0.0
 11
-63.71240736395922
 21
-49.63485693304213
 31
0.0
  0
SPLINE
  5
5FE
330
70
100
AcDbEntity
  8
0
100
AcDbSpline
210
0.0
220
0.0
230
1.0
 70
     8
 71
     2
 72
     7
 73
     4
 74
     0
 42
0.000000001
 43
0.0000000001
 40
0.0
 40
0.0
 40
0.0
 40
1.0
 40
2.0
 40
2.0
 40
2.0
 10
-63.71240736395922
 20
-49.63485693304213
 30
0.0
 10
-63.68764700573603
 20
-49.85770015705084
 30
0.0
 10
-63.35028712494506
 20
-50.10839878406065
 30
0.0
 10
-63.05935291582257
 20
-50.10839878406065
 30
0.0
  0
SPLINE
  5
5FF
330
70
100
AcDbEntity
  8
0
100
AcDbSpline
210
0.0
220
0.0
230
1.0
 70
     8
 71
     2
 72
     8
 73
     5
 74
     0
 42
0.000000001
 43
0.0000000001
 40
0.0
 40
0.0
 40
0.0
 40
1.0
 40
2.0
 40
3.0
 40
3.0
 40
3.0
 10
-63.05935291582257
 20
-50.10839878406065
 30
0.0
 10
-62.86436509481494
 20
-50.10839878406065
 30
0.0
 10
-62.59200115435984
 20
-49.99697717205629
 30
0.0
 10
-62.44962909457649
 20
-49.80508439582656
 30
0.0
 10
-62.44962909457649
 20
-49.68128260471061
 30
0.0
  0
SPLINE
  5
600
330
70
100
AcDbEntity
  8
0
100
AcDbSpline
210
0.0
220
0.0
230
1.0
 70
     8
 71
     2
 72
     9
 73
     6
 74
     0
 42
0.000000001
 43
0.0000000001
 40
0.0
 40
0.0
 40
0.0
 40
1.0
 40
2.0
 40
3.0
 40
4.0
 40
4.0
 40
4.0
 10
-62.44962909457649
 20
-49.68128260471061
 30
0.0
 10
-62.44343900502069
 20
-49.57914612703994
 30
0.0
 10
-62.53938539313556
 20
-49.4274889329229
 30
0.0
 10
-62.7065178111421
 20
-49.31916236569644
 30
0.0
 10
-62.92626599037292
 20
-49.23869120147107
 30
0.0
 10
-63.05006778148887
 20
-49.21083579846999
 30
0.0
  0
LINE
  5
601
330
70
100
AcDbEntity
  8
0
100
AcDbLine
 10
-63.05006778148887
 20
-49.21083579846999
 30
0.0
 11
-63.39361775183565
 21
-49.12726958946671
 31
0.0
  0
SPLINE
  5
602
330
70
100
AcDbEntity
  8
0
100
AcDbSpline
210
0.0
220
0.0
230
1.0
 70
     8
 71
     2
 72
     9
 73
     6
 74
     0
 42
0.000000001
 43
0.0000000001
 40
0.0
 40
0.0
 40
0.0
 40
1.0
 40
2.0
 40
3.0
 40
4.0
 40
4.0
 40
4.0
 10
-63.39361775183565
 20
-49.12726958946671
 30
0.0
 10
-63.64122133406755
 20
-49.07155878346454
 30
0.0
 10
-64.05905237908389
 20
-48.88585609679061
 30
0.0
 10
-64.36236676731798
 20
-48.61349215633551
 30
0.0
 10
-64.53259423010242
 20
-48.24518182776554
 30
0.0
 10
-64.53568927488032
 20
-48.00995842464523
 30
0.0
  0
SPLINE
  5
603
330
70
100
AcDbEntity
  8
0
100
AcDbSpline
210
0.0
220
0.0
230
1.0
 70
     8
 71
     2
 72
     8
 73
     5
 74
     0
 42
0.000000001
 43
0.0000000001
 40
0.0
 40
0.0
 40
0.0
 40
1.0
 40
2.0
 40
3.0
 40
3.0
 40
3.0
 10
-64.53568927488032
 20
-48.00995842464523
 30
0.0
 10
-64.53259423010242
 20
-47.66021836474266
 30
0.0
 10
-64.18285417019984
 20
-47.14644093161145
 30
0.0
 10
-63.52051458772949
 20
-46.86788690160056
 30
0.0
 10
-63.05625787104467
 20
-46.86788690160056
 30
0.0
  0
SPLINE
  5
604
330
70
100
AcDbEntity
  8
0
100
AcDbSpline
210
0.0
220
0.0
230
1.0
 70
     8
 71
     2
 72
     8
 73
     5
 74
     0
 42
0.000000001
 43
0.0000000001
 40
0.0
 40
0.0
 40
0.0
 40
1.0
 40
2.0
 40
3.0
 40
3.0
 40
3.0
 10
-63.05625787104467
 20
-46.86788690160056
 30
0.0
 10
-62.59509619913774
 20
-46.86788690160056
 30
0.0
 10
-61.9110913032221
 20
-47.14953597638935
 30
0.0
 10
-61.53040079554053
 20
-47.70664403641114
 30
0.0
 10
-61.52111566120684
 20
-48.1151899470938
 30
0.0
  0
LINE
  5
605
330
70
100
AcDbEntity
  8
0
100
AcDbLine
 10
-61.52111566120685
 20
-48.1151899470938
 30
0.0
 11
-62.30106694523735
 21
-48.1151899470938
 31
0.0
  0
SPLINE
  5
606
330
70
100
AcDbEntity
  8
0
100
AcDbSpline
210
0.0
220
0.0
230
1.0
 70
     8
 71
     2
 72
     8
 73
     5
 74
     0
 42
0.000000001
 43
0.0000000001
 40
0.0
 40
0.0
 40
0.0
 40
1.0
 40
2.0
 40
3.0
 40
3.0
 40
3.0
 10
-62.30106694523735
 20
-48.1151899470938
 30
0.0
 10
-62.31344712434895
 20
-47.92329717086406
 30
0.0
 10
-62.50843494535658
 20
-47.66950349907635
 30
0.0
 10
-62.83960473659175
 20
-47.54260666318251
 30
0.0
 10
-63.04697273671097
 20
-47.54260666318251
 30
0.0
  0
SPLINE
  5
607
330
70
100
AcDbEntity
  8
0
100
AcDbSpline
210
0.0
220
0.0
230
1.0
 70
     8
 71
     2
 72
     8
 73
     5
 74
     0
 42
0.000000001
 43
0.0000000001
 40
0.0
 40
0.0
 40
0.0
 40
1.0
 40
2.0
 40
3.0
 40
3.0
 40
3.0
 10
-63.04697273671097
 20
-47.54260666318251
 30
0.0
 10
-63.2512456920523
 20
-47.54260666318251
 30
0.0
 10
-63.55456008028639
 20
-47.66021836474266
 30
0.0
 10
-63.72169249829291
 20
-47.87377645441768
 30
0.0
 10
-63.72169249829291
 20
-48.00995842464523
 30
0.0
  0
SPLINE
  5
608
330
70
100
AcDbEntity
  8
0
100
AcDbSpline
210
0.0
220
0.0
230
1.0
 70
     8
 71
     2
 72
     8
 73
     5
 74
     0
 42
0.000000001
 43
0.0000000001
 40
0.0
 40
0.0
 40
0.0
 40
1.0
 40
2.0
 40
3.0
 40
3.0
 40
3.0
 10
-63.72169249829291
 20
-48.00995842464523
 30
0.0
 10
-63.72169249829291
 20
-48.13995030531699
 30
0.0
 10
-63.57003530417587
 20
-48.31327281287933
 30
0.0
 10
-63.28219613983129
 20
-48.43707460399528
 30
0.0
 10
-63.07482813971206
 20
-48.48659532044166
 30
0.0
  0
LINE
  5
609
330
70
100
AcDbEntity
  8
0
100
AcDbLine
 10
-63.07482813971206
 20
-48.48659532044166
 30
0.0
 11
-62.66009213947362
 21
-48.59182684289021
 31
0.0
  0
SPLINE
  5
60A
330
70
100
AcDbEntity
  8
0
100
AcDbSpline
210
0.0
220
0.0
230
1.0
 70
     8
 71
     2
 72
     7
 73
     4
 74
     0
 42
0.000000001
 43
0.0000000001
 40
0.0
 40
0.0
 40
0.0
 40
1.0
 40
2.0
 40
2.0
 40
2.0
 10
-62.66009213947362
 20
-48.59182684289021
 30
0.0
 10
-62.1772651541214
 20
-48.70634349967247
 30
0.0
 10
-61.62015709409961
 20
-49.20464570891418
 30
0.0
 10
-61.62325213887751
 20
-49.62866684348632
 30
0.0
  0
SPLINE
  5
60B
330
70
100
AcDbEntity
  8
0
100
AcDbSpline
210
0.0
220
0.0
230
1.0
 70
     8
 71
     2
 72
     8
 73
     5
 74
     0
 42
0.000000001
 43
0.0000000001
 40
0.0
 40
0.0
 40
0.0
 40
1.0
 40
2.0
 40
3.0
 40
3.0
 40
3.0
 10
-61.62325213887751
 20
-49.62866684348632
 30
0.0
 10
-61.62015709409961
 20
-49.975311858611
 30
0.0
 10
-61.99465751222536
 20
-50.49218433652011
 30
0.0
 10
-62.64771196036202
 20
-50.7800235008647
 30
0.0
 10
-63.06554300537836
 20
-50.7800235008647
 30
0.0
  0
SPLINE
  5
60C
330
70
100
AcDbEntity
  8
0
100
AcDbSpline
210
0.0
220
0.0
230
1.0
 70
     8
 71
     2
 72
     8
 73
     5
 74
     0
 42
0.000000001
 43
0.0000000001
 40
0.0
 40
0.0
 40
0.0
 40
1.0
 40
2.0
 40
3.0
 40
3.0
 40
3.0
 10
-63.06554300537836
 20
-50.7800235008647
 30
0.0
 10
-63.4895641399505
 20
-50.7800235008647
 30
0.0
 10
-64.12404831941977
 20
-50.49218433652011
 30
0.0
 10
-64.47688342410024
 20
-49.975311858611
 30
0.0
 10
-64.48307351365603
 20
-49.63485693304213
 30
0.0
  0
SPLINE
  5
60D
330
70
100
AcDbEntity
  8
0
100
AcDbSpline
210
0.0
220
0.0
230
1.0
 70
     8
 71
     2
 72
     9
 73
     6
 74
     0
 42
0.000000001
 43
0.0000000001
 40
0.0
 40
0.0
 40
0.0
 40
1.0
 40
2.0
 40
3.0
 40
4.0
 40
4.0
 40
4.0
 10
-12.45585709103935
 20
-50.32862823542235
 30
0.0
 10
-12.78393183749663
 20
-50.32862823542235
 30
0.0
 10
-13.35342007663001
 20
-50.14292554874842
 30
0.0
 10
-13.79291643509165
 20
-49.79009044406794
 30
0.0
 10
-14.06837542032465
 20
-49.27631301093673
 30
0.0
 10
-14.10861100243733
 20
-48.94514321970156
 30
0.0
  0
LINE
  5
60E
330
70
100
AcDbEntity
  8
0
100
AcDbLine
 10
-14.10861100243733
 20
-48.94514321970156
 30
0.0
 11
-13.29461422584994
 21
-48.94514321970156
 31
0.0
  0
SPLINE
  5
60F
330
70
100
AcDbEntity
  8
0
100
AcDbSpline
210
0.0
220
0.0
230
1.0
 70
     8
 71
     2
 72
     9
 73
     6
 74
     0
 42
0.000000001
 43
0.0000000001
 40
0.0
 40
0.0
 40
0.0
 40
1.0
 40
2.0
 40
3.0
 40
4.0
 40
4.0
 40
4.0
 10
-13.29461422584994
 20
-48.94514321970156
 30
0.0
 10
-13.26985386762675
 20
-49.1029905033744
 30
0.0
 10
-13.1336718973992
 20
-49.3505940856063
 30
0.0
 10
-12.91701876294628
 20
-49.52391659316865
 30
0.0
 10
-12.63536968815748
 20
-49.61676793650561
 30
0.0
 10
-12.47442735970674
 20
-49.61676793650561
 30
0.0
  0
SPLINE
  5
610
330
70
100
AcDbEntity
  8
0
100
AcDbSpline
210
0.0
220
0.0
230
1.0
 70
     8
 71
     2
 72
     8
 73
     5
 74
     0
 42
0.000000001
 43
0.0000000001
 40
0.0
 40
0.0
 40
0.0
 40
1.0
 40
2.0
 40
3.0
 40
3.0
 40
3.0
 10
-12.47442735970674
 20
-49.61676793650561
 30
0.0
 10
-12.17730306102845
 20
-49.61676793650561
 30
0.0
 10
-11.73780670256682
 20
-49.32583372738311
 30
0.0
 10
-11.49639320989071
 20
-48.76872566736132
 30
0.0
 10
-11.49639320989071
 20
-48.37255993579027
 30
0.0
  0
SPLINE
  5
611
330
70
100
AcDbEntity
  8
0
100
AcDbSpline
210
0.0
220
0.0
230
1.0
 70
     8
 71
     2
 72
     8
 73
     5
 74
     0
 42
0.000000001
 43
0.0000000001
 40
0.0
 40
0.0
 40
0.0
 40
1.0
 40
2.0
 40
3.0
 40
3.0
 40
3.0
 10
-11.49639320989071
 20
-48.37255993579027
 30
0.0
 10
-11.49639320989071
 20
-47.96710906988552
 30
0.0
 10
-11.74090174734472
 20
-47.41309605464163
 30
0.0
 10
-12.18039810580635
 20
-47.12835193507493
 30
0.0
 10
-12.46823727015095
 20
-47.12835193507493
 30
0.0
  0
SPLINE
  5
612
330
70
100
AcDbEntity
  8
0
100
AcDbSpline
210
0.0
220
0.0
230
1.0
 70
     8
 71
     2
 72
     9
 73
     6
 74
     0
 42
0.000000001
 43
0.0000000001
 40
0.0
 40
0.0
 40
0.0
 40
1.0
 40
2.0
 40
3.0
 40
4.0
 40
4.0
 40
4.0
 10
-12.46823727015095
 20
-47.12835193507493
 30
0.0
 10
-12.62917959860169
 20
-47.12835193507493
 30
0.0
 10
-12.90773362861258
 20
-47.2150131888561
 30
0.0
 10
-13.1212917182876
 20
-47.37905056208474
 30
0.0
 10
-13.26675882284885
 20
-47.61736900998295
 30
0.0
 10
-13.29461422584994
 20
-47.77212124887789
 30
0.0
  0
LINE
  5
613
330
70
100
AcDbEntity
  8
0
100
AcDbLine
 10
-13.29461422584994
 20
-47.77212124887789
 30
0.0
 11
-14.10861100243733
 21
-47.76593115932209
 31
0.0
  0
SPLINE
  5
614
330
70
100
AcDbEntity
  8
0
100
AcDbSpline
210
0.0
220
0.0
230
1.0
 70
     8
 71
     2
 72
     9
 73
     6
 74
     0
 42
0.000000001
 43
0.0000000001
 40
0.0
 40
0.0
 40
0.0
 40
1.0
 40
2.0
 40
3.0
 40
4.0
 40
4.0
 40
4.0
 10
-14.10861100243733
 20
-47.76593115932209
 30
0.0
 10
-14.07456550988045
 20
-47.5059473979786
 30
0.0
 10
-13.82386688287064
 20
-47.02002536784847
 30
0.0
 10
-13.4029407930764
 20
-46.63933486016691
 30
0.0
 10
-12.82107237483141
 20
-46.4164916361582
 30
0.0
 10
-12.45585709103935
 20
-46.4164916361582
 30
0.0
  0
SPLINE
  5
615
330
70
100
AcDbEntity
  8
0
100
AcDbSpline
210
0.0
220
0.0
230
1.0
 70
     8
 71
     2
 72
     8
 73
     5
 74
     0
 42
0.000000001
 43
0.0000000001
 40
0.0
 40
0.0
 40
0.0
 40
1.0
 40
2.0
 40
3.0
 40
3.0
 40
3.0
 10
-12.45585709103935
 20
-46.4164916361582
 30
0.0
 10
-11.94517470268604
 20
-46.4164916361582
 30
0.0
 10
-11.14355810521024
 20
-46.87765330806513
 30
0.0
 10
-10.67930138852541
 20
-47.75355098021051
 30
0.0
 10
-10.67930138852541
 20
-48.37255993579027
 30
0.0
  0
SPLINE
  5
616
330
70
100
AcDbEntity
  8
0
100
AcDbSpline
210
0.0
220
0.0
230
1.0
 70
     8
 71
     2
 72
     8
 73
     5
 74
     0
 42
0.000000001
 43
0.0000000001
 40
0.0
 40
0.0
 40
0.0
 40
1.0
 40
2.0
 40
3.0
 40
3.0
 40
3.0
 10
-10.67930138852541
 20
-48.37255993579027
 30
0.0
 10
-10.67930138852541
 20
-48.99775898092585
 30
0.0
 10
-11.14974819476604
 20
-49.87056160829332
 30
0.0
 10
-11.95136479224184
 20
-50.32862823542235
 30
0.0
 10
-12.45585709103935
 20
-50.32862823542235
 30
0.0
  0
SPLINE
  5
617
330
70
100
AcDbEntity
  8
0
100
AcDbSpline
210
0.0
220
0.0
230
1.0
 70
     8
 71
     2
 72
     7
 73
     4
 74
     0
 42
0.000000001
 43
0.0000000001
 40
0.0
 40
0.0
 40
0.0
 40
1.0
 40
2.0
 40
2.0
 40
2.0
 10
-249.327652300123
 20
-65.7235764104156
 30
0.0
 10
-249.327652300123
 20
-65.43883229084892
 30
0.0
 10
-249.5814459719107
 20
-65.18194357428331
 30
0.0
 10
-249.9002355840342
 20
-65.18194357428331
 30
0.0
  0
LINE
  5
618
330
70
100
AcDbEntity
  8
0
100
AcDbLine
 10
-249.9002355840343
 20
-65.18194357428331
 30
0.0
 11
-249.9002355840342
 21
-64.46698823058868
 31
0.0
  0
SPLINE
  5
619
330
70
100
AcDbEntity
  8
0
100
AcDbSpline
210
0.0
220
0.0
230
1.0
 70
     8
 71
     2
 72
     7
 73
     4
 74
     0
 42
0.000000001
 43
0.0000000001
 40
0.0
 40
0.0
 40
0.0
 40
1.0
 40
2.0
 40
2.0
 40
2.0
 10
-249.9002355840342
 20
-64.46698823058868
 30
0.0
 10
-249.5814459719107
 20
-64.46698823058868
 30
0.0
 10
-249.327652300123
 20
-64.21009951402308
 30
0.0
 10
-249.327652300123
 20
-63.92226034967848
 30
0.0
  0
LINE
  5
61A
330
70
100
AcDbEntity
  8
0
100
AcDbLine
 10
-249.327652300123
 20
-63.92226034967848
 30
0.0
 11
-249.327652300123
 21
-63.51061939421793
 31
0.0
  0
SPLINE
  5
61B
330
70
100
AcDbEntity
  8
0
100
AcDbSpline
210
0.0
220
0.0
230
1.0
 70
     8
 71
     2
 72
     9
 73
     6
 74
     0
 42
0.000000001
 43
0.0000000001
 40
0.0
 40
0.0
 40
0.0
 40
1.0
 40
2.0
 40
3.0
 40
4.0
 40
4.0
 40
4.0
 10
-249.327652300123
 20
-63.51061939421793
 30
0.0
 10
-249.327652300123
 20
-63.16706942387117
 30
0.0
 10
-249.1388545686711
 20
-62.75233342363272
 30
0.0
 10
-248.7922095535465
 20
-62.5387753339577
 30
0.0
 10
-248.3217627473059
 20
-62.47068434884392
 30
0.0
 10
-248.040113672517
 20
-62.47068434884392
 30
0.0
  0
LINE
  5
61C
330
70
100
AcDbEntity
  8
0
100
AcDbLine
 10
-248.0401136725171
 20
-62.47068434884392
 30
0.0
 11
-248.040113672517
 21
-63.0618379014226
 31
0.0
  0
SPLINE
  5
61D
330
70
100
AcDbEntity
  8
0
100
AcDbSpline
210
0.0
220
0.0
230
1.0
 70
     8
 71
     2
 72
     8
 73
     5
 74
     0
 42
0.000000001
 43
0.0000000001
 40
0.0
 40
0.0
 40
0.0
 40
1.0
 40
2.0
 40
3.0
 40
3.0
 40
3.0
 10
-248.040113672517
 20
-63.0618379014226
 30
0.0
 10
-248.2598618517479
 20
-63.0618379014226
 30
0.0
 10
-248.4888951653124
 20
-63.17635455820486
 30
0.0
 10
-248.5693663295378
 20
-63.41157796132517
 30
0.0
 10
-248.5693663295378
 20
-63.59109055844331
 30
0.0
  0
LINE
  5
61E
330
70
100
AcDbEntity
  8
0
100
AcDbLine
 10
-248.5693663295378
 20
-63.59109055844331
 30
0.0
 11
-248.5693663295378
 21
-64.1327233945756
 31
0.0
  0
SPLINE
  5
61F
330
70
100
AcDbEntity
  8
0
100
AcDbSpline
210
0.0
220
0.0
230
1.0
 70
     8
 71
     2
 72
     9
 73
     6
 74
     0
 42
0.000000001
 43
0.0000000001
 40
0.0
 40
0.0
 40
0.0
 40
1.0
 40
2.0
 40
3.0
 40
3.023368793961344
 40
3.023368793961344
 40
3.023368793961344
 10
-248.5693663295378
 20
-64.1327233945756
 30
0.0
 10
-248.5693663295378
 20
-64.27819049913686
 30
0.0
 10
-248.6745978519863
 20
-64.53198417092455
 30
0.0
 10
-248.9562469267751
 20
-64.72697199193219
 30
0.0
 10
-249.2254735673124
 20
-64.78556837840205
 30
0.0
 10
-249.2317059120081
 20
-64.78687516767724
 30
0.0
  0
LINE
  5
620
330
70
100
AcDbEntity
  8
0
100
AcDbLine
 10
-249.2317059120081
 20
-64.78687516767725
 30
0.0
 11
-249.2317059120081
 21
-64.86205663719473
 31
0.0
  0
SPLINE
  5
621
330
70
100
AcDbEntity
  8
0
100
AcDbSpline
210
0.0
220
0.0
230
1.0
 70
     8
 71
     2
 72
     9
 73
     6
 74
     0
 42
0.000000001
 43
0.0000000001
 40
0.9766312060385851
 40
0.9766312060385851
 40
0.9766312060385851
 40
1.0
 40
2.0
 40
3.0
 40
4.0
 40
4.0
 40
4.0
 10
-249.2317059120081
 20
-64.86205663719474
 30
0.0
 10
-249.2254735673124
 20
-64.86336342646993
 30
0.0
 10
-248.9562469267751
 20
-64.9219598129398
 30
0.0
 10
-248.6745978519863
 20
-65.11694763394743
 30
0.0
 10
-248.5693663295378
 20
-65.37074130573514
 30
0.0
 10
-248.5693663295378
 20
-65.51311336551849
 30
0.0
  0
LINE
  5
622
330
70
100
AcDbEntity
  8
0
100
AcDbLine
 10
-248.5693663295378
 20
-65.51311336551849
 30
0.0
 11
-248.5693663295378
 21
-66.05474620165079
 31
0.0
  0
SPLINE
  5
623
330
70
100
AcDbEntity
  8
0
100
AcDbSpline
210
0.0
220
0.0
230
1.0
 70
     8
 71
     2
 72
     8
 73
     5
 74
     0
 42
0.000000001
 43
0.0000000001
 40
0.0
 40
0.0
 40
0.0
 40
1.0
 40
2.0
 40
3.0
 40
3.0
 40
3.0
 10
-248.5693663295378
 20
-66.05474620165079
 30
0.0
 10
-248.5693663295378
 20
-66.23425879876892
 30
0.0
 10
-248.4888951653124
 20
-66.47257724666713
 30
0.0
 10
-248.2598618517479
 20
-66.58399885867149
 30
0.0
 10
-248.040113672517
 20
-66.58399885867149
 30
0.0
  0
LINE
  5
624
330
70
100
AcDbEntity
  8
0
100
AcDbLine
 10
-248.0401136725171
 20
-66.58399885867149
 30
0.0
 11
-248.040113672517
 21
-67.17515241125017
 31
0.0
  0
SPLINE
  5
625
330
70
100
AcDbEntity
  8
0
100
AcDbSpline
210
0.0
220
0.0
230
1.0
 70
     8
 71
     2
 72
     9
 73
     6
 74
     0
 42
0.000000001
 43
0.0000000001
 40
0.0
 40
0.0
 40
0.0
 40
1.0
 40
2.0
 40
3.0
 40
4.0
 40
4.0
 40
4.0
 10
-248.040113672517
 20
-67.17515241125017
 30
0.0
 10
-248.3217627473059
 20
-67.17515241125017
 30
0.0
 10
-248.7922095535465
 20
-67.1070614261364
 30
0.0
 10
-249.1388545686711
 20
-66.89350333646138
 30
0.0
 10
-249.327652300123
 20
-66.47876733622293
 30
0.0
 10
-249.327652300123
 20
-66.13521736587616
 30
0.0
  0
LINE
  5
626
330
70
100
AcDbEntity
  8
0
100
AcDbLine
 10
-249.327652300123
 20
-66.13521736587616
 30
0.0
 11
-249.327652300123
 21
-65.7235764104156
 31
0.0
  0
LINE
  5
627
330
70
100
AcDbEntity
  8
0
100
AcDbLine
 10
-230.5196359391866
 20
-63.19850300692145
 30
0.0
 11
-230.5196359391866
 21
-62.60734945434276
 31
0.0
  0
SPLINE
  5
628
330
70
100
AcDbEntity
  8
0
100
AcDbSpline
210
0.0
220
0.0
230
1.0
 70
     8
 71
     2
 72
     9
 73
     6
 74
     0
 42
0.000000001
 43
0.0000000001
 40
0.0
 40
0.0
 40
0.0
 40
1.0
 40
2.0
 40
3.0
 40
4.0
 40
4.0
 40
4.0
 10
-230.5196359391866
 20
-62.60734945434276
 30
0.0
 10
-230.2379868643978
 20
-62.60734945434276
 30
0.0
 10
-229.7675400581572
 20
-62.67544043945655
 30
0.0
 10
-229.4239900878105
 20
-62.88899852913157
 30
0.0
 10
-229.2320973115807
 20
-63.30373452937002
 30
0.0
 10
-229.2320973115807
 20
-63.64728449971678
 30
0.0
  0
LINE
  5
629
330
70
100
AcDbEntity
  8
0
100
AcDbLine
 10
-229.2320973115807
 20
-63.64728449971678
 30
0.0
 11
-229.2320973115807
 21
-64.05892545517733
 31
0.0
  0
SPLINE
  5
62A
330
70
100
AcDbEntity
  8
0
100
AcDbSpline
210
0.0
220
0.0
230
1.0
 70
     8
 71
     2
 72
     7
 73
     4
 74
     0
 42
0.000000001
 43
0.0000000001
 40
0.0
 40
0.0
 40
0.0
 40
1.0
 40
2.0
 40
2.0
 40
2.0
 10
-229.2320973115807
 20
-64.05892545517733
 30
0.0
 10
-229.2320973115807
 20
-64.34676461952192
 30
0.0
 10
-228.9813986845709
 20
-64.60365333608752
 30
0.0
 10
-228.6595140276694
 20
-64.60365333608752
 30
0.0
  0
LINE
  5
62B
330
70
100
AcDbEntity
  8
0
100
AcDbLine
 10
-228.6595140276694
 20
-64.60365333608752
 30
0.0
 11
-228.6595140276694
 21
-65.31860867978216
 31
0.0
  0
SPLINE
  5
62C
330
70
100
AcDbEntity
  8
0
100
AcDbSpline
210
0.0
220
0.0
230
1.0
 70
     8
 71
     2
 72
     7
 73
     4
 74
     0
 42
0.000000001
 43
0.0000000001
 40
0.0
 40
0.0
 40
0.0
 40
1.0
 40
2.0
 40
2.0
 40
2.0
 10
-228.6595140276694
 20
-65.31860867978216
 30
0.0
 10
-228.9813986845709
 20
-65.31860867978216
 30
0.0
 10
-229.2320973115807
 20
-65.57549739634777
 30
0.0
 10
-229.2320973115807
 20
-65.86024151591445
 30
0.0
  0
LINE
  5
62D
330
70
100
AcDbEntity
  8
0
100
AcDbLine
 10
-229.2320973115807
 20
-65.86024151591447
 30
0.0
 11
-229.2320973115807
 21
-66.271882471375
 31
0.0
  0
SPLINE
  5
62E
330
70
100
AcDbEntity
  8
0
100
AcDbSpline
210
0.0
220
0.0
230
1.0
 70
     8
 71
     2
 72
     9
 73
     6
 74
     0
 42
0.000000001
 43
0.0000000001
 40
0.0
 40
0.0
 40
0.0
 40
1.0
 40
2.0
 40
3.0
 40
4.0
 40
4.0
 40
4.0
 10
-229.2320973115807
 20
-66.271882471375
 30
0.0
 10
-229.2320973115807
 20
-66.61543244172178
 30
0.0
 10
-229.4239900878105
 20
-67.03016844196023
 30
0.0
 10
-229.7675400581572
 20
-67.24372653163524
 30
0.0
 10
-230.2379868643978
 20
-67.31181751674902
 30
0.0
 10
-230.5196359391866
 20
-67.31181751674902
 30
0.0
  0
LINE
  5
62F
330
70
100
AcDbEntity
  8
0
100
AcDbLine
 10
-230.5196359391866
 20
-67.31181751674902
 30
0.0
 11
-230.5196359391866
 21
-66.72066396417034
 31
0.0
  0
SPLINE
  5
630
330
70
100
AcDbEntity
  8
0
100
AcDbSpline
210
0.0
220
0.0
230
1.0
 70
     8
 71
     2
 72
     8
 73
     5
 74
     0
 42
0.000000001
 43
0.0000000001
 40
0.0
 40
0.0
 40
0.0
 40
1.0
 40
2.0
 40
3.0
 40
3.0
 40
3.0
 10
-230.5196359391866
 20
-66.72066396417034
 30
0.0
 10
-230.2998877599558
 20
-66.72066396417034
 30
0.0
 10
-230.0708544463913
 20
-66.60924235216597
 30
0.0
 10
-229.9903832821659
 20
-66.37092390426776
 30
0.0
 10
-229.9903832821659
 20
-66.19141130714964
 30
0.0
  0
LINE
  5
631
330
70
100
AcDbEntity
  8
0
100
AcDbLine
 10
-229.9903832821659
 20
-66.19141130714964
 30
0.0
 11
-229.9903832821659
 21
-65.64977847101733
 31
0.0
  0
SPLINE
  5
632
330
70
100
AcDbEntity
  8
0
100
AcDbSpline
210
0.0
220
0.0
230
1.0
 70
     8
 71
     2
 72
     9
 73
     6
 74
     0
 42
0.000000001
 43
0.0000000001
 40
0.0
 40
0.0
 40
0.0
 40
1.0
 40
2.0
 40
3.0
 40
3.023368793961411
 40
3.023368793961411
 40
3.023368793961411
 10
-229.9903832821659
 20
-65.64977847101733
 30
0.0
 10
-229.9903832821659
 20
-65.50740641123399
 30
0.0
 10
-229.8851517597174
 20
-65.25361273944628
 30
0.0
 10
-229.6035026849286
 20
-65.05862491843865
 30
0.0
 10
-229.3342760443913
 20
-65.00002853196878
 30
0.0
 10
-229.3280436996956
 20
-64.99872174269359
 30
0.0
  0
LINE
  5
633
330
70
100
AcDbEntity
  8
0
100
AcDbLine
 10
-229.3280436996956
 20
-64.99872174269357
 30
0.0
 11
-229.3280436996955
 21
-64.9235402731761
 31
0.0
  0
SPLINE
  5
634
330
70
100
AcDbEntity
  8
0
100
AcDbSpline
210
0.0
220
0.0
230
1.0
 70
     8
 71
     2
 72
     9
 73
     6
 74
     0
 42
0.000000001
 43
0.0000000001
 40
0.9766312060385246
 40
0.9766312060385246
 40
0.9766312060385246
 40
1.0
 40
2.0
 40
3.0
 40
4.0
 40
4.0
 40
4.0
 10
-229.3280436996956
 20
-64.92354027317611
 30
0.0
 10
-229.3342760443913
 20
-64.92223348390091
 30
0.0
 10
-229.6035026849286
 20
-64.86363709743104
 30
0.0
 10
-229.8851517597174
 20
-64.66864927642339
 30
0.0
 10
-229.9903832821659
 20
-64.4148556046357
 30
0.0
 10
-229.9903832821659
 20
-64.26938850007445
 30
0.0
  0
LINE
  5
635
330
70
100
AcDbEntity
  8
0
100
AcDbLine
 10
-229.9903832821659
 20
-64.26938850007445
 30
0.0
 11
-229.9903832821659
 21
-63.72775566394216
 31
0.0
  0
SPLINE
  5
636
330
70
100
AcDbEntity
  8
0
100
AcDbSpline
210
0.0
220
0.0
230
1.0
 70
     8
 71
     2
 72
     8
 73
     5
 74
     0
 42
0.000000001
 43
0.0000000001
 40
0.0
 40
0.0
 40
0.0
 40
1.0
 40
2.0
 40
3.0
 40
3.0
 40
3.0
 10
-229.9903832821659
 20
-63.72775566394216
 30
0.0
 10
-229.9903832821659
 20
-63.54824306682402
 30
0.0
 10
-230.0708544463913
 20
-63.31301966370372
 30
0.0
 10
-230.2998877599558
 20
-63.19850300692145
 30
0.0
 10
-230.5196359391866
 20
-63.19850300692145
 30
0.0
  0
SPLINE
  5
637
330
70
100
AcDbEntity
  8
0
100
AcDbSpline
210
0.0
220
0.0
230
1.0
 70
     8
 71
     2
 72
     8
 73
     5
 74
     0
 42
0.000000001
 43
0.0000000001
 40
0.0
 40
0.0
 40
0.0
 40
1.0
 40
2.0
 40
3.0
 40
3.0
 40
3.0
 10
-128.04909850223
 20
-105.4920933939144
 30
0.0
 10
-128.04909850223
 20
-105.1052127966771
 30
0.0
 10
-127.6900733079938
 20
-104.5047741097647
 30
0.0
 10
-127.0493990389687
 20
-104.1643191841958
 30
0.0
 10
-126.6253779043966
 20
-104.1643191841958
 30
0.0
  0
SPLINE
  5
638
330
70
100
AcDbEntity
  8
0
100
AcDbSpline
210
0.0
220
0.0
230
1.0
 70
     8
 71
     2
 72
     9
 73
     6
 74
     0
 42
0.000000001
 43
0.0000000001
 40
0.0
 40
0.0
 40
0.0
 40
1.0
 40
2.0
 40
3.0
 40
4.0
 40
4.0
 40
4.0
 10
-126.6253779043966
 20
-104.1643191841958
 30
0.0
 10
-126.3313486504962
 20
-104.1674142289737
 30
0.0
 10
-125.7866207695859
 20
-104.3593070052035
 30
0.0
 10
-125.356409545458
 20
-104.7957083188872
 30
0.0
 10
-125.1057109184482
 20
-105.5137587073597
 30
0.0
 10
-125.1057109184482
 20
-106.0368212748246
 30
0.0
  0
SPLINE
  5
639
330
70
100
AcDbEntity
  8
0
100
AcDbSpline
210
0.0
220
0.0
230
1.0
 70
     8
 71
     2
 72
     9
 73
     6
 74
     0
 42
0.000000001
 43
0.0000000001
 40
0.0
 40
0.0
 40
0.0
 40
1.0
 40
2.0
 40
3.0
 40
4.0
 40
4.0
 40
4.0
 10
-125.1057109184482
 20
-106.0368212748246
 30
0.0
 10
-125.1057109184482
 20
-106.516553215399
 30
0.0
 10
-125.3223640529011
 20
-107.2717441412063
 30
0.0
 10
-125.7309099635838
 20
-107.800996798227
 30
0.0
 10
-126.3003982027172
 20
-108.07645578346
 30
0.0
 10
-126.6532333073976
 20
-108.07645578346
 30
0.0
  0
SPLINE
  5
63A
330
70
100
AcDbEntity
  8
0
100
AcDbSpline
210
0.0
220
0.0
230
1.0
 70
     8
 71
     2
 72
     8
 73
     5
 74
     0
 42
0.000000001
 43
0.0000000001
 40
0.0
 40
0.0
 40
0.0
 40
1.0
 40
2.0
 40
3.0
 40
3.0
 40
3.0
 10
-126.6532333073976
 20
-108.07645578346
 30
0.0
 10
-127.0339238150792
 20
-108.07645578346
 30
0.0
 10
-127.6188872781021
 20
-107.7824265295596
 30
0.0
 10
-127.9748174275604
 20
-107.2748391859842
 30
0.0
 10
-128.0119579648952
 20
-106.9622396634164
 30
0.0
  0
LINE
  5
63B
330
70
100
AcDbEntity
  8
0
100
AcDbLine
 10
-128.0119579648952
 20
-106.9622396634164
 30
0.0
 11
-127.2165314569752
 21
-106.9622396634164
 31
0.0
  0
SPLINE
  5
63C
330
70
100
AcDbEntity
  8
0
100
AcDbSpline
210
0.0
220
0.0
230
1.0
 70
     8
 71
     2
 72
     7
 73
     4
 74
     0
 42
0.000000001
 43
0.0000000001
 40
0.0
 40
0.0
 40
0.0
 40
1.0
 40
2.0
 40
2.0
 40
2.0
 10
-127.2165314569752
 20
-106.9622396634164
 30
0.0
 10
-127.1701057853067
 20
-107.1603225292019
 30
0.0
 10
-126.8729814866285
 20
-107.3862607979885
 30
0.0
 10
-126.6532333073976
 20
-107.3862607979885
 30
0.0
  0
SPLINE
  5
63D
330
70
100
AcDbEntity
  8
0
100
AcDbSpline
210
0.0
220
0.0
230
1.0
 70
     8
 71
     2
 72
     7
 73
     4
 74
     0
 42
0.000000001
 43
0.0000000001
 40
0.0
 40
0.0
 40
0.0
 40
1.0
 40
2.0
 40
2.0
 40
2.0
 10
-126.6532333073976
 20
-107.3862607979885
 30
0.0
 10
-126.2818279340498
 20
-107.3862607979885
 30
0.0
 10
-125.8949473368124
 20
-106.7393964394077
 30
0.0
 10
-125.8918522920345
 20
-106.1853834241638
 30
0.0
  0
LINE
  5
63E
330
70
100
AcDbEntity
  8
0
100
AcDbLine
 10
-125.8918522920345
 20
-106.1853834241638
 30
0.0
 11
-125.9197076950356
 21
-106.1853834241638
 31
0.0
  0
SPLINE
  5
63F
330
70
100
AcDbEntity
  8
0
100
AcDbSpline
210
0.0
220
0.0
230
1.0
 70
     8
 71
     2
 72
     8
 73
     5
 74
     0
 42
0.000000001
 43
0.0000000001
 40
0.0
 40
0.0
 40
0.0
 40
1.0
 40
2.0
 40
3.0
 40
3.0
 40
3.0
 10
-125.9197076950356
 20
-106.1853834241638
 30
0.0
 10
-126.0032739040389
 20
-106.3525158421703
 30
0.0
 10
-126.2973031579393
 20
-106.5939293348464
 30
0.0
 10
-126.6687085312871
 20
-106.7208261707403
 30
0.0
 10
-126.8791715761842
 20
-106.7208261707403
 30
0.0
  0
SPLINE
  5
640
330
70
100
AcDbEntity
  8
0
100
AcDbSpline
210
0.0
220
0.0
230
1.0
 70
     8
 71
     2
 72
     8
 73
     5
 74
     0
 42
0.000000001
 43
0.0000000001
 40
0.0
 40
0.0
 40
0.0
 40
1.0
 40
2.0
 40
3.0
 40
3.0
 40
3.0
 10
-126.8791715761842
 20
-106.7208261707403
 30
0.0
 10
-127.2165314569752
 20
-106.7208261707403
 30
0.0
 10
-127.7457841139959
 20
-106.4051316033946
 30
0.0
 10
-128.04909850223
 20
-105.8511185881507
 30
0.0
 10
-128.04909850223
 20
-105.4920933939144
 30
0.0
  0
SPLINE
  5
641
330
70
100
AcDbEntity
  8
0
100
AcDbSpline
210
0.0
220
0.0
230
1.0
 70
     8
 71
     2
 72
     8
 73
     5
 74
     0
 42
0.000000001
 43
0.0000000001
 40
0.0
 40
0.0
 40
0.0
 40
1.0
 40
2.0
 40
3.0
 40
3.0
 40
3.0
 10
-126.497869259032
 20
-88.56531086972848
 30
0.0
 10
-126.497869259032
 20
-88.17843027249113
 30
0.0
 10
-126.1388440647958
 20
-87.57799158557876
 30
0.0
 10
-125.4981697957707
 20
-87.23753666000988
 30
0.0
 10
-125.0741486611986
 20
-87.23753666000988
 30
0.0
  0
SPLINE
  5
642
330
70
100
AcDbEntity
  8
0
100
AcDbSpline
210
0.0
220
0.0
230
1.0
 70
     8
 71
     2
 72
     9
 73
     6
 74
     0
 42
0.000000001
 43
0.0000000001
 40
0.0
 40
0.0
 40
0.0
 40
1.0
 40
2.0
 40
3.0
 40
4.0
 40
4.0
 40
4.0
 10
-125.0741486611986
 20
-87.23753666000988
 30
0.0
 10
-124.7801194072982
 20
-87.24063170478778
 30
0.0
 10
-124.235391526388
 20
-87.43252448101751
 30
0.0
 10
-123.80518030226
 20
-87.86892579470125
 30
0.0
 10
-123.5544816752502
 20
-88.58697618317378
 30
0.0
 10
-123.5544816752502
 20
-89.11003875063869
 30
0.0
  0
SPLINE
  5
643
330
70
100
AcDbEntity
  8
0
100
AcDbSpline
210
0.0
220
0.0
230
1.0
 70
     8
 71
     2
 72
     9
 73
     6
 74
     0
 42
0.000000001
 43
0.0000000001
 40
0.0
 40
0.0
 40
0.0
 40
1.0
 40
2.0
 40
3.0
 40
4.0
 40
4.0
 40
4.0
 10
-123.5544816752502
 20
-89.11003875063869
 30
0.0
 10
-123.5544816752502
 20
-89.58977069121301
 30
0.0
 10
-123.7711348097031
 20
-90.34496161702032
 30
0.0
 10
-124.1796807203858
 20
-90.87421427404102
 30
0.0
 10
-124.7491689595192
 20
-91.14967325927402
 30
0.0
 10
-125.1020040641996
 20
-91.14967325927402
 30
0.0
  0
SPLINE
  5
644
330
70
100
AcDbEntity
  8
0
100
AcDbSpline
210
0.0
220
0.0
230
1.0
 70
     8
 71
     2
 72
     8
 73
     5
 74
     0
 42
0.000000001
 43
0.0000000001
 40
0.0
 40
0.0
 40
0.0
 40
1.0
 40
2.0
 40
3.0
 40
3.0
 40
3.0
 10
-125.1020040641996
 20
-91.14967325927402
 30
0.0
 10
-125.4826945718812
 20
-91.14967325927402
 30
0.0
 10
-126.0676580349041
 20
-90.85564400537363
 30
0.0
 10
-126.4235881843625
 20
-90.34805666179822
 30
0.0
 10
-126.4607287216972
 20
-90.03545713923044
 30
0.0
  0
LINE
  5
645
330
70
100
AcDbEntity
  8
0
100
AcDbLine
 10
-126.4607287216973
 20
-90.03545713923044
 30
0.0
 11
-125.6653022137772
 21
-90.03545713923044
 31
0.0
  0
SPLINE
  5
646
330
70
100
AcDbEntity
  8
0
100
AcDbSpline
210
0.0
220
0.0
230
1.0
 70
     8
 71
     2
 72
     7
 73
     4
 74
     0
 42
0.000000001
 43
0.0000000001
 40
0.0
 40
0.0
 40
0.0
 40
1.0
 40
2.0
 40
2.0
 40
2.0
 10
-125.6653022137772
 20
-90.03545713923044
 30
0.0
 10
-125.6188765421088
 20
-90.23354000501596
 30
0.0
 10
-125.3217522434305
 20
-90.45947827380258
 30
0.0
 10
-125.1020040641996
 20
-90.45947827380258
 30
0.0
  0
SPLINE
  5
647
330
70
100
AcDbEntity
  8
0
100
AcDbSpline
210
0.0
220
0.0
230
1.0
 70
     8
 71
     2
 72
     7
 73
     4
 74
     0
 42
0.000000001
 43
0.0000000001
 40
0.0
 40
0.0
 40
0.0
 40
1.0
 40
2.0
 40
2.0
 40
2.0
 10
-125.1020040641996
 20
-90.45947827380258
 30
0.0
 10
-124.7305986908518
 20
-90.45947827380258
 30
0.0
 10
-124.3437180936144
 20
-89.81261391522172
 30
0.0
 10
-124.3406230488365
 20
-89.25860089997783
 30
0.0
  0
LINE
  5
648
330
70
100
AcDbEntity
  8
0
100
AcDbLine
 10
-124.3406230488365
 20
-89.25860089997783
 30
0.0
 11
-124.3684784518376
 21
-89.25860089997783
 31
0.0
  0
SPLINE
  5
649
330
70
100
AcDbEntity
  8
0
100
AcDbSpline
210
0.0
220
0.0
230
1.0
 70
     8
 71
     2
 72
     8
 73
     5
 74
     0
 42
0.000000001
 43
0.0000000001
 40
0.0
 40
0.0
 40
0.0
 40
1.0
 40
2.0
 40
3.0
 40
3.0
 40
3.0
 10
-124.3684784518376
 20
-89.25860089997783
 30
0.0
 10
-124.4520446608409
 20
-89.42573331798437
 30
0.0
 10
-124.7460739147413
 20
-89.66714681066049
 30
0.0
 10
-125.1174792880892
 20
-89.79404364655435
 30
0.0
 10
-125.3279423329863
 20
-89.79404364655435
 30
0.0
  0
SPLINE
  5
64A
330
70
100
AcDbEntity
  8
0
100
AcDbSpline
210
0.0
220
0.0
230
1.0
 70
     8
 71
     2
 72
     8
 73
     5
 74
     0
 42
0.000000001
 43
0.0000000001
 40
0.0
 40
0.0
 40
0.0
 40
1.0
 40
2.0
 40
3.0
 40
3.0
 40
3.0
 10
-125.3279423329863
 20
-89.79404364655435
 30
0.0
 10
-125.6653022137772
 20
-89.79404364655435
 30
0.0
 10
-126.194554870798
 20
-89.47834907920864
 30
0.0
 10
-126.497869259032
 20
-88.92433606396478
 30
0.0
 10
-126.497869259032
 20
-88.56531086972848
 30
0.0
  0
SPLINE
  5
64B
330
70
100
AcDbEntity
  8
0
100
AcDbSpline
210
0.0
220
0.0
230
1.0
 70
     8
 71
     2
 72
     8
 73
     5
 74
     0
 42
0.000000001
 43
0.0000000001
 40
0.0
 40
0.0
 40
0.0
 40
1.0
 40
2.0
 40
3.0
 40
3.0
 40
3.0
 10
-187.3823824204778
 20
-31.77245784813623
 30
0.0
 10
-187.3576220622546
 20
-31.52794931068223
 30
0.0
 10
-187.2214400920271
 20
-31.03893223577421
 30
0.0
 10
-187.0759729874659
 20
-30.63967145942526
 30
0.0
 10
-187.0295473157973
 20
-30.5282498474209
 30
0.0
  0
LINE
  5
64C
330
70
100
AcDbEntity
  8
0
100
AcDbLine
 10
-187.0295473157974
 20
-30.52824984742091
 30
0.0
 11
-186.5157698826662
 21
-30.5282498474209
 31
0.0
  0
SPLINE
  5
64D
330
70
100
AcDbEntity
  8
0
100
AcDbSpline
210
0.0
220
0.0
230
1.0
 70
     8
 71
     2
 72
     8
 73
     5
 74
     0
 42
0.000000001
 43
0.0000000001
 40
0.0
 40
0.0
 40
0.0
 40
1.0
 40
2.0
 40
3.0
 40
3.0
 40
3.0
 10
-186.5157698826662
 20
-30.5282498474209
 30
0.0
 10
-186.5436252856672
 20
-30.63657641464736
 30
0.0
 10
-186.64266671856
 20
-31.02964710144051
 30
0.0
 10
-186.7262329275633
 20
-31.51556913157063
 30
0.0
 10
-186.7386131066749
 20
-31.76936280335834
 30
0.0
  0
SPLINE
  5
64E
330
70
100
AcDbEntity
  8
0
100
AcDbSpline
210
0.0
220
0.0
230
1.0
 70
     8
 71
     2
 72
     8
 73
     5
 74
     0
 42
0.000000001
 43
0.0000000001
 40
0.0
 40
0.0
 40
0.0
 40
1.0
 40
2.0
 40
3.0
 40
3.0
 40
3.0
 10
-206.3246924482338
 20
-31.73869749272784
 30
0.0
 10
-206.3246924482338
 20
-31.61489570161189
 30
0.0
 10
-206.2008906571178
 20
-31.41062274627056
 30
0.0
 10
-205.9997127465544
 20
-31.28991599993251
 30
0.0
 10
-205.8790060002163
 20
-31.28991599993251
 30
0.0
  0
SPLINE
  5
64F
330
70
100
AcDbEntity
  8
0
100
AcDbSpline
210
0.0
220
0.0
230
1.0
 70
     8
 71
     2
 72
     7
 73
     4
 74
     0
 42
0.000000001
 43
0.0000000001
 40
0.0
 40
0.0
 40
0.0
 40
1.0
 40
2.0
 40
2.0
 40
2.0
 10
-205.8790060002163
 20
-31.28991599993251
 30
0.0
 10
-205.6933033135424
 20
-31.28991599993251
 30
0.0
 10
-205.4333195521989
 20
-31.55299480605391
 30
0.0
 10
-205.4333195521989
 20
-31.73869749272784
 30
0.0
  0
SPLINE
  5
650
330
70
100
AcDbEntity
  8
0
100
AcDbSpline
210
0.0
220
0.0
230
1.0
 70
     8
 71
     2
 72
     7
 73
     4
 74
     0
 42
0.000000001
 43
0.0000000001
 40
0.0
 40
0.0
 40
0.0
 40
1.0
 40
2.0
 40
2.0
 40
2.0
 10
-205.4333195521989
 20
-31.73869749272784
 30
0.0
 10
-205.4333195521989
 20
-31.91821008984597
 30
0.0
 10
-205.6933033135424
 20
-32.18128889596737
 30
0.0
 10
-205.8790060002163
 20
-32.18128889596737
 30
0.0
  0
SPLINE
  5
651
330
70
100
AcDbEntity
  8
0
100
AcDbSpline
210
0.0
220
0.0
230
1.0
 70
     8
 71
     2
 72
     7
 73
     4
 74
     0
 42
0.000000001
 43
0.0000000001
 40
0.0
 40
0.0
 40
0.0
 40
1.0
 40
2.0
 40
2.0
 40
2.0
 10
-205.8790060002163
 20
-32.18128889596737
 30
0.0
 10
-206.0554235525565
 20
-32.18128889596737
 30
0.0
 10
-206.3246924482338
 20
-31.91821008984597
 30
0.0
 10
-206.3246924482338
 20
-31.73869749272784
 30
0.0
  0
SPLINE
  5
652
330
70
100
AcDbEntity
  8
0
100
AcDbSpline
210
0.0
220
0.0
230
1.0
 70
     8
 71
     2
 72
     7
 73
     4
 74
     0
 42
0.000000001
 43
0.0000000001
 40
0.0
 40
0.0
 40
0.0
 40
1.0
 40
2.0
 40
2.0
 40
2.0
 10
-270.3152163939005
 20
-103.5686805180677
 30
0.0
 10
-270.4522834687652
 20
-103.5686805180677
 30
0.0
 10
-270.6381371295988
 20
-103.7173634467345
 30
0.0
 10
-270.6869237155676
 20
-103.8846317414847
 30
0.0
  0
LINE
  5
653
330
70
100
AcDbEntity
  8
0
100
AcDbLine
 10
-270.6869237155676
 20
-103.8846317414847
 30
0.0
 11
-271.2700395764328
 21
-103.7870585695471
 31
0.0
  0
SPLINE
  5
654
330
70
100
AcDbEntity
  8
0
100
AcDbSpline
210
0.0
220
0.0
230
1.0
 70
     8
 71
     2
 72
     7
 73
     4
 74
     0
 42
0.000000001
 43
0.0000000001
 40
0.0
 40
0.0
 40
0.0
 40
1.0
 40
2.0
 40
2.0
 40
2.0
 10
-271.2700395764328
 20
-103.7870585695471
 30
0.0
 10
-271.1585273799327
 20
-103.4664610046092
 30
0.0
 10
-270.672984691005
 20
-103.1319244151088
 30
0.0
 10
-270.3082468816192
 20
-103.1319244151088
 30
0.0
  0
SPLINE
  5
655
330
70
100
AcDbEntity
  8
0
100
AcDbSpline
210
0.0
220
0.0
230
1.0
 70
     8
 71
     2
 72
     6
 73
     3
 74
     0
 42
0.000000001
 43
0.0000000001
 40
0.0
 40
0.0
 40
0.0
 40
1.0
 40
1.0
 40
1.0
 10
-270.3082468816192
 20
-103.1319244151088
 30
0.0
 10
-269.7321005330352
 20
-103.1319244151088
 30
0.0
 10
-269.4556432125453
 20
-103.5082780782968
 30
0.0
  0
SPLINE
  5
656
330
70
100
AcDbEntity
  8
0
100
AcDbSpline
210
0.0
220
0.0
230
1.0
 70
     8
 71
     2
 72
     6
 73
     3
 74
     0
 42
0.000000001
 43
0.0000000001
 40
0.0
 40
0.0
 40
0.0
 40
1.0
 40
1.0
 40
1.0
 10
-269.4556432125453
 20
-103.5082780782968
 30
0.0
 10
-269.2372651610659
 20
-103.8102902771513
 30
0.0
 10
-269.2372651610659
 20
-104.2679549169539
 30
0.0
  0
SPLINE
  5
657
330
70
100
AcDbEntity
  8
0
100
AcDbSpline
210
0.0
220
0.0
230
1.0
 70
     8
 71
     2
 72
     7
 73
     4
 74
     0
 42
0.000000001
 43
0.0000000001
 40
0.0
 40
0.0
 40
0.0
 40
1.0
 40
2.0
 40
2.0
 40
2.0
 10
-269.2372651610659
 20
-104.2679549169539
 30
0.0
 10
-269.2372651610659
 20
-104.8185463871733
 30
0.0
 10
-269.8110883388895
 20
-105.4388329802052
 30
0.0
 10
-270.2501676126087
 20
-105.4388329802052
 30
0.0
  0
SPLINE
  5
658
330
70
100
AcDbEntity
  8
0
100
AcDbSpline
210
0.0
220
0.0
230
1.0
 70
     8
 71
     2
 72
     7
 73
     4
 74
     0
 42
0.000000001
 43
0.0000000001
 40
0.0
 40
0.0
 40
0.0
 40
1.0
 40
2.0
 40
2.0
 40
2.0
 10
-270.2501676126087
 20
-105.4388329802052
 30
0.0
 10
-270.7426798138176
 20
-105.4388329802052
 30
0.0
 10
-271.3118566501203
 20
-104.7883451672878
 30
0.0
 10
-271.3002407963182
 20
-104.1169488175266
 30
0.0
  0
LINE
  5
659
330
70
100
AcDbEntity
  8
0
100
AcDbLine
 10
-271.3002407963182
 20
-104.1169488175266
 30
0.0
 11
-269.836643217254
 21
-104.1169488175266
 31
0.0
  0
SPLINE
  5
65A
330
70
100
AcDbEntity
  8
0
100
AcDbSpline
210
0.0
220
0.0
230
1.0
 70
     8
 71
     2
 72
     7
 73
     4
 74
     0
 42
0.000000001
 43
0.0000000001
 40
0.0
 40
0.0
 40
0.0
 40
1.0
 40
2.0
 40
2.0
 40
2.0
 10
-269.836643217254
 20
-104.1169488175266
 30
0.0
 10
-269.8436127295353
 20
-103.8567536923597
 30
0.0
 10
-270.113100537744
 20
-103.5686805180677
 30
0.0
 10
-270.3152163939005
 20
-103.5686805180677
 30
0.0
  0
SPLINE
  5
65B
330
70
100
AcDbEntity
  8
0
100
AcDbSpline
210
0.0
220
0.0
230
1.0
 70
     8
 71
     2
 72
     8
 73
     5
 74
     0
 42
0.000000001
 43
0.0000000001
 40
0.0
 40
0.0
 40
0.0
 40
1.0
 40
2.0
 40
3.0
 40
3.0
 40
3.0
 10
-262.4512833698811
 20
-104.0356378409119
 30
0.0
 10
-262.4512833698811
 20
-103.7661500327033
 30
0.0
 10
-262.4745150774852
 20
-103.675546373047
 30
0.0
 10
-262.5558260541
 20
-103.6174671040365
 30
0.0
 10
-262.6139053231104
 20
-103.6174671040365
 30
0.0
  0
SPLINE
  5
65C
330
70
100
AcDbEntity
  8
0
100
AcDbSpline
210
0.0
220
0.0
230
1.0
 70
     8
 71
     2
 72
     6
 73
     3
 74
     0
 42
0.000000001
 43
0.0000000001
 40
0.0
 40
0.0
 40
0.0
 40
1.0
 40
1.0
 40
1.0
 10
-262.6139053231104
 20
-103.6174671040365
 30
0.0
 10
-262.6952162997251
 20
-103.6174671040365
 30
0.0
 10
-262.8508687406732
 20
-103.6732232022865
 30
0.0
  0
LINE
  5
65D
330
70
100
AcDbEntity
  8
0
100
AcDbLine
 10
-262.8508687406732
 20
-103.6732232022865
 30
0.0
 11
-262.899655326642
 21
-103.2202049040048
 31
0.0
  0
SPLINE
  5
65E
330
70
100
AcDbEntity
  8
0
100
AcDbSpline
210
0.0
220
0.0
230
1.0
 70
     8
 71
     2
 72
     6
 73
     3
 74
     0
 42
0.000000001
 43
0.0000000001
 40
0.0
 40
0.0
 40
0.0
 40
1.0
 40
1.0
 40
1.0
 10
-262.899655326642
 20
-103.2202049040048
 30
0.0
 10
-262.6952162997251
 20
-103.1319244151088
 30
0.0
 10
-262.4373443453186
 20
-103.1319244151088
 30
0.0
  0
SPLINE
  5
65F
330
70
100
AcDbEntity
  8
0
100
AcDbSpline
210
0.0
220
0.0
230
1.0
 70
     8
 71
     2
 72
     8
 73
     5
 74
     0
 42
0.000000001
 43
0.0000000001
 40
0.0
 40
0.0
 40
0.0
 40
1.0
 40
2.0
 40
3.0
 40
3.0
 40
3.0
 10
-262.4373443453186
 20
-103.1319244151088
 30
0.0
 10
-262.27936873361
 20
-103.1319244151088
 30
0.0
 10
-262.0261431207243
 20
-103.2387902700881
 30
0.0
 10
-261.907661411943
 20
-103.4060585648383
 30
0.0
 10
-261.8844297043387
 20
-103.5500951519843
 30
0.0
  0
SPLINE
  5
660
330
70
100
AcDbEntity
  8
0
100
AcDbSpline
210
0.0
220
0.0
230
1.0
 70
     8
 71
     2
 72
     6
 73
     3
 74
     0
 42
0.000000001
 43
0.0000000001
 40
0.0
 40
0.0
 40
0.0
 40
1.0
 40
1.0
 40
1.0
 10
-261.8844297043387
 20
-103.5500951519843
 30
0.0
 10
-261.8658443382554
 20
-103.6523146654428
 30
0.0
 10
-261.8658443382554
 20
-103.9612963765785
 30
0.0
  0
SPLINE
  5
661
330
70
100
AcDbEntity
  8
0
100
AcDbSpline
210
0.0
220
0.0
230
1.0
 70
     8
 71
     2
 72
     8
 73
     5
 74
     0
 42
0.000000001
 43
0.0000000001
 40
0.0
 40
0.0
 40
0.0
 40
1.0
 40
2.0
 40
3.0
 40
3.0
 40
3.0
 10
-263.7336736296326
 20
-108.028328970676
 30
0.0
 10
-263.7336736296326
 20
-108.3860972677806
 30
0.0
 10
-263.6593321652991
 20
-108.5975058069787
 30
0.0
 10
-263.4897406997885
 20
-108.7136643449997
 30
0.0
 10
-263.3712589910071
 20
-108.7136643449997
 30
0.0
  0
SPLINE
  5
662
330
70
100
AcDbEntity
  8
0
100
AcDbSpline
210
0.0
220
0.0
230
1.0
 70
     8
 71
     2
 72
     8
 73
     5
 74
     0
 42
0.000000001
 43
0.0000000001
 40
0.0
 40
0.0
 40
0.0
 40
1.0
 40
2.0
 40
3.0
 40
3.0
 40
3.0
 10
-263.3712589910071
 20
-108.7136643449997
 30
0.0
 10
-263.2202528915799
 20
-108.7136643449997
 30
0.0
 10
-262.9786431324963
 20
-108.5463960502495
 30
0.0
 10
-262.8903626436004
 20
-108.27226190052
 30
0.0
 10
-262.8903626436004
 20
-107.9028777496134
 30
0.0
  0
SPLINE
  5
663
330
70
100
AcDbEntity
  8
0
100
AcDbSpline
210
0.0
220
0.0
230
1.0
 70
     8
 71
     2
 72
     6
 73
     3
 74
     0
 42
0.000000001
 43
0.0000000001
 40
0.0
 40
0.0
 40
0.0
 40
1.0
 40
1.0
 40
1.0
 10
-262.8485455699128
 20
-108.7856826385727
 30
0.0
 10
-263.1366187442048
 20
-109.1597131310002
 30
0.0
 10
-263.575698017924
 20
-109.1597131310002
 30
0.0
  0
SPLINE
  5
664
330
70
100
AcDbEntity
  8
0
100
AcDbSpline
210
0.0
220
0.0
230
1.0
 70
     8
 71
     2
 72
     9
 73
     6
 74
     0
 42
0.000000001
 43
0.0000000001
 40
0.0
 40
0.0
 40
0.0
 40
1.0
 40
2.0
 40
3.0
 40
4.0
 40
4.0
 40
4.0
 10
-263.575698017924
 20
-109.1597131310002
 30
0.0
 10
-263.7708443617993
 20
-109.1597131310002
 30
0.0
 10
-264.0914419267371
 20
-109.020322885375
 30
0.0
 10
-264.2540638799665
 20
-108.8042680046561
 30
0.0
 10
-264.3191126612582
 20
-108.5301338549266
 30
0.0
 10
-264.3191126612582
 20
-108.2745850712804
 30
0.0
  0
SPLINE
  5
665
330
70
100
AcDbEntity
  8
0
100
AcDbSpline
210
0.0
220
0.0
230
1.0
 70
     8
 71
     2
 72
     7
 73
     4
 74
     0
 42
0.000000001
 43
0.0000000001
 40
0.0
 40
0.0
 40
0.0
 40
1.0
 40
2.0
 40
2.0
 40
2.0
 10
-260.8506187159522
 20
-107.2895606688627
 30
0.0
 10
-260.987685790817
 20
-107.2895606688627
 30
0.0
 10
-261.1735394516505
 20
-107.4382435975295
 30
0.0
 10
-261.2223260376193
 20
-107.6055118922797
 30
0.0
  0
LINE
  5
666
330
70
100
AcDbEntity
  8
0
100
AcDbLine
 10
-261.2223260376193
 20
-107.6055118922797
 30
0.0
 11
-261.8054418984845
 21
-107.5079387203421
 31
0.0
  0
SPLINE
  5
667
330
70
100
AcDbEntity
  8
0
100
AcDbSpline
210
0.0
220
0.0
230
1.0
 70
     8
 71
     2
 72
     7
 73
     4
 74
     0
 42
0.000000001
 43
0.0000000001
 40
0.0
 40
0.0
 40
0.0
 40
1.0
 40
2.0
 40
2.0
 40
2.0
 10
-261.8054418984845
 20
-107.5079387203421
 30
0.0
 10
-261.6939297019844
 20
-107.1873411554042
 30
0.0
 10
-261.2083870130568
 20
-106.8528045659038
 30
0.0
 10
-260.8436492036709
 20
-106.8528045659038
 30
0.0
  0
SPLINE
  5
668
330
70
100
AcDbEntity
  8
0
100
AcDbSpline
210
0.0
220
0.0
230
1.0
 70
     8
 71
     2
 72
     6
 73
     3
 74
     0
 42
0.000000001
 43
0.0000000001
 40
0.0
 40
0.0
 40
0.0
 40
1.0
 40
1.0
 40
1.0
 10
-260.8436492036709
 20
-106.8528045659038
 30
0.0
 10
-260.2675028550869
 20
-106.8528045659038
 30
0.0
 10
-259.991045534597
 20
-107.2291582290918
 30
0.0
  0
SPLINE
  5
669
330
70
100
AcDbEntity
  8
0
100
AcDbSpline
210
0.0
220
0.0
230
1.0
 70
     8
 71
     2
 72
     6
 73
     3
 74
     0
 42
0.000000001
 43
0.0000000001
 40
0.0
 40
0.0
 40
0.0
 40
1.0
 40
1.0
 40
1.0
 10
-259.991045534597
 20
-107.2291582290918
 30
0.0
 10
-259.7726674831176
 20
-107.5311704279463
 30
0.0
 10
-259.7726674831176
 20
-107.9888350677489
 30
0.0
  0
SPLINE
  5
66A
330
70
100
AcDbEntity
  8
0
100
AcDbSpline
210
0.0
220
0.0
230
1.0
 70
     8
 71
     2
 72
     7
 73
     4
 74
     0
 42
0.000000001
 43
0.0000000001
 40
0.0
 40
0.0
 40
0.0
 40
1.0
 40
2.0
 40
2.0
 40
2.0
 10
-259.7726674831176
 20
-107.9888350677489
 30
0.0
 10
-259.7726674831176
 20
-108.5394265379682
 30
0.0
 10
-260.3464906609412
 20
-109.1597131310002
 30
0.0
 10
-260.7855699346604
 20
-109.1597131310002
 30
0.0
  0
SPLINE
  5
66B
330
70
100
AcDbEntity
  8
0
100
AcDbSpline
210
0.0
220
0.0
230
1.0
 70
     8
 71
     2
 72
     7
 73
     4
 74
     0
 42
0.000000001
 43
0.0000000001
 40
0.0
 40
0.0
 40
0.0
 40
1.0
 40
2.0
 40
2.0
 40
2.0
 10
-260.7855699346604
 20
-109.1597131310002
 30
0.0
 10
-261.2780821358693
 20
-109.1597131310002
 30
0.0
 10
-261.8472589721721
 20
-108.5092253180828
 30
0.0
 10
-261.8356431183699
 20
-107.8378289683216
 30
0.0
  0
LINE
  5
66C
330
70
100
AcDbEntity
  8
0
100
AcDbLine
 10
-261.8356431183699
 20
-107.8378289683216
 30
0.0
 11
-260.3720455393057
 21
-107.8378289683216
 31
0.0
  0
SPLINE
  5
66D
330
70
100
AcDbEntity
  8
0
100
AcDbSpline
210
0.0
220
0.0
230
1.0
 70
     8
 71
     2
 72
     7
 73
     4
 74
     0
 42
0.000000001
 43
0.0000000001
 40
0.0
 40
0.0
 40
0.0
 40
1.0
 40
2.0
 40
2.0
 40
2.0
 10
-260.3720455393057
 20
-107.8378289683216
 30
0.0
 10
-260.379015051587
 20
-107.5776338431547
 30
0.0
 10
-260.6485028597957
 20
-107.2895606688627
 30
0.0
 10
-260.8506187159522
 20
-107.2895606688627
 30
0.0
  0
SPLINE
  5
66E
330
70
100
AcDbEntity
  8
0
100
AcDbSpline
210
0.0
220
0.0
230
1.0
 70
     8
 71
     2
 72
     7
 73
     4
 74
     0
 42
0.000000001
 43
0.0000000001
 40
0.0
 40
0.0
 40
0.0
 40
1.0
 40
2.0
 40
2.0
 40
2.0
 10
-257.8699906303342
 20
-108.7856826385727
 30
0.0
 10
-257.9768564853135
 20
-108.9529509333229
 30
0.0
 10
-258.3369479531785
 20
-109.1597131310002
 30
0.0
 10
-258.5576491754183
 20
-109.1597131310002
 30
0.0
  0
SPLINE
  5
66F
330
70
100
AcDbEntity
  8
0
100
AcDbSpline
210
0.0
220
0.0
230
1.0
 70
     8
 71
     2
 72
     7
 73
     4
 74
     0
 42
0.000000001
 43
0.0000000001
 40
0.0
 40
0.0
 40
0.0
 40
1.0
 40
2.0
 40
2.0
 40
2.0
 10
-258.5576491754183
 20
-109.1597131310002
 30
0.0
 10
-258.9432955216479
 20
-109.1597131310002
 30
0.0
 10
-259.4799479673048
 20
-108.5580119040516
 30
0.0
 10
-259.4799479673048
 20
-108.0190362876343
 30
0.0
  0
SPLINE
  5
670
330
70
100
AcDbEntity
  8
0
100
AcDbSpline
210
0.0
220
0.0
230
1.0
 70
     8
 71
     2
 72
     7
 73
     4
 74
     0
 42
0.000000001
 43
0.0000000001
 40
0.0
 40
0.0
 40
0.0
 40
1.0
 40
2.0
 40
2.0
 40
2.0
 10
-259.4799479673048
 20
-108.0190362876343
 30
0.0
 10
-259.4799479673048
 20
-107.4661216466545
 30
0.0
 10
-258.9386491801271
 20
-106.8528045659038
 30
0.0
 10
-258.5553260046579
 20
-106.8528045659038
 30
0.0
  0
SPLINE
  5
671
330
70
100
AcDbEntity
  8
0
100
AcDbSpline
210
0.0
220
0.0
230
1.0
 70
     8
 71
     2
 72
     7
 73
     4
 74
     0
 42
0.000000001
 43
0.0000000001
 40
0.0
 40
0.0
 40
0.0
 40
1.0
 40
2.0
 40
2.0
 40
2.0
 10
-258.5553260046579
 20
-106.8528045659038
 30
0.0
 10
-258.3717955145847
 20
-106.8528045659038
 30
0.0
 10
-258.0744296572511
 20
-106.9991643238102
 30
0.0
 10
-257.9094845332613
 20
-107.1757253016021
 30
0.0
  0
SPLINE
  5
672
330
70
100
AcDbEntity
  8
0
100
AcDbSpline
210
0.0
220
0.0
230
1.0
 70
     8
 71
     2
 72
     8
 73
     5
 74
     0
 42
0.000000001
 43
0.0000000001
 40
0.0
 40
0.0
 40
0.0
 40
1.0
 40
2.0
 40
3.0
 40
3.0
 40
3.0
 10
-255.7466125553109
 20
-106.8528045659038
 30
0.0
 10
-255.442277185696
 20
-106.8528045659038
 30
0.0
 10
-254.8916857154766
 20
-107.1269387156333
 30
0.0
 10
-254.6036125411847
 20
-107.6566216490089
 30
0.0
 10
-254.6036125411847
 20
-108.0376216537177
 30
0.0
  0
SPLINE
  5
673
330
70
100
AcDbEntity
  8
0
100
AcDbSpline
210
0.0
220
0.0
230
1.0
 70
     8
 71
     2
 72
     8
 73
     5
 74
     0
 42
0.000000001
 43
0.0000000001
 40
0.0
 40
0.0
 40
0.0
 40
1.0
 40
2.0
 40
3.0
 40
3.0
 40
3.0
 10
-254.6036125411847
 20
-108.0376216537177
 30
0.0
 10
-254.6036125411847
 20
-108.3280179987701
 30
0.0
 10
-254.8916857154766
 20
-108.8739631274686
 30
0.0
 10
-255.4167223073314
 20
-109.1597131310002
 30
0.0
 10
-255.7419662137901
 20
-109.1597131310002
 30
0.0
  0
SPLINE
  5
674
330
70
100
AcDbEntity
  8
0
100
AcDbSpline
210
0.0
220
0.0
230
1.0
 70
     8
 71
     2
 72
     7
 73
     4
 74
     0
 42
0.000000001
 43
0.0000000001
 40
0.0
 40
0.0
 40
0.0
 40
1.0
 40
2.0
 40
2.0
 40
2.0
 10
-255.7419662137901
 20
-109.1597131310002
 30
0.0
 10
-256.2437710980407
 20
-109.1597131310002
 30
0.0
 10
-256.8849662279165
 20
-108.5092253180828
 30
0.0
 10
-256.8849662279165
 20
-108.0120667753531
 30
0.0
  0
SPLINE
  5
675
330
70
100
AcDbEntity
  8
0
100
AcDbSpline
210
0.0
220
0.0
230
1.0
 70
     8
 71
     2
 72
     7
 73
     4
 74
     0
 42
0.000000001
 43
0.0000000001
 40
0.0
 40
0.0
 40
0.0
 40
1.0
 40
2.0
 40
2.0
 40
2.0
 10
-256.8849662279165
 20
-108.0120667753531
 30
0.0
 10
-256.8849662279165
 20
-107.5125850618629
 30
0.0
 10
-256.2368015857594
 20
-106.8528045659038
 30
0.0
 10
-255.7466125553109
 20
-106.8528045659038
 30
0.0
  0
SPLINE
  5
676
330
70
100
AcDbEntity
  8
0
100
AcDbSpline
210
0.0
220
0.0
230
1.0
 70
     8
 71
     2
 72
     8
 73
     5
 74
     0
 42
0.000000001
 43
0.0000000001
 40
0.0
 40
0.0
 40
0.0
 40
1.0
 40
2.0
 40
3.0
 40
3.0
 40
3.0
 10
-215.9238021810696
 20
-45.72471516914832
 30
0.0
 10
-215.9238021810696
 20
-45.60091337803236
 30
0.0
 10
-215.8000003899537
 20
-45.39664042269103
 30
0.0
 10
-215.5988224793902
 20
-45.27593367635298
 30
0.0
 10
-215.4781157330521
 20
-45.27593367635298
 30
0.0
  0
SPLINE
  5
677
330
70
100
AcDbEntity
  8
0
100
AcDbSpline
210
0.0
220
0.0
230
1.0
 70
     8
 71
     2
 72
     7
 73
     4
 74
     0
 42
0.000000001
 43
0.0000000001
 40
0.0
 40
0.0
 40
0.0
 40
1.0
 40
2.0
 40
2.0
 40
2.0
 10
-215.4781157330521
 20
-45.27593367635298
 30
0.0
 10
-215.2924130463782
 20
-45.27593367635298
 30
0.0
 10
-215.0324292850347
 20
-45.53901248247438
 30
0.0
 10
-215.0324292850347
 20
-45.72471516914832
 30
0.0
  0
SPLINE
  5
678
330
70
100
AcDbEntity
  8
0
100
AcDbSpline
210
0.0
220
0.0
230
1.0
 70
     8
 71
     2
 72
     7
 73
     4
 74
     0
 42
0.000000001
 43
0.0000000001
 40
0.0
 40
0.0
 40
0.0
 40
1.0
 40
2.0
 40
2.0
 40
2.0
 10
-215.0324292850347
 20
-45.72471516914832
 30
0.0
 10
-215.0324292850347
 20
-45.90422776626644
 30
0.0
 10
-215.2924130463782
 20
-46.16730657238785
 30
0.0
 10
-215.4781157330521
 20
-46.16730657238785
 30
0.0
  0
SPLINE
  5
679
330
70
100
AcDbEntity
  8
0
100
AcDbSpline
210
0.0
220
0.0
230
1.0
 70
     8
 71
     2
 72
     7
 73
     4
 74
     0
 42
0.000000001
 43
0.0000000001
 40
0.0
 40
0.0
 40
0.0
 40
1.0
 40
2.0
 40
2.0
 40
2.0
 10
-215.4781157330521
 20
-46.16730657238785
 30
0.0
 10
-215.6545332853924
 20
-46.16730657238785
 30
0.0
 10
-215.9238021810696
 20
-45.90422776626644
 30
0.0
 10
-215.9238021810696
 20
-45.72471516914832
 30
0.0
  0
SPLINE
  5
67A
330
70
100
AcDbEntity
  8
0
100
AcDbSpline
210
0.0
220
0.0
230
1.0
 70
     8
 71
     2
 72
     8
 73
     5
 74
     0
 42
0.000000001
 43
0.0000000001
 40
0.0
 40
0.0
 40
0.0
 40
1.0
 40
2.0
 40
3.0
 40
3.0
 40
3.0
 10
-215.8417835276228
 20
-50.74945954039865
 30
0.0
 10
-215.8170231693996
 20
-50.50495100294464
 30
0.0
 10
-215.680841199172
 20
-50.01593392803663
 30
0.0
 10
-215.5353740946108
 20
-49.61667315168767
 30
0.0
 10
-215.4889484229423
 20
-49.50525153968332
 30
0.0
  0
LINE
  5
67B
330
70
100
AcDbEntity
  8
0
100
AcDbLine
 10
-215.4889484229423
 20
-49.50525153968332
 30
0.0
 11
-214.9751709898111
 21
-49.50525153968332
 31
0.0
  0
SPLINE
  5
67C
330
70
100
AcDbEntity
  8
0
100
AcDbSpline
210
0.0
220
0.0
230
1.0
 70
     8
 71
     2
 72
     8
 73
     5
 74
     0
 42
0.000000001
 43
0.0000000001
 40
0.0
 40
0.0
 40
0.0
 40
1.0
 40
2.0
 40
3.0
 40
3.0
 40
3.0
 10
-214.9751709898111
 20
-49.50525153968332
 30
0.0
 10
-215.0030263928122
 20
-49.61357810690977
 30
0.0
 10
-215.1020678257049
 20
-50.00664879370292
 30
0.0
 10
-215.1856340347082
 20
-50.49257082383305
 30
0.0
 10
-215.1980142138198
 20
-50.74636449562075
 30
0.0
  0
LINE
  5
67D
330
70
100
AcDbEntity
  8
0
100
AcDbLine
 10
-18.01027837853917
 20
-30.38905248861359
 30
0.0
 11
-17.23961222884236
 21
-30.38905248861359
 31
0.0
  0
SPLINE
  5
67E
330
70
100
AcDbEntity
  8
0
100
AcDbSpline
210
0.0
220
0.0
230
1.0
 70
     8
 71
     2
 72
     7
 73
     4
 74
     0
 42
0.000000001
 43
0.0000000001
 40
0.0
 40
0.0
 40
0.0
 40
1.0
 40
2.0
 40
2.0
 40
2.0
 10
-17.23961222884236
 20
-30.38905248861359
 30
0.0
 10
-17.21485187061917
 20
-30.61189571262231
 30
0.0
 10
-16.87749198982819
 20
-30.86259433963211
 30
0.0
 10
-16.58655778070571
 20
-30.86259433963211
 30
0.0
  0
SPLINE
  5
67F
330
70
100
AcDbEntity
  8
0
100
AcDbSpline
210
0.0
220
0.0
230
1.0
 70
     8
 71
     2
 72
     8
 73
     5
 74
     0
 42
0.000000001
 43
0.0000000001
 40
0.0
 40
0.0
 40
0.0
 40
1.0
 40
2.0
 40
3.0
 40
3.0
 40
3.0
 10
-16.58655778070571
 20
-30.86259433963211
 30
0.0
 10
-16.39156995969807
 20
-30.86259433963211
 30
0.0
 10
-16.11920601924298
 20
-30.75117272762775
 30
0.0
 10
-15.97683395945963
 20
-30.55927995139803
 30
0.0
 10
-15.97683395945963
 20
-30.43547816028207
 30
0.0
  0
SPLINE
  5
680
330
70
100
AcDbEntity
  8
0
100
AcDbSpline
210
0.0
220
0.0
230
1.0
 70
     8
 71
     2
 72
     9
 73
     6
 74
     0
 42
0.000000001
 43
0.0000000001
 40
0.0
 40
0.0
 40
0.0
 40
1.0
 40
2.0
 40
3.0
 40
4.0
 40
4.0
 40
4.0
 10
-15.97683395945963
 20
-30.43547816028207
 30
0.0
 10
-15.97064386990383
 20
-30.33334168261141
 30
0.0
 10
-16.0665902580187
 20
-30.18168448849437
 30
0.0
 10
-16.23372267602524
 20
-30.07335792126791
 30
0.0
 10
-16.45347085525606
 20
-29.99288675704253
 30
0.0
 10
-16.57727264637201
 20
-29.96503135404145
 30
0.0
  0
LINE
  5
681
330
70
100
AcDbEntity
  8
0
100
AcDbLine
 10
-16.57727264637201
 20
-29.96503135404144
 30
0.0
 11
-16.92082261671878
 21
-29.88146514503818
 31
0.0
  0
SPLINE
  5
682
330
70
100
AcDbEntity
  8
0
100
AcDbSpline
210
0.0
220
0.0
230
1.0
 70
     8
 71
     2
 72
     9
 73
     6
 74
     0
 42
0.000000001
 43
0.0000000001
 40
0.0
 40
0.0
 40
0.0
 40
1.0
 40
2.0
 40
3.0
 40
4.0
 40
4.0
 40
4.0
 10
-16.92082261671878
 20
-29.88146514503818
 30
0.0
 10
-17.16842619895069
 20
-29.825754339036
 30
0.0
 10
-17.58625724396703
 20
-29.64005165236207
 30
0.0
 10
-17.88957163220112
 20
-29.36768771190697
 30
0.0
 10
-18.05979909498555
 20
-28.99937738333701
 30
0.0
 10
-18.06289413976345
 20
-28.7641539802167
 30
0.0
  0
SPLINE
  5
683
330
70
100
AcDbEntity
  8
0
100
AcDbSpline
210
0.0
220
0.0
230
1.0
 70
     8
 71
     2
 72
     8
 73
     5
 74
     0
 42
0.000000001
 43
0.0000000001
 40
0.0
 40
0.0
 40
0.0
 40
1.0
 40
2.0
 40
3.0
 40
3.0
 40
3.0
 10
-18.06289413976345
 20
-28.7641539802167
 30
0.0
 10
-18.05979909498555
 20
-28.41441392031413
 30
0.0
 10
-17.71005903508298
 20
-27.90063648718292
 30
0.0
 10
-17.04771945261263
 20
-27.62208245717202
 30
0.0
 10
-16.58346273592781
 20
-27.62208245717202
 30
0.0
  0
SPLINE
  5
684
330
70
100
AcDbEntity
  8
0
100
AcDbSpline
210
0.0
220
0.0
230
1.0
 70
     8
 71
     2
 72
     8
 73
     5
 74
     0
 42
0.000000001
 43
0.0000000001
 40
0.0
 40
0.0
 40
0.0
 40
1.0
 40
2.0
 40
3.0
 40
3.0
 40
3.0
 10
-16.58346273592781
 20
-27.62208245717202
 30
0.0
 10
-16.12230106402088
 20
-27.62208245717202
 30
0.0
 10
-15.43829616810523
 20
-27.90373153196082
 30
0.0
 10
-15.05760566042368
 20
-28.46083959198261
 30
0.0
 10
-15.04832052608998
 20
-28.86938550266525
 30
0.0
  0
LINE
  5
685
330
70
100
AcDbEntity
  8
0
100
AcDbLine
 10
-15.04832052608998
 20
-28.86938550266525
 30
0.0
 11
-15.82827181012049
 21
-28.86938550266525
 31
0.0
  0
SPLINE
  5
686
330
70
100
AcDbEntity
  8
0
100
AcDbSpline
210
0.0
220
0.0
230
1.0
 70
     8
 71
     2
 72
     8
 73
     5
 74
     0
 42
0.000000001
 43
0.0000000001
 40
0.0
 40
0.0
 40
0.0
 40
1.0
 40
2.0
 40
3.0
 40
3.0
 40
3.0
 10
-15.82827181012049
 20
-28.86938550266525
 30
0.0
 10
-15.84065198923208
 20
-28.67749272643553
 30
0.0
 10
-16.03563981023971
 20
-28.42369905464782
 30
0.0
 10
-16.36680960147488
 20
-28.29680221875397
 30
0.0
 10
-16.57417760159411
 20
-28.29680221875397
 30
0.0
  0
SPLINE
  5
687
330
70
100
AcDbEntity
  8
0
100
AcDbSpline
210
0.0
220
0.0
230
1.0
 70
     8
 71
     2
 72
     8
 73
     5
 74
     0
 42
0.000000001
 43
0.0000000001
 40
0.0
 40
0.0
 40
0.0
 40
1.0
 40
2.0
 40
3.0
 40
3.0
 40
3.0
 10
-16.57417760159411
 20
-28.29680221875397
 30
0.0
 10
-16.77845055693543
 20
-28.29680221875397
 30
0.0
 10
-17.08176494516952
 20
-28.41441392031413
 30
0.0
 10
-17.24889736317606
 20
-28.62797200998915
 30
0.0
 10
-17.24889736317606
 20
-28.7641539802167
 30
0.0
  0
SPLINE
  5
688
330
70
100
AcDbEntity
  8
0
100
AcDbSpline
210
0.0
220
0.0
230
1.0
 70
     8
 71
     2
 72
     8
 73
     5
 74
     0
 42
0.000000001
 43
0.0000000001
 40
0.0
 40
0.0
 40
0.0
 40
1.0
 40
2.0
 40
3.0
 40
3.0
 40
3.0
 10
-17.24889736317606
 20
-28.7641539802167
 30
0.0
 10
-17.24889736317606
 20
-28.89414586088845
 30
0.0
 10
-17.09724016905902
 20
-29.06746836845078
 30
0.0
 10
-16.80940100471442
 20
-29.19127015956674
 30
0.0
 10
-16.6020330045952
 20
-29.24079087601312
 30
0.0
  0
LINE
  5
689
330
70
100
AcDbEntity
  8
0
100
AcDbLine
 10
-16.6020330045952
 20
-29.24079087601312
 30
0.0
 11
-16.18729700435675
 21
-29.34602239846168
 31
0.0
  0
SPLINE
  5
68A
330
70
100
AcDbEntity
  8
0
100
AcDbSpline
210
0.0
220
0.0
230
1.0
 70
     8
 71
     2
 72
     7
 73
     4
 74
     0
 42
0.000000001
 43
0.0000000001
 40
0.0
 40
0.0
 40
0.0
 40
1.0
 40
2.0
 40
2.0
 40
2.0
 10
-16.18729700435675
 20
-29.34602239846168
 30
0.0
 10
-15.70447001900453
 20
-29.46053905524394
 30
0.0
 10
-15.14736195898274
 20
-29.95884126448565
 30
0.0
 10
-15.15045700376064
 20
-30.38286239905779
 30
0.0
  0
SPLINE
  5
68B
330
70
100
AcDbEntity
  8
0
100
AcDbSpline
210
0.0
220
0.0
230
1.0
 70
     8
 71
     2
 72
     8
 73
     5
 74
     0
 42
0.000000001
 43
0.0000000001
 40
0.0
 40
0.0
 40
0.0
 40
1.0
 40
2.0
 40
3.0
 40
3.0
 40
3.0
 10
-15.15045700376064
 20
-30.38286239905779
 30
0.0
 10
-15.14736195898274
 20
-30.72950741418246
 30
0.0
 10
-15.5218623771085
 20
-31.24637989209157
 30
0.0
 10
-16.17491682524516
 20
-31.53421905643616
 30
0.0
 10
-16.5927478702615
 20
-31.53421905643616
 30
0.0
  0
SPLINE
  5
68C
330
70
100
AcDbEntity
  8
0
100
AcDbSpline
210
0.0
220
0.0
230
1.0
 70
     8
 71
     2
 72
     8
 73
     5
 74
     0
 42
0.000000001
 43
0.0000000001
 40
0.0
 40
0.0
 40
0.0
 40
1.0
 40
2.0
 40
3.0
 40
3.0
 40
3.0
 10
-16.5927478702615
 20
-31.53421905643616
 30
0.0
 10
-17.01676900483364
 20
-31.53421905643616
 30
0.0
 10
-17.65125318430291
 20
-31.24637989209157
 30
0.0
 10
-18.00408828898337
 20
-30.72950741418246
 30
0.0
 10
-18.01027837853917
 20
-30.38905248861359
 30
0.0
  0
SPLINE
  5
68D
330
70
100
AcDbEntity
  8
0
100
AcDbSpline
210
0.0
220
0.0
230
1.0
 70
     8
 71
     2
 72
     9
 73
     6
 74
     0
 42
0.000000001
 43
0.0000000001
 40
0.0
 40
0.0
 40
0.0
 40
1.0
 40
2.0
 40
3.0
 40
4.0
 40
4.0
 40
4.0
 10
-91.65099648094315
 20
-31.79022152325523
 30
0.0
 10
-91.97907122740046
 20
-31.79022152325523
 30
0.0
 10
-92.54855946653382
 20
-31.60451883658131
 30
0.0
 10
-92.98805582499547
 20
-31.25168373190084
 30
0.0
 10
-93.26351481022845
 20
-30.73790629876963
 30
0.0
 10
-93.30375039234114
 20
-30.40673650753446
 30
0.0
  0
LINE
  5
68E
330
70
100
AcDbEntity
  8
0
100
AcDbLine
 10
-93.30375039234114
 20
-30.40673650753446
 30
0.0
 11
-92.48975361575375
 21
-30.40673650753446
 31
0.0
  0
SPLINE
  5
68F
330
70
100
AcDbEntity
  8
0
100
AcDbSpline
210
0.0
220
0.0
230
1.0
 70
     8
 71
     2
 72
     9
 73
     6
 74
     0
 42
0.000000001
 43
0.0000000001
 40
0.0
 40
0.0
 40
0.0
 40
1.0
 40
2.0
 40
3.0
 40
4.0
 40
4.0
 40
4.0
 10
-92.48975361575375
 20
-30.40673650753446
 30
0.0
 10
-92.46499325753056
 20
-30.5645837912073
 30
0.0
 10
-92.32881128730301
 20
-30.81218737343921
 30
0.0
 10
-92.11215815285008
 20
-30.98550988100154
 30
0.0
 10
-91.83050907806132
 20
-31.0783612243385
 30
0.0
 10
-91.66956674961054
 20
-31.0783612243385
 30
0.0
  0
SPLINE
  5
690
330
70
100
AcDbEntity
  8
0
100
AcDbSpline
210
0.0
220
0.0
230
1.0
 70
     8
 71
     2
 72
     8
 73
     5
 74
     0
 42
0.000000001
 43
0.0000000001
 40
0.0
 40
0.0
 40
0.0
 40
1.0
 40
2.0
 40
3.0
 40
3.0
 40
3.0
 10
-91.66956674961054
 20
-31.0783612243385
 30
0.0
 10
-91.37244245093226
 20
-31.0783612243385
 30
0.0
 10
-90.93294609247065
 20
-30.78742701521601
 30
0.0
 10
-90.69153259979451
 20
-30.23031895519422
 30
0.0
 10
-90.69153259979451
 20
-29.83415322362317
 30
0.0
  0
SPLINE
  5
691
330
70
100
AcDbEntity
  8
0
100
AcDbSpline
210
0.0
220
0.0
230
1.0
 70
     8
 71
     2
 72
     8
 73
     5
 74
     0
 42
0.000000001
 43
0.0000000001
 40
0.0
 40
0.0
 40
0.0
 40
1.0
 40
2.0
 40
3.0
 40
3.0
 40
3.0
 10
-90.69153259979451
 20
-29.83415322362317
 30
0.0
 10
-90.69153259979451
 20
-29.42870235771842
 30
0.0
 10
-90.93604113724852
 20
-28.87468934247453
 30
0.0
 10
-91.37553749571017
 20
-28.58994522290783
 30
0.0
 10
-91.66337666005475
 20
-28.58994522290783
 30
0.0
  0
SPLINE
  5
692
330
70
100
AcDbEntity
  8
0
100
AcDbSpline
210
0.0
220
0.0
230
1.0
 70
     8
 71
     2
 72
     9
 73
     6
 74
     0
 42
0.000000001
 43
0.0000000001
 40
0.0
 40
0.0
 40
0.0
 40
1.0
 40
2.0
 40
3.0
 40
4.0
 40
4.0
 40
4.0
 10
-91.66337666005475
 20
-28.58994522290783
 30
0.0
 10
-91.8243189885055
 20
-28.58994522290783
 30
0.0
 10
-92.10287301851639
 20
-28.676606476689
 30
0.0
 10
-92.3164311081914
 20
-28.84064384991764
 30
0.0
 10
-92.46189821275265
 20
-29.07896229781585
 30
0.0
 10
-92.48975361575375
 20
-29.23371453671079
 30
0.0
  0
LINE
  5
693
330
70
100
AcDbEntity
  8
0
100
AcDbLine
 10
-92.48975361575375
 20
-29.23371453671079
 30
0.0
 11
-93.30375039234114
 21
-29.22752444715499
 31
0.0
  0
SPLINE
  5
694
330
70
100
AcDbEntity
  8
0
100
AcDbSpline
210
0.0
220
0.0
230
1.0
 70
     8
 71
     2
 72
     9
 73
     6
 74
     0
 42
0.000000001
 43
0.0000000001
 40
0.0
 40
0.0
 40
0.0
 40
1.0
 40
2.0
 40
3.0
 40
4.0
 40
4.0
 40
4.0
 10
-93.30375039234114
 20
-29.22752444715499
 30
0.0
 10
-93.26970489978425
 20
-28.96754068581149
 30
0.0
 10
-93.01900627277445
 20
-28.48161865568137
 30
0.0
 10
-92.5980801829802
 20
-28.10092814799982
 30
0.0
 10
-92.01621176473523
 20
-27.8780849239911
 30
0.0
 10
-91.65099648094315
 20
-27.8780849239911
 30
0.0
  0
SPLINE
  5
695
330
70
100
AcDbEntity
  8
0
100
AcDbSpline
210
0.0
220
0.0
230
1.0
 70
     8
 71
     2
 72
     8
 73
     5
 74
     0
 42
0.000000001
 43
0.0000000001
 40
0.0
 40
0.0
 40
0.0
 40
1.0
 40
2.0
 40
3.0
 40
3.0
 40
3.0
 10
-91.65099648094315
 20
-27.8780849239911
 30
0.0
 10
-91.14031409258984
 20
-27.8780849239911
 30
0.0
 10
-90.33869749511405
 20
-28.33924659589803
 30
0.0
 10
-89.87444077842923
 20
-29.2151442680434
 30
0.0
 10
-89.87444077842923
 20
-29.83415322362317
 30
0.0
  0
SPLINE
  5
696
330
70
100
AcDbEntity
  8
0
100
AcDbSpline
210
0.0
220
0.0
230
1.0
 70
     8
 71
     2
 72
     8
 73
     5
 74
     0
 42
0.000000001
 43
0.0000000001
 40
0.0
 40
0.0
 40
0.0
 40
1.0
 40
2.0
 40
3.0
 40
3.0
 40
3.0
 10
-89.87444077842923
 20
-29.83415322362317
 30
0.0
 10
-89.87444077842923
 20
-30.45935226875873
 30
0.0
 10
-90.34488758466984
 20
-31.3321548961262
 30
0.0
 10
-91.14650418214564
 20
-31.79022152325523
 30
0.0
 10
-91.65099648094315
 20
-31.79022152325523
 30
0.0
  0
SPLINE
  5
697
330
70
100
AcDbEntity
  8
0
100
AcDbSpline
210
0.0
220
0.0
230
1.0
 70
     8
 71
     2
 72
     8
 73
     5
 74
     0
 42
0.000000001
 43
0.0000000001
 40
0.0
 40
0.0
 40
0.0
 40
1.0
 40
2.0
 40
3.0
 40
3.0
 40
3.0
 10
-104.8790013749076
 20
-84.62034779699015
 30
0.0
 10
-104.6066374344525
 20
-84.62034779699015
 30
0.0
 10
-104.2352320611046
 20
-84.85247615533257
 30
0.0
 10
-104.0433392848749
 20
-85.23316666301413
 30
0.0
 10
-104.0433392848749
 20
-85.46219997657864
 30
0.0
  0
LINE
  5
698
330
70
100
AcDbEntity
  8
0
100
AcDbLine
 10
-104.0433392848749
 20
-85.46219997657864
 30
0.0
 11
-104.0433392848749
 21
-85.66337788714207
 31
0.0
  0
SPLINE
  5
699
330
70
100
AcDbEntity
  8
0
100
AcDbSpline
210
0.0
220
0.0
230
1.0
 70
     8
 71
     2
 72
     8
 73
     5
 74
     0
 42
0.000000001
 43
0.0000000001
 40
0.0
 40
0.0
 40
0.0
 40
1.0
 40
2.0
 40
3.0
 40
3.0
 40
3.0
 10
-104.0433392848749
 20
-85.66337788714207
 30
0.0
 10
-104.0433392848749
 20
-85.89241120070658
 30
0.0
 10
-104.2383271058825
 20
-86.27929179794394
 30
0.0
 10
-104.6128275240083
 20
-86.50832511150845
 30
0.0
 10
-104.8790013749076
 20
-86.50832511150845
 30
0.0
  0
SPLINE
  5
69A
330
70
100
AcDbEntity
  8
0
100
AcDbSpline
210
0.0
220
0.0
230
1.0
 70
     8
 71
     2
 72
     8
 73
     5
 74
     0
 42
0.000000001
 43
0.0000000001
 40
0.0
 40
0.0
 40
0.0
 40
1.0
 40
2.0
 40
3.0
 40
3.0
 40
3.0
 10
-104.8790013749076
 20
-86.50832511150845
 30
0.0
 10
-105.1544603601406
 20
-86.50832511150845
 30
0.0
 10
-105.5258657334885
 20
-86.27929179794394
 30
0.0
 10
-105.7208535544961
 20
-85.89241120070658
 30
0.0
 10
-105.7208535544961
 20
-85.66337788714207
 30
0.0
  0
LINE
  5
69B
330
70
100
AcDbEntity
  8
0
100
AcDbLine
 10
-105.7208535544961
 20
-85.66337788714205
 30
0.0
 11
-105.7208535544961
 21
-85.46219997657864
 31
0.0
  0
SPLINE
  5
69C
330
70
100
AcDbEntity
  8
0
100
AcDbSpline
210
0.0
220
0.0
230
1.0
 70
     8
 71
     2
 72
     8
 73
     5
 74
     0
 42
0.000000001
 43
0.0000000001
 40
0.0
 40
0.0
 40
0.0
 40
1.0
 40
2.0
 40
3.0
 40
3.0
 40
3.0
 10
-105.7208535544961
 20
-85.46219997657864
 30
0.0
 10
-105.7208535544961
 20
-85.23007161823622
 30
0.0
 10
-105.5258657334885
 20
-84.84938111055468
 30
0.0
 10
-105.1513653153627
 20
-84.62034779699015
 30
0.0
 10
-104.8790013749076
 20
-84.62034779699015
 30
0.0
  0
SPLINE
  5
69D
330
70
100
AcDbEntity
  8
0
100
AcDbSpline
210
0.0
220
0.0
230
1.0
 70
     8
 71
     2
 72
     8
 73
     5
 74
     0
 42
0.000000001
 43
0.0000000001
 40
0.0
 40
0.0
 40
0.0
 40
1.0
 40
2.0
 40
3.0
 40
3.0
 40
3.0
 10
-107.2884936385098
 20
-88.94561204843535
 30
0.0
 10
-107.2884936385098
 20
-88.5618264959759
 30
0.0
 10
-106.9294684442736
 20
-87.96448285384142
 30
0.0
 10
-106.2887941752485
 20
-87.62402792827254
 30
0.0
 10
-105.8647730406763
 20
-87.62402792827254
 30
0.0
  0
SPLINE
  5
69E
330
70
100
AcDbEntity
  8
0
100
AcDbSpline
210
0.0
220
0.0
230
1.0
 70
     8
 71
     2
 72
     8
 73
     5
 74
     0
 42
0.000000001
 43
0.0000000001
 40
0.0
 40
0.0
 40
0.0
 40
1.0
 40
2.0
 40
3.0
 40
3.0
 40
3.0
 10
-105.8647730406763
 20
-87.62402792827254
 30
0.0
 10
-105.4717023538832
 20
-87.62402792827254
 30
0.0
 10
-104.8557884430813
 20
-87.91496213739504
 30
0.0
 10
-104.4936682040672
 20
-88.42564452574835
 30
0.0
 10
-104.4874781145114
 20
-88.75371927220562
 30
0.0
  0
LINE
  5
69F
330
70
100
AcDbEntity
  8
0
100
AcDbLine
 10
-104.4874781145114
 20
-88.75371927220562
 30
0.0
 11
-105.2674293985419
 21
-88.75371927220562
 31
0.0
  0
SPLINE
  5
6A0
330
70
100
AcDbEntity
  8
0
100
AcDbSpline
210
0.0
220
0.0
230
1.0
 70
     8
 71
     2
 72
     7
 73
     4
 74
     0
 42
0.000000001
 43
0.0000000001
 40
0.0
 40
0.0
 40
0.0
 40
1.0
 40
2.0
 40
2.0
 40
2.0
 10
-105.2674293985419
 20
-88.75371927220562
 30
0.0
 10
-105.2829046224314
 20
-88.53087604819691
 30
0.0
 10
-105.6264545927781
 20
-88.25541706296391
 30
0.0
 10
-105.8647730406763
 20
-88.25541706296391
 30
0.0
  0
SPLINE
  5
6A1
330
70
100
AcDbEntity
  8
0
100
AcDbSpline
210
0.0
220
0.0
230
1.0
 70
     8
 71
     2
 72
     8
 73
     5
 74
     0
 42
0.000000001
 43
0.0000000001
 40
0.0
 40
0.0
 40
0.0
 40
1.0
 40
2.0
 40
3.0
 40
3.0
 40
3.0
 10
-105.8647730406763
 20
-88.25541706296391
 30
0.0
 10
-106.0535707721282
 20
-88.25541706296391
 30
0.0
 10
-106.3476000260286
 20
-88.42564452574835
 30
0.0
 10
-106.5116373992572
 20
-88.72895891398243
 30
0.0
 10
-106.5116373992572
 20
-88.92704177976796
 30
0.0
  0
SPLINE
  5
6A2
330
70
100
AcDbEntity
  8
0
100
AcDbSpline
210
0.0
220
0.0
230
1.0
 70
     8
 71
     2
 72
     8
 73
     5
 74
     0
 42
0.000000001
 43
0.0000000001
 40
0.0
 40
0.0
 40
0.0
 40
1.0
 40
2.0
 40
3.0
 40
3.0
 40
3.0
 10
-106.5116373992572
 20
-88.92704177976796
 30
0.0
 10
-106.5116373992572
 20
-89.12821969033139
 30
0.0
 10
-106.3445049812507
 20
-89.43153407856547
 30
0.0
 10
-106.0442856377945
 20
-89.60176154134991
 30
0.0
 10
-105.8554879063427
 20
-89.6048565861278
 30
0.0
  0
SPLINE
  5
6A3
330
70
100
AcDbEntity
  8
0
100
AcDbSpline
210
0.0
220
0.0
230
1.0
 70
     8
 71
     2
 72
     7
 73
     4
 74
     0
 42
0.000000001
 43
0.0000000001
 40
0.0
 40
0.0
 40
0.0
 40
1.0
 40
2.0
 40
2.0
 40
2.0
 10
-105.8554879063427
 20
-89.6048565861278
 30
0.0
 10
-105.6883554883361
 20
-89.6048565861278
 30
0.0
 10
-105.3726609209904
 20
-89.46867461590025
 30
0.0
 10
-105.2859996672093
 20
-89.34796786956221
 30
0.0
  0
SPLINE
  5
6A4
330
70
100
AcDbEntity
  8
0
100
AcDbSpline
210
0.0
220
0.0
230
1.0
 70
     8
 71
     2
 72
     7
 73
     4
 74
     0
 42
0.000000001
 43
0.0000000001
 40
0.0
 40
0.0
 40
0.0
 40
1.0
 40
2.0
 40
2.0
 40
2.0
 10
-105.3386154284335
 20
-89.874125481805
 30
0.0
 10
-105.4376568613263
 20
-90.01340249681048
 30
0.0
 10
-105.8431077272311
 20
-90.19910518348439
 30
0.0
 10
-106.0938063542409
 20
-90.19910518348439
 30
0.0
  0
SPLINE
  5
6A5
330
70
100
AcDbEntity
  8
0
100
AcDbSpline
210
0.0
220
0.0
230
1.0
 70
     8
 71
     2
 72
     8
 73
     5
 74
     0
 42
0.000000001
 43
0.0000000001
 40
0.0
 40
0.0
 40
0.0
 40
1.0
 40
2.0
 40
3.0
 40
3.0
 40
3.0
 10
-106.0938063542409
 20
-90.19910518348439
 30
0.0
 10
-106.4373563245876
 20
-90.19910518348439
 30
0.0
 10
-106.975894115942
 20
-89.87722052658291
 30
0.0
 10
-107.2884936385098
 20
-89.31392237700533
 30
0.0
 10
-107.2884936385098
 20
-88.94561204843535
 30
0.0
  0
LINE
  5
6A6
330
70
100
AcDbEntity
  8
0
100
AcDbLine
 10
-251.4851926105298
 20
-30.97833876614658
 30
0.0
 11
-250.714526460833
 21
-30.97833876614658
 31
0.0
  0
SPLINE
  5
6A7
330
70
100
AcDbEntity
  8
0
100
AcDbSpline
210
0.0
220
0.0
230
1.0
 70
     8
 71
     2
 72
     7
 73
     4
 74
     0
 42
0.000000001
 43
0.0000000001
 40
0.0
 40
0.0
 40
0.0
 40
1.0
 40
2.0
 40
2.0
 40
2.0
 10
-250.714526460833
 20
-30.97833876614658
 30
0.0
 10
-250.6897661026098
 20
-31.20118199015529
 30
0.0
 10
-250.3524062218188
 20
-31.4518806171651
 30
0.0
 10
-250.0614720126963
 20
-31.4518806171651
 30
0.0
  0
SPLINE
  5
6A8
330
70
100
AcDbEntity
  8
0
100
AcDbSpline
210
0.0
220
0.0
230
1.0
 70
     8
 71
     2
 72
     8
 73
     5
 74
     0
 42
0.000000001
 43
0.0000000001
 40
0.0
 40
0.0
 40
0.0
 40
1.0
 40
2.0
 40
3.0
 40
3.0
 40
3.0
 10
-250.0614720126963
 20
-31.4518806171651
 30
0.0
 10
-249.8664841916887
 20
-31.4518806171651
 30
0.0
 10
-249.5941202512336
 20
-31.34045900516074
 30
0.0
 10
-249.4517481914503
 20
-31.14856622893101
 30
0.0
 10
-249.4517481914503
 20
-31.02476443781505
 30
0.0
  0
SPLINE
  5
6A9
330
70
100
AcDbEntity
  8
0
100
AcDbSpline
210
0.0
220
0.0
230
1.0
 70
     8
 71
     2
 72
     9
 73
     6
 74
     0
 42
0.000000001
 43
0.0000000001
 40
0.0
 40
0.0
 40
0.0
 40
1.0
 40
2.0
 40
3.0
 40
4.0
 40
4.0
 40
4.0
 10
-249.4517481914503
 20
-31.02476443781505
 30
0.0
 10
-249.4455581018944
 20
-30.9226279601444
 30
0.0
 10
-249.5415044900093
 20
-30.77097076602735
 30
0.0
 10
-249.7086369080159
 20
-30.66264419880089
 30
0.0
 10
-249.9283850872467
 20
-30.58217303457553
 30
0.0
 10
-250.0521868783626
 20
-30.55431763157443
 30
0.0
  0
LINE
  5
6AA
330
70
100
AcDbEntity
  8
0
100
AcDbLine
 10
-250.0521868783626
 20
-30.55431763157443
 30
0.0
 11
-250.3957368487094
 21
-30.47075142257116
 31
0.0
  0
SPLINE
  5
6AB
330
70
100
AcDbEntity
  8
0
100
AcDbSpline
210
0.0
220
0.0
230
1.0
 70
     8
 71
     2
 72
     9
 73
     6
 74
     0
 42
0.000000001
 43
0.0000000001
 40
0.0
 40
0.0
 40
0.0
 40
1.0
 40
2.0
 40
3.0
 40
4.0
 40
4.0
 40
4.0
 10
-250.3957368487094
 20
-30.47075142257116
 30
0.0
 10
-250.6433404309413
 20
-30.41504061656898
 30
0.0
 10
-251.0611714759577
 20
-30.22933792989505
 30
0.0
 10
-251.3644858641917
 20
-29.95697398943996
 30
0.0
 10
-251.5347133269762
 20
-29.58866366086999
 30
0.0
 10
-251.5378083717541
 20
-29.35344025774968
 30
0.0
  0
SPLINE
  5
6AC
330
70
100
AcDbEntity
  8
0
100
AcDbSpline
210
0.0
220
0.0
230
1.0
 70
     8
 71
     2
 72
     8
 73
     5
 74
     0
 42
0.000000001
 43
0.0000000001
 40
0.0
 40
0.0
 40
0.0
 40
1.0
 40
2.0
 40
3.0
 40
3.0
 40
3.0
 10
-251.5378083717541
 20
-29.35344025774968
 30
0.0
 10
-251.5347133269762
 20
-29.00370019784711
 30
0.0
 10
-251.1849732670736
 20
-28.48992276471591
 30
0.0
 10
-250.5226336846033
 20
-28.21136873470501
 30
0.0
 10
-250.0583769679185
 20
-28.21136873470501
 30
0.0
  0
SPLINE
  5
6AD
330
70
100
AcDbEntity
  8
0
100
AcDbSpline
210
0.0
220
0.0
230
1.0
 70
     8
 71
     2
 72
     8
 73
     5
 74
     0
 42
0.000000001
 43
0.0000000001
 40
0.0
 40
0.0
 40
0.0
 40
1.0
 40
2.0
 40
3.0
 40
3.0
 40
3.0
 10
-250.0583769679185
 20
-28.21136873470501
 30
0.0
 10
-249.5972152960115
 20
-28.21136873470501
 30
0.0
 10
-248.9132104000959
 20
-28.4930178094938
 30
0.0
 10
-248.5325198924143
 20
-29.0501258695156
 30
0.0
 10
-248.5232347580806
 20
-29.45867178019824
 30
0.0
  0
LINE
  5
6AE
330
70
100
AcDbEntity
  8
0
100
AcDbLine
 10
-248.5232347580806
 20
-29.45867178019824
 30
0.0
 11
-249.3031860421111
 21
-29.45867178019824
 31
0.0
  0
SPLINE
  5
6AF
330
70
100
AcDbEntity
  8
0
100
AcDbSpline
210
0.0
220
0.0
230
1.0
 70
     8
 71
     2
 72
     8
 73
     5
 74
     0
 42
0.000000001
 43
0.0000000001
 40
0.0
 40
0.0
 40
0.0
 40
1.0
 40
2.0
 40
3.0
 40
3.0
 40
3.0
 10
-249.3031860421111
 20
-29.45867178019824
 30
0.0
 10
-249.3155662212227
 20
-29.26677900396852
 30
0.0
 10
-249.5105540422303
 20
-29.01298533218081
 30
0.0
 10
-249.8417238334655
 20
-28.88608849628696
 30
0.0
 10
-250.0490918335847
 20
-28.88608849628696
 30
0.0
  0
SPLINE
  5
6B0
330
70
100
AcDbEntity
  8
0
100
AcDbSpline
210
0.0
220
0.0
230
1.0
 70
     8
 71
     2
 72
     8
 73
     5
 74
     0
 42
0.000000001
 43
0.0000000001
 40
0.0
 40
0.0
 40
0.0
 40
1.0
 40
2.0
 40
3.0
 40
3.0
 40
3.0
 10
-250.0490918335847
 20
-28.88608849628696
 30
0.0
 10
-250.2533647889261
 20
-28.88608849628696
 30
0.0
 10
-250.5566791771602
 20
-29.00370019784711
 30
0.0
 10
-250.7238115951667
 20
-29.21725828752213
 30
0.0
 10
-250.7238115951667
 20
-29.35344025774968
 30
0.0
  0
SPLINE
  5
6B1
330
70
100
AcDbEntity
  8
0
100
AcDbSpline
210
0.0
220
0.0
230
1.0
 70
     8
 71
     2
 72
     8
 73
     5
 74
     0
 42
0.000000001
 43
0.0000000001
 40
0.0
 40
0.0
 40
0.0
 40
1.0
 40
2.0
 40
3.0
 40
3.0
 40
3.0
 10
-250.7238115951667
 20
-29.35344025774968
 30
0.0
 10
-250.7238115951667
 20
-29.48343213842143
 30
0.0
 10
-250.5721544010496
 20
-29.65675464598377
 30
0.0
 10
-250.284315236705
 20
-29.78055643709972
 30
0.0
 10
-250.0769472365858
 20
-29.8300771535461
 30
0.0
  0
LINE
  5
6B2
330
70
100
AcDbEntity
  8
0
100
AcDbLine
 10
-250.0769472365858
 20
-29.8300771535461
 30
0.0
 11
-249.6622112363474
 21
-29.93530867599466
 31
0.0
  0
SPLINE
  5
6B3
330
70
100
AcDbEntity
  8
0
100
AcDbSpline
210
0.0
220
0.0
230
1.0
 70
     8
 71
     2
 72
     7
 73
     4
 74
     0
 42
0.000000001
 43
0.0000000001
 40
0.0
 40
0.0
 40
0.0
 40
1.0
 40
2.0
 40
2.0
 40
2.0
 10
-249.6622112363474
 20
-29.93530867599466
 30
0.0
 10
-249.1793842509952
 20
-30.04982533277692
 30
0.0
 10
-248.6222761909734
 20
-30.54812754201864
 30
0.0
 10
-248.6253712357513
 20
-30.97214867659078
 30
0.0
  0
SPLINE
  5
6B4
330
70
100
AcDbEntity
  8
0
100
AcDbSpline
210
0.0
220
0.0
230
1.0
 70
     8
 71
     2
 72
     8
 73
     5
 74
     0
 42
0.000000001
 43
0.0000000001
 40
0.0
 40
0.0
 40
0.0
 40
1.0
 40
2.0
 40
3.0
 40
3.0
 40
3.0
 10
-248.6253712357513
 20
-30.97214867659078
 30
0.0
 10
-248.6222761909734
 20
-31.31879369171544
 30
0.0
 10
-248.9967766090991
 20
-31.83566616962455
 30
0.0
 10
-249.6498310572358
 20
-32.12350533396914
 30
0.0
 10
-250.0676621022521
 20
-32.12350533396914
 30
0.0
  0
SPLINE
  5
6B5
330
70
100
AcDbEntity
  8
0
100
AcDbSpline
210
0.0
220
0.0
230
1.0
 70
     8
 71
     2
 72
     8
 73
     5
 74
     0
 42
0.000000001
 43
0.0000000001
 40
0.0
 40
0.0
 40
0.0
 40
1.0
 40
2.0
 40
3.0
 40
3.0
 40
3.0
 10
-250.0676621022521
 20
-32.12350533396914
 30
0.0
 10
-250.4916832368242
 20
-32.12350533396914
 30
0.0
 10
-251.1261674162935
 20
-31.83566616962455
 30
0.0
 10
-251.479002520974
 20
-31.31879369171544
 30
0.0
 10
-251.4851926105298
 20
-30.97833876614658
 30
0.0
  0
SPLINE
  5
6B6
330
70
100
AcDbEntity
  8
0
100
AcDbSpline
210
0.0
220
0.0
230
1.0
 70
     8
 71
     2
 72
     8
 73
     5
 74
     0
 42
0.000000001
 43
0.0000000001
 40
0.0
 40
0.0
 40
0.0
 40
1.0
 40
2.0
 40
3.0
 40
3.0
 40
3.0
 10
-251.4455619285512
 20
-10.16579006891356
 30
0.0
 10
-251.4455619285512
 20
-9.751054068675113
 30
0.0
 10
-251.0493961969802
 20
-9.125855023539546
 30
0.0
 10
-250.3406309428414
 20
-8.779210008414876
 30
0.0
 10
-249.8670890918228
 20
-8.779210008414876
 30
0.0
  0
SPLINE
  5
6B7
330
70
100
AcDbEntity
  8
0
100
AcDbSpline
210
0.0
220
0.0
230
1.0
 70
     8
 71
     2
 72
     8
 73
     5
 74
     0
 42
0.000000001
 43
0.0000000001
 40
0.0
 40
0.0
 40
0.0
 40
1.0
 40
2.0
 40
3.0
 40
3.0
 40
3.0
 10
-249.8670890918228
 20
-8.779210008414876
 30
0.0
 10
-249.3935472408043
 20
-8.779210008414876
 30
0.0
 10
-248.6816869418876
 20
-9.125855023539546
 30
0.0
 10
-248.2886162550944
 20
-9.751054068675113
 30
0.0
 10
-248.2886162550944
 20
-10.16579006891356
 30
0.0
  0
SPLINE
  5
6B8
330
70
100
AcDbEntity
  8
0
100
AcDbSpline
210
0.0
220
0.0
230
1.0
 70
     8
 71
     2
 72
     8
 73
     5
 74
     0
 42
0.000000001
 43
0.0000000001
 40
0.0
 40
0.0
 40
0.0
 40
1.0
 40
2.0
 40
3.0
 40
3.0
 40
3.0
 10
-249.0933278973481
 20
-10.23697609880523
 30
0.0
 10
-249.0933278973481
 20
-10.01722791957441
 30
0.0
 10
-249.2852206735778
 20
-9.679868038783439
 30
0.0
 10
-249.6349607334804
 20
-9.48797526255371
 30
0.0
 10
-249.8670890918228
 20
-9.48797526255371
 30
0.0
  0
SPLINE
  5
6B9
330
70
100
AcDbEntity
  8
0
100
AcDbSpline
210
0.0
220
0.0
230
1.0
 70
     8
 71
     2
 72
     8
 73
     5
 74
     0
 42
0.000000001
 43
0.0000000001
 40
0.0
 40
0.0
 40
0.0
 40
1.0
 40
2.0
 40
3.0
 40
3.0
 40
3.0
 10
-249.8670890918228
 20
-9.48797526255371
 30
0.0
 10
-250.1023124949431
 20
-9.48797526255371
 30
0.0
 10
-250.4489575100678
 20
-9.679868038783439
 30
0.0
 10
-250.6408502862975
 20
-10.01722791957441
 30
0.0
 10
-250.6408502862975
 20
-10.23697609880523
 30
0.0
  0
SPLINE
  5
6BA
330
70
100
AcDbEntity
  8
0
100
AcDbSpline
210
0.0
220
0.0
230
1.0
 70
     8
 71
     2
 72
     8
 73
     5
 74
     0
 42
0.000000001
 43
0.0000000001
 40
0.0
 40
0.0
 40
0.0
 40
1.0
 40
2.0
 40
3.0
 40
3.0
 40
3.0
 10
-225.2825925253005
 20
-25.49062269955162
 30
0.0
 10
-225.2825925253005
 20
-25.36682090843567
 30
0.0
 10
-225.1556956894066
 20
-25.16254795309434
 30
0.0
 10
-224.9545177788432
 20
-25.04184120675629
 30
0.0
 10
-224.8369060772831
 20
-25.04184120675629
 30
0.0
  0
SPLINE
  5
6BB
330
70
100
AcDbEntity
  8
0
100
AcDbSpline
210
0.0
220
0.0
230
1.0
 70
     8
 71
     2
 72
     7
 73
     4
 74
     0
 42
0.000000001
 43
0.0000000001
 40
0.0
 40
0.0
 40
0.0
 40
1.0
 40
2.0
 40
2.0
 40
2.0
 10
-224.8369060772831
 20
-25.04184120675629
 30
0.0
 10
-224.6512033906091
 20
-25.04184120675629
 30
0.0
 10
-224.3881245844877
 20
-25.30492001287769
 30
0.0
 10
-224.3912196292656
 20
-25.49062269955162
 30
0.0
  0
SPLINE
  5
6BC
330
70
100
AcDbEntity
  8
0
100
AcDbSpline
210
0.0
220
0.0
230
1.0
 70
     8
 71
     2
 72
     7
 73
     4
 74
     0
 42
0.000000001
 43
0.0000000001
 40
0.0
 40
0.0
 40
0.0
 40
1.0
 40
2.0
 40
2.0
 40
2.0
 10
-224.3912196292656
 20
-25.49062269955162
 30
0.0
 10
-224.3881245844877
 20
-25.67013529666976
 30
0.0
 10
-224.6512033906091
 20
-25.93321410279116
 30
0.0
 10
-224.8369060772831
 20
-25.93321410279116
 30
0.0
  0
SPLINE
  5
6BD
330
70
100
AcDbEntity
  8
0
100
AcDbSpline
210
0.0
220
0.0
230
1.0
 70
     8
 71
     2
 72
     7
 73
     4
 74
     0
 42
0.000000001
 43
0.0000000001
 40
0.0
 40
0.0
 40
0.0
 40
1.0
 40
2.0
 40
2.0
 40
2.0
 10
-224.8369060772831
 20
-25.93321410279116
 30
0.0
 10
-225.0133236296233
 20
-25.93321410279116
 30
0.0
 10
-225.2825925253005
 20
-25.67013529666976
 30
0.0
 10
-225.2825925253005
 20
-25.49062269955162
 30
0.0
  0
SPLINE
  5
6BE
330
70
100
AcDbEntity
  8
0
100
AcDbSpline
210
0.0
220
0.0
230
1.0
 70
     8
 71
     2
 72
     8
 73
     5
 74
     0
 42
0.000000001
 43
0.0000000001
 40
0.0
 40
0.0
 40
0.0
 40
1.0
 40
2.0
 40
3.0
 40
3.0
 40
3.0
 10
-224.4685957487131
 20
-26.29533434180532
 30
0.0
 10
-224.471690793491
 20
-26.6234090882626
 30
0.0
 10
-224.5831124054954
 20
-27.00719464072206
 30
0.0
 10
-224.8028605847262
 20
-27.24551308862027
 30
0.0
 10
-224.9576128236211
 20
-27.34455452151303
 30
0.0
  0
SPLINE
  5
6BF
330
70
100
AcDbEntity
  8
0
100
AcDbSpline
210
0.0
220
0.0
230
1.0
 70
     8
 71
     2
 72
     8
 73
     5
 74
     0
 42
0.000000001
 43
0.0000000001
 40
0.0
 40
0.0
 40
0.0
 40
1.0
 40
2.0
 40
3.0
 40
3.0
 40
3.0
 10
-224.9576128236211
 20
-27.34455452151303
 30
0.0
 10
-225.0721294804034
 20
-27.41883559618261
 30
0.0
 10
-225.2547371222994
 20
-27.57668287985544
 30
0.0
 10
-225.3630636895258
 20
-27.77167070086307
 30
0.0
 10
-225.3630636895258
 20
-27.89237744720112
 30
0.0
  0
SPLINE
  5
6C0
330
70
100
AcDbEntity
  8
0
100
AcDbSpline
210
0.0
220
0.0
230
1.0
 70
     8
 71
     2
 72
     8
 73
     5
 74
     0
 42
0.000000001
 43
0.0000000001
 40
0.0
 40
0.0
 40
0.0
 40
1.0
 40
2.0
 40
3.0
 40
3.0
 40
3.0
 10
-225.3630636895258
 20
-27.89237744720112
 30
0.0
 10
-225.3630636895258
 20
-28.02236932787288
 30
0.0
 10
-225.2392618984099
 20
-28.2142621041026
 30
0.0
 10
-225.0349889430686
 20
-28.31949362655116
 30
0.0
 10
-224.9080921071747
 20
-28.31949362655116
 30
0.0
  0
SPLINE
  5
6C1
330
70
100
AcDbEntity
  8
0
100
AcDbSpline
210
0.0
220
0.0
230
1.0
 70
     8
 71
     2
 72
     8
 73
     5
 74
     0
 42
0.000000001
 43
0.0000000001
 40
0.0
 40
0.0
 40
0.0
 40
1.0
 40
2.0
 40
3.0
 40
3.0
 40
3.0
 10
-224.9080921071747
 20
-28.31949362655116
 30
0.0
 10
-224.7873853608367
 20
-28.31949362655116
 30
0.0
 10
-224.5738272711617
 20
-28.2142621041026
 30
0.0
 10
-224.4345502561562
 20
-28.00689410398338
 30
0.0
 10
-224.4283601666004
 20
-27.85523690986634
 30
0.0
  0
LINE
  5
6C2
330
70
100
AcDbEntity
  8
0
100
AcDbLine
 10
-224.4283601666004
 20
-27.85523690986634
 30
0.0
 11
-223.6700741960152
 21
-27.85523690986634
 31
0.0
  0
SPLINE
  5
6C3
330
70
100
AcDbEntity
  8
0
100
AcDbSpline
210
0.0
220
0.0
230
1.0
 70
     8
 71
     2
 72
     8
 73
     5
 74
     0
 42
0.000000001
 43
0.0000000001
 40
0.0
 40
0.0
 40
0.0
 40
1.0
 40
2.0
 40
3.0
 40
3.0
 40
3.0
 10
-223.6700741960152
 20
-27.85523690986634
 30
0.0
 10
-223.6793593303489
 20
-28.2266422832142
 30
0.0
 10
-224.0198142559178
 20
-28.71256431334432
 30
0.0
 10
-224.5769223159395
 20
-28.95088276124253
 30
0.0
 10
-224.9142821967305
 20
-28.95088276124253
 30
0.0
  0
SPLINE
  5
6C4
330
70
100
AcDbEntity
  8
0
100
AcDbSpline
210
0.0
220
0.0
230
1.0
 70
     8
 71
     2
 72
     8
 73
     5
 74
     0
 42
0.000000001
 43
0.0000000001
 40
0.0
 40
0.0
 40
0.0
 40
1.0
 40
2.0
 40
3.0
 40
3.0
 40
3.0
 10
-224.9142821967305
 20
-28.95088276124253
 30
0.0
 10
-225.2825925253005
 20
-28.95088276124253
 30
0.0
 10
-225.8520807644339
 20
-28.70946926856642
 30
0.0
 10
-226.1770604661133
 20
-28.2483075966595
 30
0.0
 10
-226.1770604661133
 20
-27.92332789498011
 30
0.0
  0
SPLINE
  5
6C5
330
70
100
AcDbEntity
  8
0
100
AcDbSpline
210
0.0
220
0.0
230
1.0
 70
     8
 71
     2
 72
     8
 73
     5
 74
     0
 42
0.000000001
 43
0.0000000001
 40
0.0
 40
0.0
 40
0.0
 40
1.0
 40
2.0
 40
3.0
 40
3.0
 40
3.0
 10
-226.1770604661133
 20
-27.92332789498011
 30
0.0
 10
-226.1770604661133
 20
-27.7035797157493
 30
0.0
 10
-226.031593361552
 20
-27.36621983495832
 30
0.0
 10
-225.7747046449864
 20
-27.10933111839271
 30
0.0
 10
-225.6013821374241
 20
-27.00409959594415
 30
0.0
  0
SPLINE
  5
6C6
330
70
100
AcDbEntity
  8
0
100
AcDbSpline
210
0.0
220
0.0
230
1.0
 70
     8
 71
     2
 72
     8
 73
     5
 74
     0
 42
0.000000001
 43
0.0000000001
 40
0.0
 40
0.0
 40
0.0
 40
1.0
 40
2.0
 40
3.0
 40
3.0
 40
3.0
 10
-225.6013821374241
 20
-27.00409959594415
 30
0.0
 10
-225.4559150328629
 20
-26.91743834216299
 30
0.0
 10
-225.267117301411
 20
-26.72864061071116
 30
0.0
 10
-225.174265958074
 20
-26.47794198370136
 30
0.0
 10
-225.174265958074
 20
-26.29533434180532
 30
0.0
  0
SPLINE
  5
6C7
330
70
100
AcDbEntity
  8
0
100
AcDbSpline
210
0.0
220
0.0
230
1.0
 70
     8
 71
     2
 72
     9
 73
     6
 74
     0
 42
0.000000001
 43
0.0000000001
 40
0.0
 40
0.0
 40
0.0
 40
1.0
 40
2.0
 40
3.0
 40
4.0
 40
4.0
 40
4.0
 10
-260.4758255573447
 20
-12.39605034400398
 30
0.0
 10
-260.8039003038019
 20
-12.39605034400398
 30
0.0
 10
-261.3733885429354
 20
-12.21034765733005
 30
0.0
 10
-261.812884901397
 20
-11.85751255264958
 30
0.0
 10
-262.08834388663
 20
-11.34373511951838
 30
0.0
 10
-262.1285794687426
 20
-11.0125653282832
 30
0.0
  0
LINE
  5
6C8
330
70
100
AcDbEntity
  8
0
100
AcDbLine
 10
-262.1285794687426
 20
-11.0125653282832
 30
0.0
 11
-261.3145826921552
 21
-11.0125653282832
 31
0.0
  0
SPLINE
  5
6C9
330
70
100
AcDbEntity
  8
0
100
AcDbSpline
210
0.0
220
0.0
230
1.0
 70
     8
 71
     2
 72
     9
 73
     6
 74
     0
 42
0.000000001
 43
0.0000000001
 40
0.0
 40
0.0
 40
0.0
 40
1.0
 40
2.0
 40
3.0
 40
4.0
 40
4.0
 40
4.0
 10
-261.3145826921552
 20
-11.0125653282832
 30
0.0
 10
-261.2898223339321
 20
-11.17041261195604
 30
0.0
 10
-261.1536403637046
 20
-11.41801619418795
 30
0.0
 10
-260.9369872292516
 20
-11.59133870175028
 30
0.0
 10
-260.6553381544628
 20
-11.68419004508725
 30
0.0
 10
-260.4943958260121
 20
-11.68419004508725
 30
0.0
  0
SPLINE
  5
6CA
330
70
100
AcDbEntity
  8
0
100
AcDbSpline
210
0.0
220
0.0
230
1.0
 70
     8
 71
     2
 72
     8
 73
     5
 74
     0
 42
0.000000001
 43
0.0000000001
 40
0.0
 40
0.0
 40
0.0
 40
1.0
 40
2.0
 40
3.0
 40
3.0
 40
3.0
 10
-260.4943958260121
 20
-11.68419004508725
 30
0.0
 10
-260.1972715273338
 20
-11.68419004508725
 30
0.0
 10
-259.7577751688721
 20
-11.39325583596476
 30
0.0
 10
-259.516361676196
 20
-10.83614777594297
 30
0.0
 10
-259.516361676196
 20
-10.43998204437191
 30
0.0
  0
SPLINE
  5
6CB
330
70
100
AcDbEntity
  8
0
100
AcDbSpline
210
0.0
220
0.0
230
1.0
 70
     8
 71
     2
 72
     8
 73
     5
 74
     0
 42
0.000000001
 43
0.0000000001
 40
0.0
 40
0.0
 40
0.0
 40
1.0
 40
2.0
 40
3.0
 40
3.0
 40
3.0
 10
-259.516361676196
 20
-10.43998204437191
 30
0.0
 10
-259.516361676196
 20
-10.03453117846716
 30
0.0
 10
-259.7608702136501
 20
-9.480518163223274
 30
0.0
 10
-260.2003665721117
 20
-9.19577404365658
 30
0.0
 10
-260.4882057364562
 20
-9.19577404365658
 30
0.0
  0
SPLINE
  5
6CC
330
70
100
AcDbEntity
  8
0
100
AcDbSpline
210
0.0
220
0.0
230
1.0
 70
     8
 71
     2
 72
     9
 73
     6
 74
     0
 42
0.000000001
 43
0.0000000001
 40
0.0
 40
0.0
 40
0.0
 40
1.0
 40
2.0
 40
3.0
 40
4.0
 40
4.0
 40
4.0
 10
-260.4882057364562
 20
-9.19577404365658
 30
0.0
 10
-260.6491480649069
 20
-9.19577404365658
 30
0.0
 10
-260.9277020949179
 20
-9.282435297437748
 30
0.0
 10
-261.1412601845929
 20
-9.446472670666386
 30
0.0
 10
-261.2867272891541
 20
-9.684791118564598
 30
0.0
 10
-261.3145826921552
 20
-9.83954335745954
 30
0.0
  0
LINE
  5
6CD
330
70
100
AcDbEntity
  8
0
100
AcDbLine
 10
-261.3145826921552
 20
-9.83954335745954
 30
0.0
 11
-262.1285794687426
 21
-9.833353267903742
 31
0.0
  0
SPLINE
  5
6CE
330
70
100
AcDbEntity
  8
0
100
AcDbSpline
210
0.0
220
0.0
230
1.0
 70
     8
 71
     2
 72
     9
 73
     6
 74
     0
 42
0.000000001
 43
0.0000000001
 40
0.0
 40
0.0
 40
0.0
 40
1.0
 40
2.0
 40
3.0
 40
4.0
 40
4.0
 40
4.0
 10
-262.1285794687426
 20
-9.833353267903742
 30
0.0
 10
-262.0945339761858
 20
-9.57336950656024
 30
0.0
 10
-261.843835349176
 20
-9.087447476430121
 30
0.0
 10
-261.4229092593817
 20
-8.706756968748564
 30
0.0
 10
-260.8410408411367
 20
-8.483913744739847
 30
0.0
 10
-260.4758255573447
 20
-8.483913744739847
 30
0.0
  0
SPLINE
  5
6CF
330
70
100
AcDbEntity
  8
0
100
AcDbSpline
210
0.0
220
0.0
230
1.0
 70
     8
 71
     2
 72
     8
 73
     5
 74
     0
 42
0.000000001
 43
0.0000000001
 40
0.0
 40
0.0
 40
0.0
 40
1.0
 40
2.0
 40
3.0
 40
3.0
 40
3.0
 10
-260.4758255573447
 20
-8.483913744739847
 30
0.0
 10
-259.9651431689913
 20
-8.483913744739847
 30
0.0
 10
-259.1635265715155
 20
-8.945075416646774
 30
0.0
 10
-258.6992698548307
 20
-9.820973088792147
 30
0.0
 10
-258.6992698548307
 20
-10.43998204437191
 30
0.0
  0
SPLINE
  5
6D0
330
70
100
AcDbEntity
  8
0
100
AcDbSpline
210
0.0
220
0.0
230
1.0
 70
     8
 71
     2
 72
     8
 73
     5
 74
     0
 42
0.000000001
 43
0.0000000001
 40
0.0
 40
0.0
 40
0.0
 40
1.0
 40
2.0
 40
3.0
 40
3.0
 40
3.0
 10
-258.6992698548307
 20
-10.43998204437191
 30
0.0
 10
-258.6992698548307
 20
-11.06518108950748
 30
0.0
 10
-259.1697166610714
 20
-11.93798371687496
 30
0.0
 10
-259.9713332585471
 20
-12.39605034400398
 30
0.0
 10
-260.4758255573447
 20
-12.39605034400398
 30
0.0
  0
SPLINE
  5
6D1
330
70
100
AcDbEntity
  8
0
100
AcDbSpline
210
0.0
220
0.0
230
1.0
 70
     8
 71
     2
 72
     8
 73
     5
 74
     0
 42
0.000000001
 43
0.0000000001
 40
0.0
 40
0.0
 40
0.0
 40
1.0
 40
2.0
 40
3.0
 40
3.0
 40
3.0
 10
-267.8862215381933
 20
-12.3465296275576
 30
0.0
 10
-268.4989578382361
 20
-12.3465296275576
 30
0.0
 10
-269.0507109046255
 20
-12.14034821853844
 30
0.0
 10
-269.3846667079664
 20
-11.61763478722226
 30
0.0
 10
-269.3846667079664
 20
-11.27787105686675
 30
0.0
  0
SPLINE
  5
6D2
330
70
100
AcDbEntity
  8
0
100
AcDbSpline
210
0.0
220
0.0
230
1.0
 70
     8
 71
     2
 72
     7
 73
     4
 74
     0
 42
0.000000001
 43
0.0000000001
 40
0.0
 40
0.0
 40
0.0
 40
1.0
 40
2.0
 40
2.0
 40
2.0
 10
-269.3846667079664
 20
-11.27787105686675
 30
0.0
 10
-269.3846667079664
 20
-10.85098842129187
 30
0.0
 10
-268.8822810212013
 20
-10.29052346438064
 30
0.0
 10
-268.3798953344364
 20
-10.21792437669783
 30
0.0
  0
SPLINE
  5
6D3
330
70
100
AcDbEntity
  8
0
100
AcDbSpline
210
0.0
220
0.0
230
1.0
 70
     8
 71
     2
 72
     7
 73
     4
 74
     0
 42
0.000000001
 43
0.0000000001
 40
0.0
 40
0.0
 40
0.0
 40
1.0
 40
2.0
 40
2.0
 40
2.0
 10
-268.3798953344364
 20
-10.21792437669783
 30
0.0
 10
-268.6296361960653
 20
-10.07272620133223
 30
0.0
 10
-268.9548801088841
 20
-9.724250580454775
 30
0.0
 10
-269.2307566420788
 20
-9.279944163836026
 30
0.0
  0
SPLINE
  5
6D4
330
70
100
AcDbEntity
  8
0
100
AcDbSpline
210
0.0
220
0.0
230
1.0
 70
     8
 71
     2
 72
     8
 73
     5
 74
     0
 42
0.000000001
 43
0.0000000001
 40
0.0
 40
0.0
 40
0.0
 40
1.0
 40
2.0
 40
3.0
 40
3.0
 40
3.0
 10
-268.2201773415342
 20
-9.367063069055387
 30
0.0
 10
-267.921069100281
 20
-9.81136948567414
 30
0.0
 10
-267.7032718372327
 20
-10.0436865662591
 30
0.0
 10
-267.4593389026184
 20
-10.12790150797116
 30
0.0
 10
-267.1921742599457
 20
-10.12790150797116
 30
0.0
  0
SPLINE
  5
6D5
330
70
100
AcDbEntity
  8
0
100
AcDbSpline
210
0.0
220
0.0
230
1.0
 70
     8
 71
     2
 72
     8
 73
     5
 74
     0
 42
0.000000001
 43
0.0000000001
 40
0.0
 40
0.0
 40
0.0
 40
1.0
 40
2.0
 40
3.0
 40
3.0
 40
3.0
 10
-106.8350696745397
 20
-82.43524618379357
 30
0.0
 10
-106.5627057340846
 20
-82.43524618379357
 30
0.0
 10
-106.1913003607367
 20
-82.66737454213599
 30
0.0
 10
-105.9963125397291
 20
-83.05425513937334
 30
0.0
 10
-105.9963125397291
 20
-83.28328845293786
 30
0.0
  0
LINE
  5
6D6
330
70
100
AcDbEntity
  8
0
100
AcDbLine
 10
-105.9963125397291
 20
-83.28328845293786
 30
0.0
 11
-105.9963125397291
 21
-83.4844663635013
 31
0.0
  0
SPLINE
  5
6D7
330
70
100
AcDbEntity
  8
0
100
AcDbSpline
210
0.0
220
0.0
230
1.0
 70
     8
 71
     2
 72
     8
 73
     5
 74
     0
 42
0.000000001
 43
0.0000000001
 40
0.0
 40
0.0
 40
0.0
 40
1.0
 40
2.0
 40
3.0
 40
3.0
 40
3.0
 10
-105.9963125397291
 20
-83.4844663635013
 30
0.0
 10
-105.9963125397291
 20
-83.7134996770658
 30
0.0
 10
-106.1913003607367
 20
-84.09728522952525
 30
0.0
 10
-106.5658007788625
 20
-84.32941358786766
 30
0.0
 10
-106.8350696745397
 20
-84.32941358786766
 30
0.0
  0
SPLINE
  5
6D8
330
70
100
AcDbEntity
  8
0
100
AcDbSpline
210
0.0
220
0.0
230
1.0
 70
     8
 71
     2
 72
     8
 73
     5
 74
     0
 42
0.000000001
 43
0.0000000001
 40
0.0
 40
0.0
 40
0.0
 40
1.0
 40
2.0
 40
3.0
 40
3.0
 40
3.0
 10
-106.8350696745397
 20
-84.32941358786766
 30
0.0
 10
-107.1105286597727
 20
-84.32941358786766
 30
0.0
 10
-107.4819340331205
 20
-84.10038027430315
 30
0.0
 10
-107.6738268093503
 20
-83.7134996770658
 30
0.0
 10
-107.6738268093503
 20
-83.4844663635013
 30
0.0
  0
LINE
  5
6D9
330
70
100
AcDbEntity
  8
0
100
AcDbLine
 10
-107.6738268093503
 20
-83.48446636350127
 30
0.0
 11
-107.6738268093503
 21
-83.28328845293786
 31
0.0
  0
SPLINE
  5
6DA
330
70
100
AcDbEntity
  8
0
100
AcDbSpline
210
0.0
220
0.0
230
1.0
 70
     8
 71
     2
 72
     8
 73
     5
 74
     0
 42
0.000000001
 43
0.0000000001
 40
0.0
 40
0.0
 40
0.0
 40
1.0
 40
2.0
 40
3.0
 40
3.0
 40
3.0
 10
-107.6738268093503
 20
-83.28328845293786
 30
0.0
 10
-107.6738268093503
 20
-83.05425513937334
 30
0.0
 10
-107.4819340331205
 20
-82.66737454213599
 30
0.0
 10
-107.1043385702169
 20
-82.43524618379357
 30
0.0
 10
-106.8350696745397
 20
-82.43524618379357
 30
0.0
  0
SPLINE
  5
6DB
330
70
100
AcDbEntity
  8
0
100
AcDbSpline
210
0.0
220
0.0
230
1.0
 70
     8
 71
     2
 72
     7
 73
     4
 74
     0
 42
0.000000001
 43
0.0000000001
 40
0.0
 40
0.0
 40
0.0
 40
1.0
 40
2.0
 40
2.0
 40
2.0
 10
-83.29401816727708
 20
-50.65732824108604
 30
0.0
 10
-83.66760813057759
 20
-50.41650165317332
 30
0.0
 10
-84.10294850103518
 20
-49.60139627869953
 30
0.0
 10
-84.10294850103518
 20
-49.04873013464342
 30
0.0
  0
SPLINE
  5
6DC
330
70
100
AcDbEntity
  8
0
100
AcDbSpline
210
0.0
220
0.0
230
1.0
 70
     8
 71
     2
 72
     7
 73
     4
 74
     0
 42
0.000000001
 43
0.0000000001
 40
0.0
 40
0.0
 40
0.0
 40
1.0
 40
2.0
 40
2.0
 40
2.0
 10
-84.10294850103518
 20
-49.04873013464342
 30
0.0
 10
-84.10294850103518
 20
-48.51458911273444
 30
0.0
 10
-83.63673292699903
 20
-47.67478357539779
 30
0.0
 10
-83.28166808584567
 20
-47.44939458927435
 30
0.0
  0
SPLINE
  5
6DD
330
70
100
AcDbEntity
  8
0
100
AcDbSpline
210
0.0
220
0.0
230
1.0
 70
     8
 71
     2
 72
     7
 73
     4
 74
     0
 42
0.000000001
 43
0.0000000001
 40
0.0
 40
0.0
 40
0.0
 40
1.0
 40
2.0
 40
2.0
 40
2.0
 10
-83.28166808584567
 20
-47.44939458927435
 30
0.0
 10
-82.98526613149155
 20
-47.25796832708732
 30
0.0
 10
-82.28748653061627
 20
-47.14681759420453
 30
0.0
 10
-81.89537144516862
 20
-47.14681759420453
 30
0.0
  0
SPLINE
  5
6DE
330
70
100
AcDbEntity
  8
0
100
AcDbSpline
210
0.0
220
0.0
230
1.0
 70
     8
 71
     2
 72
     7
 73
     4
 74
     0
 42
0.000000001
 43
0.0000000001
 40
0.0
 40
0.0
 40
0.0
 40
1.0
 40
2.0
 40
2.0
 40
2.0
 10
-81.88302136373719
 20
-50.95681771579801
 30
0.0
 10
-82.2843990102584
 20
-50.95681771579801
 30
0.0
 10
-82.98526613149155
 20
-50.85492954398879
 30
0.0
 10
-83.29401816727708
 20
-50.65732824108604
 30
0.0
  0
LINE
  5
6DF
330
70
100
AcDbEntity
  8
0
100
AcDbLine
 10
-88.50067962862292
 20
-85.67122382148779
 30
0.0
 11
-87.73001347892611
 21
-85.67122382148779
 31
0.0
  0
SPLINE
  5
6E0
330
70
100
AcDbEntity
  8
0
100
AcDbSpline
210
0.0
220
0.0
230
1.0
 70
     8
 71
     2
 72
     7
 73
     4
 74
     0
 42
0.000000001
 43
0.0000000001
 40
0.0
 40
0.0
 40
0.0
 40
1.0
 40
1.729282592370484
 40
1.729282592370484
 40
1.729282592370484
 10
-87.73001347892611
 20
-85.67122382148779
 30
0.0
 10
-87.70525312070292
 20
-85.89406704549649
 30
0.0
 10
-87.4135578360949
 20
-86.11083143130612
 30
0.0
 10
-87.2255211801286
 20
-86.13557908269871
 30
0.0
  0
SPLINE
  5
6E1
330
70
100
AcDbEntity
  8
0
100
AcDbSpline
210
0.0
220
0.0
230
1.0
 70
     8
 71
     2
 72
     9
 73
     6
 74
     0
 42
0.000000001
 43
0.0000000001
 40
0.0
 40
0.0
 40
0.0
 40
1.0
 40
2.0
 40
3.0
 40
4.0
 40
4.0
 40
4.0
 10
-87.41122386680252
 20
-85.16363647791237
 30
0.0
 10
-87.65882744903443
 20
-85.10792567191018
 30
0.0
 10
-88.07665849405077
 20
-84.92222298523627
 30
0.0
 10
-88.37997288228486
 20
-84.64985904478115
 30
0.0
 10
-88.5502003450693
 20
-84.28154871621119
 30
0.0
 10
-88.55329538984719
 20
-84.04632531309088
 30
0.0
  0
SPLINE
  5
6E2
330
70
100
AcDbEntity
  8
0
100
AcDbSpline
210
0.0
220
0.0
230
1.0
 70
     8
 71
     2
 72
     8
 73
     5
 74
     0
 42
0.000000001
 43
0.0000000001
 40
0.0
 40
0.0
 40
0.0
 40
1.0
 40
2.0
 40
2.832652594578684
 40
2.832652594578684
 40
2.832652594578684
 10
-88.55329538984719
 20
-84.04632531309088
 30
0.0
 10
-88.5502003450693
 20
-83.69658525318831
 30
0.0
 10
-88.20046028516673
 20
-83.18280782005713
 30
0.0
 10
-87.59354110801352
 20
-82.92756143714219
 30
0.0
 10
-87.22552118012872
 20
-82.9081542643142
 30
0.0
  0
SPLINE
  5
6E3
330
70
100
AcDbEntity
  8
0
100
AcDbSpline
210
0.0
220
0.0
230
1.0
 70
     8
 71
     2
 72
     8
 73
     5
 74
     0
 42
0.000000001
 43
0.0000000001
 40
0.1715890885553337
 40
0.1715890885553337
 40
0.1715890885553337
 40
1.0
 40
2.0
 40
3.0
 40
3.0
 40
3.0
 10
-86.91911174711661
 20
-82.90840006089201
 30
0.0
 10
-86.55401842577584
 20
-82.92841774406396
 30
0.0
 10
-85.92869741818899
 20
-83.185902864835
 30
0.0
 10
-85.54800691050742
 20
-83.7430109248568
 30
0.0
 10
-85.53872177617373
 20
-84.15155683553946
 30
0.0
  0
LINE
  5
6E4
330
70
100
AcDbEntity
  8
0
100
AcDbLine
 10
-85.53872177617373
 20
-84.15155683553946
 30
0.0
 11
-86.31867306020422
 21
-84.15155683553946
 31
0.0
  0
SPLINE
  5
6E5
330
70
100
AcDbEntity
  8
0
100
AcDbSpline
210
0.0
220
0.0
230
1.0
 70
     8
 71
     2
 72
     8
 73
     5
 74
     0
 42
0.000000001
 43
0.0000000001
 40
0.0
 40
0.0
 40
0.0
 40
1.0
 40
2.0
 40
2.63589775359068
 40
2.63589775359068
 40
2.63589775359068
 10
-86.31867306020422
 20
-84.15155683553946
 30
0.0
 10
-86.33105323931582
 20
-83.95966405930971
 30
0.0
 10
-86.52604106032345
 20
-83.70587038752203
 30
0.0
 10
-86.79692101909282
 20
-83.60207526313375
 30
0.0
 10
-86.91911174711661
 20
-83.58738493668324
 30
0.0
  0
SPLINE
  5
6E6
330
70
100
AcDbEntity
  8
0
100
AcDbSpline
210
0.0
220
0.0
230
1.0
 70
     8
 71
     2
 72
     7
 73
     4
 74
     0
 42
0.000000001
 43
0.0000000001
 40
0.0
 40
0.0
 40
0.0
 40
1.0
 40
2.0
 40
2.0
 40
2.0
 10
-86.67769825444052
 20
-84.62819373133587
 30
0.0
 10
-86.19487126908827
 20
-84.74271038811812
 30
0.0
 10
-85.63776320906649
 20
-85.24101259735983
 30
0.0
 10
-85.64085825384438
 20
-85.66503373193198
 30
0.0
  0
SPLINE
  5
6E7
330
70
100
AcDbEntity
  8
0
100
AcDbSpline
210
0.0
220
0.0
230
1.0
 70
     8
 71
     2
 72
     8
 73
     5
 74
     0
 42
0.000000001
 43
0.0000000001
 40
0.0
 40
0.0
 40
0.0
 40
1.0
 40
2.0
 40
2.799302810460251
 40
2.799302810460251
 40
2.799302810460251
 10
-85.64085825384438
 20
-85.66503373193198
 30
0.0
 10
-85.63776320906649
 20
-86.01167874705664
 30
0.0
 10
-86.01226362719225
 20
-86.52855122496575
 30
0.0
 10
-86.59978497915018
 20
-86.78750613364863
 30
0.0
 10
-86.91911174711661
 20
-86.81059340037709
 30
0.0
  0
SPLINE
  5
6E8
330
70
100
AcDbEntity
  8
0
100
AcDbSpline
210
0.0
220
0.0
230
1.0
 70
     8
 71
     2
 72
     8
 73
     5
 74
     0
 42
0.000000001
 43
0.0000000001
 40
0.1715904879436967
 40
0.1715904879436967
 40
0.1715904879436967
 40
1.0
 40
2.0
 40
3.0
 40
3.0
 40
3.0
 10
-87.2255211801286
 20
-86.81215292251662
 30
0.0
 10
-87.56160597989122
 20
-86.79169515798074
 30
0.0
 10
-88.14165443438666
 20
-86.52855122496575
 30
0.0
 10
-88.49448953906714
 20
-86.01167874705664
 30
0.0
 10
-88.50067962862292
 20
-85.67122382148779
 30
0.0
  0
SPLINE
  5
6E9
330
70
100
AcDbEntity
  8
0
100
AcDbSpline
210
0.0
220
0.0
230
1.0
 70
     8
 71
     2
 72
     9
 73
     6
 74
     0
 42
0.000000001
 43
0.0000000001
 40
0.0
 40
0.0
 40
0.0
 40
1.0
 40
2.0
 40
3.0
 40
4.0
 40
4.0
 40
4.0
 10
-8.067036944882797
 20
-12.80515341881896
 30
0.0
 10
-8.395111691340074
 20
-12.80515341881896
 30
0.0
 10
-8.964599930473461
 20
-12.61945073214503
 30
0.0
 10
-9.404096288935097
 20
-12.26661562746456
 30
0.0
 10
-9.679555274168095
 20
-11.75283819433336
 30
0.0
 10
-9.719790856280779
 20
-11.42166840309818
 30
0.0
  0
LINE
  5
6EA
330
70
100
AcDbEntity
  8
0
100
AcDbLine
 10
-9.719790856280779
 20
-11.42166840309818
 30
0.0
 11
-8.905794079693382
 21
-11.42166840309818
 31
0.0
  0
SPLINE
  5
6EB
330
70
100
AcDbEntity
  8
0
100
AcDbSpline
210
0.0
220
0.0
230
1.0
 70
     8
 71
     2
 72
     9
 73
     6
 74
     0
 42
0.000000001
 43
0.0000000001
 40
0.0
 40
0.0
 40
0.0
 40
1.0
 40
2.0
 40
3.0
 40
4.0
 40
4.0
 40
4.0
 10
-8.905794079693382
 20
-11.42166840309818
 30
0.0
 10
-8.881033721470192
 20
-11.57951568677102
 30
0.0
 10
-8.744851751242643
 20
-11.82711926900293
 30
0.0
 10
-8.528198616789723
 20
-12.00044177656527
 30
0.0
 10
-8.246549542000929
 20
-12.09329311990223
 30
0.0
 10
-8.08560721355019
 20
-12.09329311990223
 30
0.0
  0
SPLINE
  5
6EC
330
70
100
AcDbEntity
  8
0
100
AcDbSpline
210
0.0
220
0.0
230
1.0
 70
     8
 71
     2
 72
     8
 73
     5
 74
     0
 42
0.000000001
 43
0.0000000001
 40
0.0
 40
0.0
 40
0.0
 40
1.0
 40
2.0
 40
3.0
 40
3.0
 40
3.0
 10
-8.08560721355019
 20
-12.09329311990223
 30
0.0
 10
-7.788482914871901
 20
-12.09329311990223
 30
0.0
 10
-7.348986556410266
 20
-11.80235891077974
 30
0.0
 10
-7.107573063734156
 20
-11.24525085075795
 30
0.0
 10
-7.107573063734156
 20
-10.8490851191869
 30
0.0
  0
SPLINE
  5
6ED
330
70
100
AcDbEntity
  8
0
100
AcDbSpline
210
0.0
220
0.0
230
1.0
 70
     8
 71
     2
 72
     8
 73
     5
 74
     0
 42
0.000000001
 43
0.0000000001
 40
0.0
 40
0.0
 40
0.0
 40
1.0
 40
2.0
 40
3.0
 40
3.0
 40
3.0
 10
-7.107573063734156
 20
-10.8490851191869
 30
0.0
 10
-7.107573063734156
 20
-10.44363425328215
 30
0.0
 10
-7.352081601188165
 20
-9.889621238038257
 30
0.0
 10
-7.791577959649799
 20
-9.604877118471563
 30
0.0
 10
-8.079417123994392
 20
-9.604877118471563
 30
0.0
  0
SPLINE
  5
6EE
330
70
100
AcDbEntity
  8
0
100
AcDbSpline
210
0.0
220
0.0
230
1.0
 70
     8
 71
     2
 72
     9
 73
     6
 74
     0
 42
0.000000001
 43
0.0000000001
 40
0.0
 40
0.0
 40
0.0
 40
1.0
 40
2.0
 40
3.0
 40
4.0
 40
4.0
 40
4.0
 10
-8.079417123994392
 20
-9.604877118471563
 30
0.0
 10
-8.240359452445131
 20
-9.604877118471563
 30
0.0
 10
-8.518913482456028
 20
-9.691538372252731
 30
0.0
 10
-8.732471572131048
 20
-9.855575745481369
 30
0.0
 10
-8.877938676692293
 20
-10.09389419337958
 30
0.0
 10
-8.905794079693382
 20
-10.24864643227452
 30
0.0
  0
LINE
  5
6EF
330
70
100
AcDbEntity
  8
0
100
AcDbLine
 10
-8.905794079693382
 20
-10.24864643227452
 30
0.0
 11
-9.719790856280779
 21
-10.24245634271872
 31
0.0
  0
SPLINE
  5
6F0
330
70
100
AcDbEntity
  8
0
100
AcDbSpline
210
0.0
220
0.0
230
1.0
 70
     8
 71
     2
 72
     9
 73
     6
 74
     0
 42
0.000000001
 43
0.0000000001
 40
0.0
 40
0.0
 40
0.0
 40
1.0
 40
2.0
 40
3.0
 40
4.0
 40
4.0
 40
4.0
 10
-9.719790856280779
 20
-10.24245634271872
 30
0.0
 10
-9.685745363723892
 20
-9.982472581375223
 30
0.0
 10
-9.435046736714085
 20
-9.496550551245103
 30
0.0
 10
-9.014120646919842
 20
-9.115860043563547
 30
0.0
 10
-8.43225222867486
 20
-8.89301681955483
 30
0.0
 10
-8.067036944882797
 20
-8.89301681955483
 30
0.0
  0
SPLINE
  5
6F1
330
70
100
AcDbEntity
  8
0
100
AcDbSpline
210
0.0
220
0.0
230
1.0
 70
     8
 71
     2
 72
     8
 73
     5
 74
     0
 42
0.000000001
 43
0.0000000001
 40
0.0
 40
0.0
 40
0.0
 40
1.0
 40
2.0
 40
3.0
 40
3.0
 40
3.0
 10
-8.067036944882797
 20
-8.89301681955483
 30
0.0
 10
-7.556354556529488
 20
-8.89301681955483
 30
0.0
 10
-6.754737959053688
 20
-9.354178491461757
 30
0.0
 10
-6.290481242368861
 20
-10.23007616360713
 30
0.0
 10
-6.290481242368861
 20
-10.8490851191869
 30
0.0
  0
SPLINE
  5
6F2
330
70
100
AcDbEntity
  8
0
100
AcDbSpline
210
0.0
220
0.0
230
1.0
 70
     8
 71
     2
 72
     8
 73
     5
 74
     0
 42
0.000000001
 43
0.0000000001
 40
0.0
 40
0.0
 40
0.0
 40
1.0
 40
2.0
 40
3.0
 40
3.0
 40
3.0
 10
-6.290481242368861
 20
-10.8490851191869
 30
0.0
 10
-6.290481242368861
 20
-11.47428416432246
 30
0.0
 10
-6.760928048609486
 20
-12.34708679168994
 30
0.0
 10
-7.562544646085285
 20
-12.80515341881896
 30
0.0
 10
-8.067036944882797
 20
-12.80515341881896
 30
0.0
  0
SPLINE
  5
6F3
330
70
100
AcDbEntity
  8
0
100
AcDbSpline
210
0.0
220
0.0
230
1.0
 70
     8
 71
     2
 72
     8
 73
     5
 74
     0
 42
0.000000001
 43
0.0000000001
 40
0.0
 40
0.0
 40
0.0
 40
1.0
 40
2.0
 40
3.0
 40
3.0
 40
3.0
 10
-15.47743292573144
 20
-12.75563270237258
 30
0.0
 10
-16.0901692257743
 20
-12.75563270237258
 30
0.0
 10
-16.64192229216359
 20
-12.54945129335342
 30
0.0
 10
-16.97587809550449
 20
-12.02673786203725
 30
0.0
 10
-16.97587809550449
 20
-11.68697413168173
 30
0.0
  0
SPLINE
  5
6F4
330
70
100
AcDbEntity
  8
0
100
AcDbSpline
210
0.0
220
0.0
230
1.0
 70
     8
 71
     2
 72
     7
 73
     4
 74
     0
 42
0.000000001
 43
0.0000000001
 40
0.0
 40
0.0
 40
0.0
 40
1.0
 40
2.0
 40
2.0
 40
2.0
 10
-16.97587809550449
 20
-11.68697413168173
 30
0.0
 10
-16.97587809550449
 20
-11.26009149610685
 30
0.0
 10
-16.47349240873949
 20
-10.69962653919562
 30
0.0
 10
-15.9711067219745
 20
-10.62702745151281
 30
0.0
  0
SPLINE
  5
6F5
330
70
100
AcDbEntity
  8
0
100
AcDbSpline
210
0.0
220
0.0
230
1.0
 70
     8
 71
     2
 72
     7
 73
     4
 74
     0
 42
0.000000001
 43
0.0000000001
 40
0.0
 40
0.0
 40
0.0
 40
1.0
 40
2.0
 40
2.0
 40
2.0
 10
-15.9711067219745
 20
-10.62702745151281
 30
0.0
 10
-16.22084758360334
 20
-10.48182927614721
 30
0.0
 10
-16.54609149642229
 20
-10.13335365526976
 30
0.0
 10
-16.82196802961694
 20
-9.689047238651008
 30
0.0
  0
SPLINE
  5
6F6
330
70
100
AcDbEntity
  8
0
100
AcDbSpline
210
0.0
220
0.0
230
1.0
 70
     8
 71
     2
 72
     8
 73
     5
 74
     0
 42
0.000000001
 43
0.0000000001
 40
0.0
 40
0.0
 40
0.0
 40
1.0
 40
2.0
 40
3.0
 40
3.0
 40
3.0
 10
-15.81138872907233
 20
-9.776166143870369
 30
0.0
 10
-15.51228048781919
 20
-10.22047256048912
 30
0.0
 10
-15.29448322477078
 20
-10.45278964107409
 30
0.0
 10
-15.05055029015656
 20
-10.53700458278614
 30
0.0
 10
-14.78338564748385
 20
-10.53700458278614
 30
0.0
  0
SPLINE
  5
6F7
330
70
100
AcDbEntity
  8
0
100
AcDbSpline
210
0.0
220
0.0
230
1.0
 70
     8
 71
     2
 72
     8
 73
     5
 74
     0
 42
0.000000001
 43
0.0000000001
 40
0.0
 40
0.0
 40
0.0
 40
1.0
 40
2.0
 40
3.0
 40
3.0
 40
3.0
 10
-96.79154190859893
 20
-69.80279522276609
 30
0.0
 10
-97.40427820864178
 20
-69.80279522276609
 30
0.0
 10
-97.95603127503108
 20
-69.59661381374694
 30
0.0
 10
-98.28998707837198
 20
-69.07390038243076
 30
0.0
 10
-98.28998707837198
 20
-68.73413665207525
 30
0.0
  0
SPLINE
  5
6F8
330
70
100
AcDbEntity
  8
0
100
AcDbSpline
210
0.0
220
0.0
230
1.0
 70
     8
 71
     2
 72
     7
 73
     4
 74
     0
 42
0.000000001
 43
0.0000000001
 40
0.0
 40
0.0
 40
0.0
 40
1.0
 40
2.0
 40
2.0
 40
2.0
 10
-98.28998707837198
 20
-68.73413665207525
 30
0.0
 10
-98.28998707837198
 20
-68.30725401650036
 30
0.0
 10
-97.78760139160699
 20
-67.74678905958913
 30
0.0
 10
-97.28521570484199
 20
-67.67418997190633
 30
0.0
  0
SPLINE
  5
6F9
330
70
100
AcDbEntity
  8
0
100
AcDbSpline
210
0.0
220
0.0
230
1.0
 70
     8
 71
     2
 72
     7
 73
     4
 74
     0
 42
0.000000001
 43
0.0000000001
 40
0.0
 40
0.0
 40
0.0
 40
1.0
 40
2.0
 40
2.0
 40
2.0
 10
-97.28521570484199
 20
-67.67418997190633
 30
0.0
 10
-97.53495656647082
 20
-67.52899179654072
 30
0.0
 10
-97.86020047928978
 20
-67.18051617566327
 30
0.0
 10
-98.13607701248443
 20
-66.73620975904452
 30
0.0
  0
SPLINE
  5
6FA
330
70
100
AcDbEntity
  8
0
100
AcDbSpline
210
0.0
220
0.0
230
1.0
 70
     8
 71
     2
 72
     8
 73
     5
 74
     0
 42
0.000000001
 43
0.0000000001
 40
0.0
 40
0.0
 40
0.0
 40
1.0
 40
2.0
 40
3.0
 40
3.0
 40
3.0
 10
-97.12549771193984
 20
-66.82332866426389
 30
0.0
 10
-96.82638947068667
 20
-67.26763508088264
 30
0.0
 10
-96.60859220763827
 20
-67.49995216146761
 30
0.0
 10
-96.36465927302404
 20
-67.58416710317965
 30
0.0
 10
-96.09749463035136
 20
-67.58416710317965
 30
0.0
  0
SPLINE
  5
6FB
330
70
100
AcDbEntity
  8
0
100
AcDbSpline
210
0.0
220
0.0
230
1.0
 70
     8
 71
     2
 72
     8
 73
     5
 74
     0
 42
0.000000001
 43
0.0000000001
 40
0.0
 40
0.0
 40
0.0
 40
1.0
 40
2.0
 40
3.0
 40
3.0
 40
3.0
 10
-159.1830845374278
 20
-48.30695985902294
 30
0.0
 10
-159.1830845374278
 20
-47.93864953045297
 30
0.0
 10
-158.8519147461927
 20
-47.39392164954277
 30
0.0
 10
-158.2700463279477
 20
-47.09989239564238
 30
0.0
 10
-157.8831657307103
 20
-47.09989239564238
 30
0.0
  0
SPLINE
  5
6FC
330
70
100
AcDbEntity
  8
0
100
AcDbSpline
210
0.0
220
0.0
230
1.0
 70
     8
 71
     2
 72
     8
 73
     5
 74
     0
 42
0.000000001
 43
0.0000000001
 40
0.0
 40
0.0
 40
0.0
 40
1.0
 40
2.0
 40
3.0
 40
3.0
 40
3.0
 10
-157.8831657307103
 20
-47.09989239564238
 30
0.0
 10
-157.5396157603635
 20
-47.09989239564238
 30
0.0
 10
-156.9794126555638
 20
-47.34440093309639
 30
0.0
 10
-156.6513379091066
 20
-47.845798187116
 30
0.0
 10
-156.6544329538845
 20
-48.22339365001966
 30
0.0
  0
LINE
  5
6FD
330
70
100
AcDbEntity
  8
0
100
AcDbLine
 10
-156.6544329538845
 20
-48.22339365001965
 30
0.0
 11
-157.4560495513602
 21
-48.22339365001966
 31
0.0
  0
SPLINE
  5
6FE
330
70
100
AcDbEntity
  8
0
100
AcDbSpline
210
0.0
220
0.0
230
1.0
 70
     8
 71
     2
 72
     8
 73
     5
 74
     0
 42
0.000000001
 43
0.0000000001
 40
0.0
 40
0.0
 40
0.0
 40
1.0
 40
2.0
 40
3.0
 40
3.0
 40
3.0
 10
-157.4560495513602
 20
-48.22339365001966
 30
0.0
 10
-157.4591445961382
 20
-48.07173645590262
 30
0.0
 10
-157.5767562976983
 20
-47.85817836622761
 30
0.0
 10
-157.7810292530396
 20
-47.74675675422324
 30
0.0
 10
-157.923401312823
 20
-47.74675675422324
 30
0.0
  0
SPLINE
  5
6FF
330
70
100
AcDbEntity
  8
0
100
AcDbSpline
210
0.0
220
0.0
230
1.0
 70
     8
 71
     2
 72
     8
 73
     5
 74
     0
 42
0.000000001
 43
0.0000000001
 40
0.0
 40
0.0
 40
0.0
 40
1.0
 40
2.0
 40
3.0
 40
3.0
 40
3.0
 10
-157.923401312823
 20
-47.74675675422324
 30
0.0
 10
-158.0719634621621
 20
-47.74675675422324
 30
0.0
 10
-158.2793314622814
 20
-47.87365359011709
 30
0.0
 10
-158.3876580295078
 20
-48.1243522171269
 30
0.0
 10
-158.3876580295078
 20
-48.30695985902294
 30
0.0
  0
SPLINE
  5
700
330
70
100
AcDbEntity
  8
0
100
AcDbSpline
210
0.0
220
0.0
230
1.0
 70
     8
 71
     2
 72
     8
 73
     5
 74
     0
 42
0.000000001
 43
0.0000000001
 40
0.0
 40
0.0
 40
0.0
 40
1.0
 40
2.0
 40
3.0
 40
3.0
 40
3.0
 10
-215.9779654978503
 20
-52.83242467592457
 30
0.0
 10
-215.9779654978503
 20
-52.70862288480862
 30
0.0
 10
-215.8510686619564
 20
-52.50434992946729
 30
0.0
 10
-215.649890751393
 20
-52.38673822790715
 30
0.0
 10
-215.529184005055
 20
-52.38673822790715
 30
0.0
  0
SPLINE
  5
701
330
70
100
AcDbEntity
  8
0
100
AcDbSpline
210
0.0
220
0.0
230
1.0
 70
     8
 71
     2
 72
     7
 73
     4
 74
     0
 42
0.000000001
 43
0.0000000001
 40
0.0
 40
0.0
 40
0.0
 40
1.0
 40
2.0
 40
2.0
 40
2.0
 10
-215.529184005055
 20
-52.38673822790715
 30
0.0
 10
-215.346576363159
 20
-52.38673822790715
 30
0.0
 10
-215.0834975570376
 20
-52.64672198925063
 30
0.0
 10
-215.0834975570376
 20
-52.83242467592457
 30
0.0
  0
SPLINE
  5
702
330
70
100
AcDbEntity
  8
0
100
AcDbSpline
210
0.0
220
0.0
230
1.0
 70
     8
 71
     2
 72
     7
 73
     4
 74
     0
 42
0.000000001
 43
0.0000000001
 40
0.0
 40
0.0
 40
0.0
 40
1.0
 40
2.0
 40
2.0
 40
2.0
 10
-215.0834975570376
 20
-52.83242467592457
 30
0.0
 10
-215.0834975570376
 20
-53.0150323178206
 30
0.0
 10
-215.346576363159
 20
-53.2750160791641
 30
0.0
 10
-215.529184005055
 20
-53.2750160791641
 30
0.0
  0
SPLINE
  5
703
330
70
100
AcDbEntity
  8
0
100
AcDbSpline
210
0.0
220
0.0
230
1.0
 70
     8
 71
     2
 72
     7
 73
     4
 74
     0
 42
0.000000001
 43
0.0000000001
 40
0.0
 40
0.0
 40
0.0
 40
1.0
 40
2.0
 40
2.0
 40
2.0
 10
-215.529184005055
 20
-53.2750160791641
 30
0.0
 10
-215.7086966021731
 20
-53.2750160791641
 30
0.0
 10
-215.9779654978503
 20
-53.0150323178206
 30
0.0
 10
-215.9779654978503
 20
-52.83242467592457
 30
0.0
  0
SPLINE
  5
704
330
70
100
AcDbEntity
  8
0
100
AcDbSpline
210
0.0
220
0.0
230
1.0
 70
     8
 71
     2
 72
     8
 73
     5
 74
     0
 42
0.000000001
 43
0.0000000001
 40
0.0
 40
0.0
 40
0.0
 40
1.0
 40
2.0
 40
3.0
 40
3.0
 40
3.0
 10
-215.9238021810696
 20
-47.72411409567097
 30
0.0
 10
-215.9238021810696
 20
-47.60031230455502
 30
0.0
 10
-215.8000003899537
 20
-47.39603934921369
 30
0.0
 10
-215.5988224793902
 20
-47.27842764765354
 30
0.0
 10
-215.4781157330521
 20
-47.27842764765354
 30
0.0
  0
SPLINE
  5
705
330
70
100
AcDbEntity
  8
0
100
AcDbSpline
210
0.0
220
0.0
230
1.0
 70
     8
 71
     2
 72
     7
 73
     4
 74
     0
 42
0.000000001
 43
0.0000000001
 40
0.0
 40
0.0
 40
0.0
 40
1.0
 40
2.0
 40
2.0
 40
2.0
 10
-215.4781157330521
 20
-47.27842764765354
 30
0.0
 10
-215.2924130463782
 20
-47.27842764765354
 30
0.0
 10
-215.0324292850347
 20
-47.53841140899703
 30
0.0
 10
-215.0324292850347
 20
-47.72411409567097
 30
0.0
  0
SPLINE
  5
706
330
70
100
AcDbEntity
  8
0
100
AcDbSpline
210
0.0
220
0.0
230
1.0
 70
     8
 71
     2
 72
     7
 73
     4
 74
     0
 42
0.000000001
 43
0.0000000001
 40
0.0
 40
0.0
 40
0.0
 40
1.0
 40
2.0
 40
2.0
 40
2.0
 10
-215.0324292850347
 20
-47.72411409567097
 30
0.0
 10
-215.0324292850347
 20
-47.906721737567
 30
0.0
 10
-215.2924130463782
 20
-48.1667054989105
 30
0.0
 10
-215.4781157330521
 20
-48.1667054989105
 30
0.0
  0
SPLINE
  5
707
330
70
100
AcDbEntity
  8
0
100
AcDbSpline
210
0.0
220
0.0
230
1.0
 70
     8
 71
     2
 72
     7
 73
     4
 74
     0
 42
0.000000001
 43
0.0000000001
 40
0.0
 40
0.0
 40
0.0
 40
1.0
 40
2.0
 40
2.0
 40
2.0
 10
-215.4781157330521
 20
-48.1667054989105
 30
0.0
 10
-215.6545332853924
 20
-48.1667054989105
 30
0.0
 10
-215.9238021810696
 20
-47.906721737567
 30
0.0
 10
-215.9238021810696
 20
-47.72411409567097
 30
0.0
  0
SPLINE
  5
708
330
70
100
AcDbEntity
  8
0
100
AcDbSpline
210
0.0
220
0.0
230
1.0
 70
     8
 71
     2
 72
     8
 73
     5
 74
     0
 42
0.000000001
 43
0.0000000001
 40
0.0
 40
0.0
 40
0.0
 40
1.0
 40
2.0
 40
3.0
 40
3.0
 40
3.0
 10
-267.8478684811994
 20
-50.54809843991045
 30
0.0
 10
-268.4606047812422
 20
-50.54809843991045
 30
0.0
 10
-269.0123578476316
 20
-50.34191703089129
 30
0.0
 10
-269.3463136509724
 20
-49.81920359957512
 30
0.0
 10
-269.3463136509724
 20
-49.4794398692196
 30
0.0
  0
SPLINE
  5
709
330
70
100
AcDbEntity
  8
0
100
AcDbSpline
210
0.0
220
0.0
230
1.0
 70
     8
 71
     2
 72
     7
 73
     4
 74
     0
 42
0.000000001
 43
0.0000000001
 40
0.0
 40
0.0
 40
0.0
 40
1.0
 40
2.0
 40
2.0
 40
2.0
 10
-269.3463136509724
 20
-49.4794398692196
 30
0.0
 10
-269.3463136509724
 20
-49.05255723364472
 30
0.0
 10
-268.8439279642075
 20
-48.49209227673348
 30
0.0
 10
-268.3415422774424
 20
-48.41949318905069
 30
0.0
  0
SPLINE
  5
70A
330
70
100
AcDbEntity
  8
0
100
AcDbSpline
210
0.0
220
0.0
230
1.0
 70
     8
 71
     2
 72
     7
 73
     4
 74
     0
 42
0.000000001
 43
0.0000000001
 40
0.0
 40
0.0
 40
0.0
 40
1.0
 40
2.0
 40
2.0
 40
2.0
 10
-268.3415422774424
 20
-48.41949318905069
 30
0.0
 10
-268.5912831390713
 20
-48.27429501368508
 30
0.0
 10
-268.9165270518902
 20
-47.92581939280762
 30
0.0
 10
-269.1924035850849
 20
-47.48151297618888
 30
0.0
  0
SPLINE
  5
70B
330
70
100
AcDbEntity
  8
0
100
AcDbSpline
210
0.0
220
0.0
230
1.0
 70
     8
 71
     2
 72
     8
 73
     5
 74
     0
 42
0.000000001
 43
0.0000000001
 40
0.0
 40
0.0
 40
0.0
 40
1.0
 40
2.0
 40
3.0
 40
3.0
 40
3.0
 10
-268.1818242845403
 20
-47.56863188140823
 30
0.0
 10
-267.8827160432871
 20
-48.01293829802699
 30
0.0
 10
-267.6649187802387
 20
-48.24525537861195
 30
0.0
 10
-267.4209858456245
 20
-48.32947032032401
 30
0.0
 10
-267.1538212029518
 20
-48.32947032032401
 30
0.0
  0
SPLINE
  5
70C
330
70
100
AcDbEntity
  8
0
100
AcDbSpline
210
0.0
220
0.0
230
1.0
 70
     8
 71
     2
 72
     8
 73
     5
 74
     0
 42
0.000000001
 43
0.0000000001
 40
0.0
 40
0.0
 40
0.0
 40
1.0
 40
2.0
 40
3.0
 40
3.0
 40
3.0
 10
-155.2977370284556
 20
-67.34181642255892
 30
0.0
 10
-155.2977370284556
 20
-66.92708042232048
 30
0.0
 10
-154.9015712968845
 20
-66.30188137718493
 30
0.0
 10
-154.1928060427457
 20
-65.95523636206024
 30
0.0
 10
-153.7192641917272
 20
-65.95523636206024
 30
0.0
  0
SPLINE
  5
70D
330
70
100
AcDbEntity
  8
0
100
AcDbSpline
210
0.0
220
0.0
230
1.0
 70
     8
 71
     2
 72
     8
 73
     5
 74
     0
 42
0.000000001
 43
0.0000000001
 40
0.0
 40
0.0
 40
0.0
 40
1.0
 40
2.0
 40
3.0
 40
3.0
 40
3.0
 10
-153.7192641917272
 20
-65.95523636206024
 30
0.0
 10
-153.2457223407087
 20
-65.95523636206024
 30
0.0
 10
-152.5338620417919
 20
-66.30188137718493
 30
0.0
 10
-152.1407913549988
 20
-66.92708042232048
 30
0.0
 10
-152.1407913549988
 20
-67.34181642255892
 30
0.0
  0
SPLINE
  5
70E
330
70
100
AcDbEntity
  8
0
100
AcDbSpline
210
0.0
220
0.0
230
1.0
 70
     8
 71
     2
 72
     8
 73
     5
 74
     0
 42
0.000000001
 43
0.0000000001
 40
0.0
 40
0.0
 40
0.0
 40
1.0
 40
2.0
 40
3.0
 40
3.0
 40
3.0
 10
-152.9455029972525
 20
-67.4130024524506
 30
0.0
 10
-152.9455029972525
 20
-67.19325427321978
 30
0.0
 10
-153.1373957734822
 20
-66.85589439242881
 30
0.0
 10
-153.4871358333848
 20
-66.66400161619908
 30
0.0
 10
-153.7192641917272
 20
-66.66400161619908
 30
0.0
  0
SPLINE
  5
70F
330
70
100
AcDbEntity
  8
0
100
AcDbSpline
210
0.0
220
0.0
230
1.0
 70
     8
 71
     2
 72
     8
 73
     5
 74
     0
 42
0.000000001
 43
0.0000000001
 40
0.0
 40
0.0
 40
0.0
 40
1.0
 40
2.0
 40
3.0
 40
3.0
 40
3.0
 10
-153.7192641917272
 20
-66.66400161619908
 30
0.0
 10
-153.9544875948475
 20
-66.66400161619908
 30
0.0
 10
-154.3011326099722
 20
-66.85589439242881
 30
0.0
 10
-154.4930253862019
 20
-67.19325427321978
 30
0.0
 10
-154.4930253862019
 20
-67.4130024524506
 30
0.0
  0
SPLINE
  5
710
330
70
100
AcDbEntity
  8
0
100
AcDbSpline
210
0.0
220
0.0
230
1.0
 70
     8
 71
     2
 72
     6
 73
     3
 74
     0
 42
0.000000001
 43
0.0000000001
 40
0.0
 40
0.0
 40
0.0
 40
1.0
 40
1.0
 40
1.0
 10
-255.7326735307484
 20
-106.2287110387478
 30
0.0
 10
-256.2948808547699
 20
-106.2287110387478
 30
0.0
 10
-256.4644723202805
 20
-106.1822476235394
 30
0.0
  0
SPLINE
  5
711
330
70
100
AcDbEntity
  8
0
100
AcDbSpline
210
0.0
220
0.0
230
1.0
 70
     8
 71
     2
 72
     7
 73
     4
 74
     0
 42
0.000000001
 43
0.0000000001
 40
0.0
 40
0.0
 40
0.0
 40
1.0
 40
2.0
 40
2.0
 40
2.0
 10
-256.4644723202805
 20
-106.1822476235394
 30
0.0
 10
-256.7269906162079
 20
-106.1148756714872
 30
0.0
 10
-257.0801125717916
 20
-105.6548878609242
 30
0.0
 10
-257.0801125717916
 20
-105.2901500515384
 30
0.0
  0
SPLINE
  5
712
330
70
100
AcDbEntity
  8
0
100
AcDbSpline
210
0.0
220
0.0
230
1.0
 70
     8
 71
     2
 72
     8
 73
     5
 74
     0
 42
0.000000001
 43
0.0000000001
 40
0.0
 40
0.0
 40
0.0
 40
1.0
 40
2.0
 40
3.0
 40
3.0
 40
3.0
 10
-257.0801125717916
 20
-105.2901500515384
 30
0.0
 10
-257.0801125717916
 20
-105.0113695602881
 30
0.0
 10
-256.8756735448748
 20
-104.6280463848189
 30
0.0
 10
-256.5620454922181
 20
-104.4096683333395
 30
0.0
 10
-256.3994235389888
 20
-104.3748207719332
 30
0.0
  0
SPLINE
  5
713
330
70
100
AcDbEntity
  8
0
100
AcDbSpline
210
0.0
220
0.0
230
1.0
 70
     8
 71
     2
 72
     6
 73
     3
 74
     0
 42
0.000000001
 43
0.0000000001
 40
0.0
 40
0.0
 40
0.0
 40
1.0
 40
1.0
 40
1.0
 10
-256.3994235389888
 20
-104.3748207719332
 30
0.0
 10
-256.1810454875093
 20
-104.3306805274852
 30
0.0
 10
-255.7628747506339
 20
-104.3306805274852
 30
0.0
  0
SPLINE
  5
714
330
70
100
AcDbEntity
  8
0
100
AcDbSpline
210
0.0
220
0.0
230
1.0
 70
     8
 71
     2
 72
     8
 73
     5
 74
     0
 42
0.000000001
 43
0.0000000001
 40
0.0
 40
0.0
 40
0.0
 40
1.0
 40
2.0
 40
3.0
 40
3.0
 40
3.0
 10
-258.5878503953038
 20
-103.1319244151088
 30
0.0
 10
-258.2835150256888
 20
-103.1319244151088
 30
0.0
 10
-257.7329235554695
 20
-103.4060585648383
 30
0.0
 10
-257.4448503811774
 20
-103.9357414982139
 30
0.0
 10
-257.4448503811774
 20
-104.3167415029227
 30
0.0
  0
SPLINE
  5
715
330
70
100
AcDbEntity
  8
0
100
AcDbSpline
210
0.0
220
0.0
230
1.0
 70
     8
 71
     2
 72
     8
 73
     5
 74
     0
 42
0.000000001
 43
0.0000000001
 40
0.0
 40
0.0
 40
0.0
 40
1.0
 40
2.0
 40
3.0
 40
3.0
 40
3.0
 10
-257.4448503811774
 20
-104.3167415029227
 30
0.0
 10
-257.4448503811774
 20
-104.6071378479751
 30
0.0
 10
-257.7329235554695
 20
-105.1530829766736
 30
0.0
 10
-258.2579601473242
 20
-105.4388329802052
 30
0.0
 10
-258.5832040537829
 20
-105.4388329802052
 30
0.0
  0
SPLINE
  5
716
330
70
100
AcDbEntity
  8
0
100
AcDbSpline
210
0.0
220
0.0
230
1.0
 70
     8
 71
     2
 72
     7
 73
     4
 74
     0
 42
0.000000001
 43
0.0000000001
 40
0.0
 40
0.0
 40
0.0
 40
1.0
 40
2.0
 40
2.0
 40
2.0
 10
-258.5832040537829
 20
-105.4388329802052
 30
0.0
 10
-259.0850089380335
 20
-105.4388329802052
 30
0.0
 10
-259.7262040679092
 20
-104.7883451672878
 30
0.0
 10
-259.7262040679092
 20
-104.2911866245581
 30
0.0
  0
SPLINE
  5
717
330
70
100
AcDbEntity
  8
0
100
AcDbSpline
210
0.0
220
0.0
230
1.0
 70
     8
 71
     2
 72
     7
 73
     4
 74
     0
 42
0.000000001
 43
0.0000000001
 40
0.0
 40
0.0
 40
0.0
 40
1.0
 40
2.0
 40
2.0
 40
2.0
 10
-259.7262040679092
 20
-104.2911866245581
 30
0.0
 10
-259.7262040679092
 20
-103.7917049110679
 30
0.0
 10
-259.0780394257523
 20
-103.1319244151088
 30
0.0
 10
-258.5878503953038
 20
-103.1319244151088
 30
0.0
  0
SPLINE
  5
718
330
70
100
AcDbEntity
  8
0
100
AcDbSpline
210
0.0
220
0.0
230
1.0
 70
     8
 71
     2
 72
     7
 73
     4
 74
     0
 42
0.000000001
 43
0.0000000001
 40
0.0
 40
0.0
 40
0.0
 40
1.0
 40
2.0
 40
2.0
 40
2.0
 10
-260.7019357872854
 20
-105.0764183415798
 30
0.0
 10
-260.8413260329105
 20
-105.2994427345801
 30
0.0
 10
-261.0620272551503
 20
-105.4388329802052
 30
0.0
 10
-261.2037406715359
 20
-105.4388329802052
 30
0.0
  0
SPLINE
  5
719
330
70
100
AcDbEntity
  8
0
100
AcDbSpline
210
0.0
220
0.0
230
1.0
 70
     8
 71
     2
 72
     6
 73
     3
 74
     0
 42
0.000000001
 43
0.0000000001
 40
0.0
 40
0.0
 40
0.0
 40
1.0
 40
1.0
 40
1.0
 10
-261.2037406715359
 20
-105.4388329802052
 30
0.0
 10
-261.403533356932
 20
-105.4388329802052
 30
0.0
 10
-261.5870638470051
 20
-105.3273207837051
 30
0.0
  0
LINE
  5
71A
330
70
100
AcDbEntity
  8
0
100
AcDbLine
 10
-261.587063847005
 20
-105.3273207837051
 30
0.0
 11
-261.4081796984528
 21
-104.8185463871733
 31
0.0
  0
SPLINE
  5
71B
330
70
100
AcDbEntity
  8
0
100
AcDbSpline
210
0.0
220
0.0
230
1.0
 70
     8
 71
     2
 72
     6
 73
     3
 74
     0
 42
0.000000001
 43
0.0000000001
 40
0.0
 40
0.0
 40
0.0
 40
1.0
 40
1.0
 40
1.0
 10
-261.4081796984528
 20
-104.8185463871733
 30
0.0
 10
-261.259496769786
 20
-104.9137963883504
 30
0.0
 10
-261.1340455487233
 20
-104.9137963883504
 30
0.0
  0
SPLINE
  5
71C
330
70
100
AcDbEntity
  8
0
100
AcDbSpline
210
0.0
220
0.0
230
1.0
 70
     8
 71
     2
 72
     8
 73
     5
 74
     0
 42
0.000000001
 43
0.0000000001
 40
0.0
 40
0.0
 40
0.0
 40
1.0
 40
2.0
 40
3.0
 40
3.0
 40
3.0
 10
-261.1340455487233
 20
-104.9137963883504
 30
0.0
 10
-261.0109174984211
 20
-104.9137963883504
 30
0.0
 10
-260.8413260329105
 20
-104.7790524842461
 30
0.0
 10
-260.7437528609729
 20
-104.4259305286624
 30
0.0
 10
-260.7437528609729
 20
-103.8614000338805
 30
0.0
  0
SPLINE
  5
71D
330
70
100
AcDbEntity
  8
0
100
AcDbSpline
210
0.0
220
0.0
230
1.0
 70
     8
 71
     2
 72
     7
 73
     4
 74
     0
 42
0.000000001
 43
0.0000000001
 40
0.0
 40
0.0
 40
0.0
 40
1.0
 40
2.0
 40
2.0
 40
2.0
 10
-264.0775029021745
 20
-104.9927841942047
 30
0.0
 10
-263.9218504612265
 20
-104.9927841942047
 30
0.0
 10
-263.7452894834346
 20
-104.8696561439025
 30
0.0
 10
-263.691856555945
 20
-104.7163268737148
 30
0.0
  0
LINE
  5
71E
330
70
100
AcDbEntity
  8
0
100
AcDbLine
 10
-263.691856555945
 20
-104.7163268737148
 30
0.0
 11
-263.1621736225694
 21
-104.811576874892
 31
0.0
  0
SPLINE
  5
71F
330
70
100
AcDbEntity
  8
0
100
AcDbSpline
210
0.0
220
0.0
230
1.0
 70
     8
 71
     2
 72
     7
 73
     4
 74
     0
 42
0.000000001
 43
0.0000000001
 40
0.0
 40
0.0
 40
0.0
 40
1.0
 40
2.0
 40
2.0
 40
2.0
 10
-263.1621736225694
 20
-104.811576874892
 30
0.0
 10
-263.2527772822257
 20
-105.1321744398299
 30
0.0
 10
-263.6895333851846
 20
-105.4388329802052
 30
0.0
 10
-264.1193199758621
 20
-105.4388329802052
 30
0.0
  0
SPLINE
  5
720
330
70
100
AcDbEntity
  8
0
100
AcDbSpline
210
0.0
220
0.0
230
1.0
 70
     8
 71
     2
 72
     8
 73
     5
 74
     0
 42
0.000000001
 43
0.0000000001
 40
0.0
 40
0.0
 40
0.0
 40
1.0
 40
2.0
 40
3.0
 40
3.0
 40
3.0
 10
-264.1193199758621
 20
-105.4388329802052
 30
0.0
 10
-264.511935834373
 20
-105.4388329802052
 30
0.0
 10
-264.8952590098422
 20
-105.2529793193717
 30
0.0
 10
-265.0509114507903
 20
-104.9695524866005
 30
0.0
 10
-265.0509114507903
 20
-104.5885524818918
 30
0.0
  0
LINE
  5
721
330
70
100
AcDbEntity
  8
0
100
AcDbLine
 10
-265.0509114507903
 20
-104.5885524818918
 30
0.0
 11
-265.0416187677485
 21
-103.9055402783285
 31
0.0
  0
SPLINE
  5
722
330
70
100
AcDbEntity
  8
0
100
AcDbSpline
210
0.0
220
0.0
230
1.0
 70
     8
 71
     2
 72
     7
 73
     4
 74
     0
 42
0.000000001
 43
0.0000000001
 40
0.0
 40
0.0
 40
0.0
 40
1.0
 40
2.0
 40
2.0
 40
2.0
 10
-265.0416187677485
 20
-103.9055402783285
 30
0.0
 10
-265.0416187677485
 20
-103.6151439332761
 30
0.0
 10
-265.0973748659987
 20
-103.3386866127862
 30
0.0
 10
-265.1740395010925
 20
-103.1807110010776
 30
0.0
  0
LINE
  5
723
330
70
100
AcDbEntity
  8
0
100
AcDbLine
 10
-265.1740395010925
 20
-103.1807110010776
 30
0.0
 11
-264.5955699817481
 21
-103.1807110010776
 31
0.0
  0
SPLINE
  5
724
330
70
100
AcDbEntity
  8
0
100
AcDbSpline
210
0.0
220
0.0
230
1.0
 70
     8
 71
     2
 72
     6
 73
     3
 74
     0
 42
0.000000001
 43
0.0000000001
 40
0.0
 40
0.0
 40
0.0
 40
1.0
 40
1.0
 40
1.0
 10
-264.5955699817481
 20
-103.1807110010776
 30
0.0
 10
-264.5723382741439
 20
-103.2387902700881
 30
0.0
 10
-264.539813883498
 20
-103.3526256373487
 30
0.0
  0
SPLINE
  5
725
330
70
100
AcDbEntity
  8
0
100
AcDbSpline
210
0.0
220
0.0
230
1.0
 70
     8
 71
     2
 72
     6
 73
     3
 74
     0
 42
0.000000001
 43
0.0000000001
 40
0.0
 40
0.0
 40
0.0
 40
1.0
 40
1.0
 40
1.0
 10
-264.539813883498
 20
-103.3526256373487
 30
0.0
 10
-264.5258748589355
 20
-103.4060585648383
 30
0.0
 10
-264.5189053466542
 20
-103.4223207601613
 30
0.0
  0
SPLINE
  5
726
330
70
100
AcDbEntity
  8
0
100
AcDbSpline
210
0.0
220
0.0
230
1.0
 70
     8
 71
     2
 72
     7
 73
     4
 74
     0
 42
0.000000001
 43
0.0000000001
 40
0.0
 40
0.0
 40
0.0
 40
1.0
 40
2.0
 40
2.0
 40
2.0
 10
-264.5189053466542
 20
-103.4223207601613
 30
0.0
 10
-264.3702224179874
 20
-103.2782841730153
 30
0.0
 10
-264.0287163162057
 20
-103.1319244151088
 30
0.0
 10
-263.835893143091
 20
-103.1319244151088
 30
0.0
  0
SPLINE
  5
727
330
70
100
AcDbEntity
  8
0
100
AcDbSpline
210
0.0
220
0.0
230
1.0
 70
     8
 71
     2
 72
     7
 73
     4
 74
     0
 42
0.000000001
 43
0.0000000001
 40
0.0
 40
0.0
 40
0.0
 40
1.0
 40
2.0
 40
2.0
 40
2.0
 10
-263.835893143091
 20
-103.1319244151088
 30
0.0
 10
-263.4943870413093
 20
-103.1319244151088
 30
0.0
 10
-263.1017711827985
 20
-103.5013085660155
 30
0.0
 10
-263.1017711827985
 20
-103.7847353987867
 30
0.0
  0
SPLINE
  5
728
330
70
100
AcDbEntity
  8
0
100
AcDbSpline
210
0.0
220
0.0
230
1.0
 70
     8
 71
     2
 72
     8
 73
     5
 74
     0
 42
0.000000001
 43
0.0000000001
 40
0.0
 40
0.0
 40
0.0
 40
1.0
 40
2.0
 40
3.0
 40
3.0
 40
3.0
 10
-263.1017711827985
 20
-103.7847353987867
 30
0.0
 10
-263.1017711827985
 20
-103.9729122303806
 30
0.0
 10
-263.2806553313508
 20
-104.2656317461934
 30
0.0
 10
-263.6035760670491
 20
-104.4212841871416
 30
0.0
 10
-263.907911436664
 20
-104.479363456152
 30
0.0
  0
SPLINE
  5
729
330
70
100
AcDbEntity
  8
0
100
AcDbSpline
210
0.0
220
0.0
230
1.0
 70
     8
 71
     2
 72
     6
 73
     3
 74
     0
 42
0.000000001
 43
0.0000000001
 40
0.0
 40
0.0
 40
0.0
 40
1.0
 40
1.0
 40
1.0
 10
-263.907911436664
 20
-104.479363456152
 30
0.0
 10
-264.3167894904977
 20
-104.5560280912459
 30
0.0
 10
-264.4747651022063
 20
-104.623400043298
 30
0.0
  0
LINE
  5
72A
330
70
100
AcDbEntity
  8
0
100
AcDbLine
 10
-264.4747651022063
 20
-104.623400043298
 30
0.0
 11
-264.4747651022063
 21
-104.6814793123085
 31
0.0
  0
SPLINE
  5
72B
330
70
100
AcDbEntity
  8
0
100
AcDbSpline
210
0.0
220
0.0
230
1.0
 70
     8
 71
     2
 72
     7
 73
     4
 74
     0
 42
0.000000001
 43
0.0000000001
 40
0.0
 40
0.0
 40
0.0
 40
1.0
 40
2.0
 40
2.0
 40
2.0
 10
-264.4747651022063
 20
-104.6814793123085
 30
0.0
 10
-264.4747651022063
 20
-104.8487476070587
 30
0.0
 10
-264.3074968074561
 20
-104.9927841942047
 30
0.0
 10
-264.0775029021745
 20
-104.9927841942047
 30
0.0
  0
SPLINE
  5
72C
330
70
100
AcDbEntity
  8
0
100
AcDbSpline
210
0.0
220
0.0
230
1.0
 70
     8
 71
     2
 72
     6
 73
     3
 74
     0
 42
0.000000001
 43
0.0000000001
 40
0.0
 40
0.0
 40
0.0
 40
1.0
 40
1.0
 40
1.0
 10
-266.1846187818749
 20
-105.1321744398299
 30
0.0
 10
-266.4541065900835
 20
-105.4388329802052
 30
0.0
 10
-266.8234907409902
 20
-105.4388329802052
 30
0.0
  0
SPLINE
  5
72D
330
70
100
AcDbEntity
  8
0
100
AcDbSpline
210
0.0
220
0.0
230
1.0
 70
     8
 71
     2
 72
     7
 73
     4
 74
     0
 42
0.000000001
 43
0.0000000001
 40
0.0
 40
0.0
 40
0.0
 40
1.0
 40
2.0
 40
2.0
 40
2.0
 10
-266.8234907409902
 20
-105.4388329802052
 30
0.0
 10
-267.2277224533031
 20
-105.4388329802052
 30
0.0
 10
-267.7550822159184
 20
-104.85571711934
 30
0.0
 10
-267.7550822159184
 20
-104.307448819881
 30
0.0
  0
SPLINE
  5
72E
330
70
100
AcDbEntity
  8
0
100
AcDbSpline
210
0.0
220
0.0
230
1.0
 70
     8
 71
     2
 72
     7
 73
     4
 74
     0
 42
0.000000001
 43
0.0000000001
 40
0.0
 40
0.0
 40
0.0
 40
1.0
 40
2.0
 40
2.0
 40
2.0
 10
-267.7550822159184
 20
-104.307448819881
 30
0.0
 10
-267.7550822159184
 20
-103.7429183250991
 30
0.0
 10
-267.2161065995011
 20
-103.1319244151088
 30
0.0
 10
-266.8327834240319
 20
-103.1319244151088
 30
0.0
  0
SPLINE
  5
72F
330
70
100
AcDbEntity
  8
0
100
AcDbSpline
210
0.0
220
0.0
230
1.0
 70
     8
 71
     2
 72
     7
 73
     4
 74
     0
 42
0.000000001
 43
0.0000000001
 40
0.0
 40
0.0
 40
0.0
 40
1.0
 40
2.0
 40
2.0
 40
2.0
 10
-266.8327834240319
 20
-103.1319244151088
 30
0.0
 10
-266.6446065924379
 20
-103.1319244151088
 30
0.0
 10
-266.2752224415312
 20
-103.3201012467028
 30
0.0
 10
-266.1428017081874
 20
-103.5059549075363
 30
0.0
  0
SPLINE
  5
730
330
70
100
AcDbEntity
  8
0
100
AcDbSpline
210
0.0
220
0.0
230
1.0
 70
     8
 71
     2
 72
     8
 73
     5
 74
     0
 42
0.000000001
 43
0.0000000001
 40
0.0
 40
0.0
 40
0.0
 40
1.0
 40
2.0
 40
3.0
 40
3.0
 40
3.0
 10
-129.9913853555272
 20
-31.63299616727007
 30
0.0
 10
-130.4092164005435
 20
-31.63299616727007
 30
0.0
 10
-130.9725145501211
 20
-31.38229754026026
 30
0.0
 10
-131.2541636249099
 20
-30.94280118179863
 30
0.0
 10
-131.2541636249099
 20
-30.65496201745403
 30
0.0
  0
SPLINE
  5
731
330
70
100
AcDbEntity
  8
0
100
AcDbSpline
210
0.0
220
0.0
230
1.0
 70
     8
 71
     2
 72
     8
 73
     5
 74
     0
 42
0.000000001
 43
0.0000000001
 40
0.0
 40
0.0
 40
0.0
 40
1.0
 40
2.0
 40
3.0
 40
3.0
 40
3.0
 10
-131.2541636249099
 20
-30.65496201745403
 30
0.0
 10
-131.2541636249099
 20
-30.43211879344532
 30
0.0
 10
-131.0777460725697
 20
-30.09475891265434
 30
0.0
 10
-130.7651465500019
 20
-29.88120082297932
 30
0.0
 10
-130.5670636842164
 20
-29.83787019608874
 30
0.0
  0
LINE
  5
732
330
70
100
AcDbEntity
  8
0
100
AcDbLine
 10
-130.5670636842164
 20
-29.83787019608874
 30
0.0
 11
-130.5670636842164
 21
-29.80072965875395
 31
0.0
  0
SPLINE
  5
733
330
70
100
AcDbEntity
  8
0
100
AcDbSpline
210
0.0
220
0.0
230
1.0
 70
     8
 71
     2
 72
     8
 73
     5
 74
     0
 42
0.000000001
 43
0.0000000001
 40
0.0
 40
0.0
 40
0.0
 40
1.0
 40
2.0
 40
3.0
 40
3.0
 40
3.0
 10
-130.5670636842164
 20
-29.80072965875395
 30
0.0
 10
-130.7837168186693
 20
-29.79144452442025
 30
0.0
 10
-131.1644073263508
 20
-29.56241121085574
 30
0.0
 10
-131.402725774249
 20
-29.15696034495099
 30
0.0
 10
-131.402725774249
 20
-28.8753112701622
 30
0.0
  0
SPLINE
  5
734
330
70
100
AcDbEntity
  8
0
100
AcDbSpline
210
0.0
220
0.0
230
1.0
 70
     8
 71
     2
 72
     8
 73
     5
 74
     0
 42
0.000000001
 43
0.0000000001
 40
0.0
 40
0.0
 40
0.0
 40
1.0
 40
2.0
 40
3.0
 40
3.0
 40
3.0
 10
-131.402725774249
 20
-28.8753112701622
 30
0.0
 10
-131.402725774249
 20
-28.57199688192811
 30
0.0
 10
-131.1056014755707
 20
-28.09845503090959
 30
0.0
 10
-130.5206380125479
 20
-27.82299604567659
 30
0.0
 10
-130.0935218331978
 20
-27.82299604567659
 30
0.0
  0
SPLINE
  5
735
330
70
100
AcDbEntity
  8
0
100
AcDbSpline
210
0.0
220
0.0
230
1.0
 70
     8
 71
     2
 72
     7
 73
     4
 74
     0
 42
0.000000001
 43
0.0000000001
 40
0.0
 40
0.0
 40
0.0
 40
1.0
 40
2.0
 40
2.0
 40
2.0
 10
-145.3327232500857
 20
-83.67524334093543
 30
0.0
 10
-145.4546897173928
 20
-83.56198876415025
 30
0.0
 10
-145.8409168638653
 20
-83.28901619446291
 30
0.0
 10
-145.930939732592
 20
-83.24545674185323
 30
0.0
  0
LINE
  5
736
330
70
100
AcDbEntity
  8
0
100
AcDbLine
 10
-145.930939732592
 20
-83.24545674185323
 30
0.0
 11
-145.4895372794805
 21
-82.67918385792738
 31
0.0
  0
SPLINE
  5
737
330
70
100
AcDbEntity
  8
0
100
AcDbSpline
210
0.0
220
0.0
230
1.0
 70
     8
 71
     2
 72
     6
 73
     3
 74
     0
 42
0.000000001
 43
0.0000000001
 40
0.0
 40
0.0
 40
0.0
 40
1.0
 40
1.0
 40
1.0
 10
-145.4895372794805
 20
-82.67918385792738
 30
0.0
 10
-145.1642933666616
 20
-82.83890185082954
 30
0.0
 10
-144.8651851254084
 20
-83.1176823475315
 30
0.0
  0
SPLINE
  5
738
330
70
100
AcDbEntity
  8
0
100
AcDbSpline
210
0.0
220
0.0
230
1.0
 70
     8
 71
     2
 72
     7
 73
     4
 74
     0
 42
0.000000001
 43
0.0000000001
 40
0.0
 40
0.0
 40
0.0
 40
1.0
 40
2.0
 40
2.0
 40
2.0
 10
-144.8651851254084
 20
-83.1176823475315
 30
0.0
 10
-144.6357720083307
 20
-82.90859697500502
 30
0.0
 10
-144.1159625405219
 20
-82.7111274565078
 30
0.0
 10
-143.7558710656152
 20
-82.7111274565078
 30
0.0
  0
SPLINE
  5
739
330
70
100
AcDbEntity
  8
0
100
AcDbSpline
210
0.0
220
0.0
230
1.0
 70
     8
 71
     2
 72
     6
 73
     3
 74
     0
 42
0.000000001
 43
0.0000000001
 40
0.0
 40
0.0
 40
0.0
 40
1.0
 40
1.0
 40
1.0
 10
-143.7558710656152
 20
-82.7111274565078
 30
0.0
 10
-143.0444000063237
 20
-82.7111274565078
 30
0.0
 10
-142.6872124949244
 20
-83.11187442051688
 30
0.0
  0
SPLINE
  5
73A
330
70
100
AcDbEntity
  8
0
100
AcDbSpline
210
0.0
220
0.0
230
1.0
 70
     8
 71
     2
 72
     6
 73
     3
 74
     0
 42
0.000000001
 43
0.0000000001
 40
0.0
 40
0.0
 40
0.0
 40
1.0
 40
1.0
 40
1.0
 10
-142.6872124949244
 20
-83.11187442051688
 30
0.0
 10
-142.4084319982224
 20
-83.41969455229197
 30
0.0
 10
-142.4084319982224
 20
-83.82334547980834
 30
0.0
  0
SPLINE
  5
73B
330
70
100
AcDbEntity
  8
0
100
AcDbSpline
210
0.0
220
0.0
230
1.0
 70
     8
 71
     2
 72
     7
 73
     4
 74
     0
 42
0.000000001
 43
0.0000000001
 40
0.0
 40
0.0
 40
0.0
 40
1.0
 40
2.0
 40
2.0
 40
2.0
 10
-142.4084319982224
 20
-83.82334547980834
 30
0.0
 10
-142.4084319982224
 20
-84.18924488172967
 30
0.0
 10
-142.8440265243192
 20
-84.77584551020671
 30
0.0
 10
-143.279621050416
 20
-84.9907388097478
 30
0.0
  0
SPLINE
  5
73C
330
70
100
AcDbEntity
  8
0
100
AcDbSpline
210
0.0
220
0.0
230
1.0
 70
     8
 71
     2
 72
     7
 73
     4
 74
     0
 42
0.000000001
 43
0.0000000001
 40
0.0
 40
0.0
 40
0.0
 40
1.0
 40
2.0
 40
2.0
 40
2.0
 10
-143.279621050416
 20
-84.9907388097478
 30
0.0
 10
-143.0850554954261
 20
-85.22015192682546
 30
0.0
 10
-142.8875859769289
 20
-85.63832267187841
 30
0.0
 10
-142.8875859769289
 20
-85.82708029985369
 30
0.0
  0
SPLINE
  5
73D
330
70
100
AcDbEntity
  8
0
100
AcDbSpline
210
0.0
220
0.0
230
1.0
 70
     8
 71
     2
 72
     7
 73
     4
 74
     0
 42
0.000000001
 43
0.0000000001
 40
0.0
 40
0.0
 40
0.0
 40
1.0
 40
2.0
 40
2.0
 40
2.0
 10
-142.8875859769289
 20
-85.82708029985369
 30
0.0
 10
-142.8875859769289
 20
-86.17265195722383
 30
0.0
 10
-143.4422430068255
 20
-86.65180593593033
 30
0.0
 10
-143.9533405841124
 20
-86.65180593593033
 30
0.0
  0
SPLINE
  5
73E
330
70
100
AcDbEntity
  8
0
100
AcDbSpline
210
0.0
220
0.0
230
1.0
 70
     8
 71
     2
 72
     7
 73
     4
 74
     0
 42
0.000000001
 43
0.0000000001
 40
0.0
 40
0.0
 40
0.0
 40
1.0
 40
2.0
 40
2.0
 40
2.0
 10
-143.9533405841124
 20
-86.65180593593033
 30
0.0
 10
-144.4470143803554
 20
-86.65180593593033
 30
0.0
 10
-145.0016714102521
 20
-86.14942024916533
 30
0.0
 10
-145.0016714102521
 20
-85.78642481075133
 30
0.0
  0
SPLINE
  5
73F
330
70
100
AcDbEntity
  8
0
100
AcDbSpline
210
0.0
220
0.0
230
1.0
 70
     8
 71
     2
 72
     7
 73
     4
 74
     0
 42
0.000000001
 43
0.0000000001
 40
0.0
 40
0.0
 40
0.0
 40
1.0
 40
2.0
 40
2.0
 40
2.0
 10
-145.0016714102521
 20
-85.78642481075133
 30
0.0
 10
-145.0016714102521
 20
-85.55410773016635
 30
0.0
 10
-144.7286988405647
 20
-85.14174491212804
 30
0.0
 10
-144.3134320590191
 20
-84.88038819646995
 30
0.0
  0
LINE
  5
740
330
70
100
AcDbEntity
  8
0
100
AcDbLine
 10
-144.3134320590191
 20
-84.88038819646996
 30
0.0
 11
-144.8390494538426
 21
-84.17762902770041
 31
0.0
  0
SPLINE
  5
741
330
70
100
AcDbEntity
  8
0
100
AcDbSpline
210
0.0
220
0.0
230
1.0
 70
     8
 71
     2
 72
     6
 73
     3
 74
     0
 42
0.000000001
 43
0.0000000001
 40
0.0
 40
0.0
 40
0.0
 40
1.0
 40
1.0
 40
1.0
 10
-144.8390494538426
 20
-84.17762902770041
 30
0.0
 10
-144.9319762860766
 20
-84.34315494761721
 30
0.0
 10
-144.9987674467448
 20
-84.60741562678263
 30
0.0
  0
LINE
  5
742
330
70
100
AcDbEntity
  8
0
100
AcDbLine
 10
-144.9987674467448
 20
-84.60741562678263
 30
0.0
 11
-145.6579671629046
 21
-84.45931348790969
 31
0.0
  0
SPLINE
  5
743
330
70
100
AcDbEntity
  8
0
100
AcDbSpline
210
0.0
220
0.0
230
1.0
 70
     8
 71
     2
 72
     7
 73
     4
 74
     0
 42
0.000000001
 43
0.0000000001
 40
0.0
 40
0.0
 40
0.0
 40
1.0
 40
2.0
 40
2.0
 40
2.0
 10
-145.6579671629046
 20
-84.45931348790969
 30
0.0
 10
-145.559232403656
 20
-84.11083786703224
 30
0.0
 10
-145.4140342282904
 20
-83.78559395421328
 30
0.0
 10
-145.3327232500857
 20
-83.67524334093543
 30
0.0
  0
SPLINE
  5
744
330
70
100
AcDbEntity
  8
0
100
AcDbSpline
210
0.0
220
0.0
230
1.0
 70
     8
 71
     2
 72
     7
 73
     4
 74
     0
 42
0.000000001
 43
0.0000000001
 40
0.0
 40
0.0
 40
0.0
 40
1.0
 40
2.0
 40
2.0
 40
2.0
 10
-121.9846942628429
 20
-47.3975037736591
 30
0.0
 10
-121.743665291736
 20
-47.16228272956683
 30
0.0
 10
-120.8260128234253
 20
-46.80799918167474
 30
0.0
 10
-120.3555707352408
 20
-46.80799918167474
 30
0.0
  0
SPLINE
  5
745
330
70
100
AcDbEntity
  8
0
100
AcDbSpline
210
0.0
220
0.0
230
1.0
 70
     8
 71
     2
 72
     8
 73
     5
 74
     0
 42
0.000000001
 43
0.0000000001
 40
0.0
 40
0.0
 40
0.0
 40
1.0
 40
2.0
 40
3.0
 40
3.0
 40
3.0
 10
-120.3555707352408
 20
-46.80799918167474
 30
0.0
 10
-119.7573542527345
 20
-46.80799918167474
 30
0.0
 10
-118.868741419497
 20
-47.31038486843974
 30
0.0
 10
-118.4215310393709
 20
-48.24255715428693
 30
0.0
 10
-118.4215310393709
 20
-48.78850229366161
 30
0.0
  0
SPLINE
  5
746
330
70
100
AcDbEntity
  8
0
100
AcDbSpline
210
0.0
220
0.0
230
1.0
 70
     8
 71
     2
 72
     7
 73
     4
 74
     0
 42
0.000000001
 43
0.0000000001
 40
0.0
 40
0.0
 40
0.0
 40
1.0
 40
2.0
 40
2.0
 40
2.0
 10
-118.4215310393709
 20
-48.78850229366161
 30
0.0
 10
-118.4215310393709
 20
-49.38381481266059
 30
0.0
 10
-118.9210127626286
 20
-50.31017917149315
 30
0.0
 10
-119.4001667413351
 20
-50.55701606961467
 30
0.0
  0
SPLINE
  5
747
330
70
100
AcDbEntity
  8
0
100
AcDbSpline
210
0.0
220
0.0
230
1.0
 70
     8
 71
     2
 72
     6
 73
     3
 74
     0
 42
0.000000001
 43
0.0000000001
 40
0.0
 40
0.0
 40
0.0
 40
1.0
 40
1.0
 40
1.0
 10
-119.4001667413351
 20
-50.55701606961467
 30
0.0
 10
-119.7689701067637
 20
-50.74577369758997
 30
0.0
 10
-120.3149152461384
 20
-50.74577369758997
 30
0.0
  0
SPLINE
  5
748
330
70
100
AcDbEntity
  8
0
100
AcDbSpline
210
0.0
220
0.0
230
1.0
 70
     8
 71
     2
 72
     7
 73
     4
 74
     0
 42
0.000000001
 43
0.0000000001
 40
0.0
 40
0.0
 40
0.0
 40
1.0
 40
2.0
 40
2.0
 40
2.0
 10
-120.3149152461384
 20
-50.74577369758997
 30
0.0
 10
-121.0234823419226
 20
-50.74577369758997
 30
0.0
 10
-121.8220723064334
 20
-50.15046117859099
 30
0.0
 10
-121.9353268832186
 20
-49.6248437837675
 30
0.0
  0
LINE
  5
749
330
70
100
AcDbEntity
  8
0
100
AcDbLine
 10
-121.9353268832186
 20
-49.6248437837675
 30
0.0
 11
-121.1715844807955
 21
-49.48254957190919
 31
0.0
  0
SPLINE
  5
74A
330
70
100
AcDbEntity
  8
0
100
AcDbSpline
210
0.0
220
0.0
230
1.0
 70
     8
 71
     2
 72
     7
 73
     4
 74
     0
 42
0.000000001
 43
0.0000000001
 40
0.0
 40
0.0
 40
0.0
 40
1.0
 40
2.0
 40
2.0
 40
2.0
 10
-121.1715844807955
 20
-49.48254957190919
 30
0.0
 10
-121.0902735025908
 20
-49.76423403211846
 30
0.0
 10
-120.645967085972
 20
-50.08947794493742
 30
0.0
 10
-120.3149152461384
 20
-50.08947794493742
 30
0.0
  0
SPLINE
  5
74B
330
70
100
AcDbEntity
  8
0
100
AcDbSpline
210
0.0
220
0.0
230
1.0
 70
     8
 71
     2
 72
     7
 73
     4
 74
     0
 42
0.000000001
 43
0.0000000001
 40
0.0
 40
0.0
 40
0.0
 40
1.0
 40
2.0
 40
2.0
 40
2.0
 10
-120.3149152461384
 20
-50.08947794493742
 30
0.0
 10
-119.8096255958661
 20
-50.08947794493742
 30
0.0
 10
-119.2143130768671
 20
-49.45060597332876
 30
0.0
 10
-119.2143130768671
 20
-48.82044589224204
 30
0.0
  0
SPLINE
  5
74C
330
70
100
AcDbEntity
  8
0
100
AcDbSpline
210
0.0
220
0.0
230
1.0
 70
     8
 71
     2
 72
     7
 73
     4
 74
     0
 42
0.000000001
 43
0.0000000001
 40
0.0
 40
0.0
 40
0.0
 40
1.0
 40
2.0
 40
2.0
 40
2.0
 10
-119.2143130768671
 20
-48.82044589224204
 30
0.0
 10
-119.2143130768671
 20
-48.14382239503832
 30
0.0
 10
-119.8183374863881
 20
-47.46429493432728
 30
0.0
 10
-120.3062033556165
 20
-47.46429493432728
 30
0.0
  0
SPLINE
  5
74D
330
70
100
AcDbEntity
  8
0
100
AcDbSpline
210
0.0
220
0.0
230
1.0
 70
     8
 71
     2
 72
     7
 73
     4
 74
     0
 42
0.000000001
 43
0.0000000001
 40
0.0
 40
0.0
 40
0.0
 40
1.0
 40
2.0
 40
2.0
 40
2.0
 10
-120.3062033556165
 20
-47.46429493432728
 30
0.0
 10
-120.5472323267234
 20
-47.46429493432728
 30
0.0
 10
-121.0321942324445
 20
-47.65305256230257
 30
0.0
 10
-121.2064320428832
 20
-47.78663488363893
 30
0.0
  0
SPLINE
  5
74E
330
70
100
AcDbEntity
  8
0
100
AcDbSpline
210
0.0
220
0.0
230
1.0
 70
     8
 71
     2
 72
     8
 73
     5
 74
     0
 42
0.000000001
 43
0.0000000001
 40
0.0
 40
0.0
 40
0.0
 40
1.0
 40
2.0
 40
3.0
 40
3.0
 40
3.0
 10
-191.7642326019254
 20
-69.55975462481783
 30
0.0
 10
-192.265629855945
 20
-69.55975462481783
 30
0.0
 10
-193.0765315877545
 20
-69.1016879976888
 30
0.0
 10
-193.5469783939952
 20
-68.22888537032132
 30
0.0
 10
-193.5469783939952
 20
-67.60368632518576
 30
0.0
  0
SPLINE
  5
74F
330
70
100
AcDbEntity
  8
0
100
AcDbSpline
210
0.0
220
0.0
230
1.0
 70
     8
 71
     2
 72
     8
 73
     5
 74
     0
 42
0.000000001
 43
0.0000000001
 40
0.0
 40
0.0
 40
0.0
 40
1.0
 40
2.0
 40
3.0
 40
3.0
 40
3.0
 10
-193.5469783939952
 20
-67.60368632518576
 30
0.0
 10
-193.5469783939952
 20
-66.98158232482808
 30
0.0
 10
-193.0765315877545
 20
-66.10877969746062
 30
0.0
 10
-192.265629855945
 20
-65.64761802555368
 30
0.0
 10
-191.7642326019254
 20
-65.64761802555368
 30
0.0
  0
SPLINE
  5
750
330
70
100
AcDbEntity
  8
0
100
AcDbSpline
210
0.0
220
0.0
230
1.0
 70
     8
 71
     2
 72
     8
 73
     5
 74
     0
 42
0.000000001
 43
0.0000000001
 40
0.0
 40
0.0
 40
0.0
 40
1.0
 40
2.0
 40
3.0
 40
3.0
 40
3.0
 10
-191.7642326019254
 20
-65.64761802555368
 30
0.0
 10
-191.25664525835
 20
-65.64761802555368
 30
0.0
 10
-190.4488385713184
 20
-66.10877969746062
 30
0.0
 10
-189.9783917650778
 20
-66.98467736960598
 30
0.0
 10
-189.9783917650778
 20
-67.60368632518576
 30
0.0
  0
SPLINE
  5
751
330
70
100
AcDbEntity
  8
0
100
AcDbSpline
210
0.0
220
0.0
230
1.0
 70
     8
 71
     2
 72
     8
 73
     5
 74
     0
 42
0.000000001
 43
0.0000000001
 40
0.0
 40
0.0
 40
0.0
 40
1.0
 40
2.0
 40
3.0
 40
3.0
 40
3.0
 10
-189.9783917650778
 20
-67.60368632518576
 30
0.0
 10
-189.9783917650778
 20
-68.22888537032132
 30
0.0
 10
-190.4488385713184
 20
-69.1016879976888
 30
0.0
 10
-191.25664525835
 20
-69.55975462481783
 30
0.0
 10
-191.7642326019254
 20
-69.55975462481783
 30
0.0
  0
SPLINE
  5
752
330
70
100
AcDbEntity
  8
0
100
AcDbSpline
210
0.0
220
0.0
230
1.0
 70
     8
 71
     2
 72
     6
 73
     3
 74
     0
 42
0.000000001
 43
0.0000000001
 40
0.0
 40
0.0
 40
0.0
 40
1.0
 40
1.0
 40
1.0
 10
-210.419871089365
 20
-69.69848983067942
 30
0.0
 10
-211.1226302581346
 20
-69.69848983067942
 30
0.0
 10
-211.3346195941683
 20
-69.64041056053317
 30
0.0
  0
SPLINE
  5
753
330
70
100
AcDbEntity
  8
0
100
AcDbSpline
210
0.0
220
0.0
230
1.0
 70
     8
 71
     2
 72
     7
 73
     4
 74
     0
 42
0.000000001
 43
0.0000000001
 40
0.0
 40
0.0
 40
0.0
 40
1.0
 40
2.0
 40
2.0
 40
2.0
 10
-211.3346195941683
 20
-69.64041056053317
 30
0.0
 10
-211.6627674704946
 20
-69.55619561882112
 30
0.0
 10
-212.1041699236061
 20
-68.98121084437332
 30
0.0
 10
-212.1041699236061
 20
-68.52528857372532
 30
0.0
  0
SPLINE
  5
754
330
70
100
AcDbEntity
  8
0
100
AcDbSpline
210
0.0
220
0.0
230
1.0
 70
     8
 71
     2
 72
     8
 73
     5
 74
     0
 42
0.000000001
 43
0.0000000001
 40
0.0
 40
0.0
 40
0.0
 40
1.0
 40
2.0
 40
3.0
 40
3.0
 40
3.0
 10
-212.1041699236061
 20
-68.52528857372532
 30
0.0
 10
-212.1041699236061
 20
-68.17681295284787
 30
0.0
 10
-211.8486211349626
 20
-67.69765897414138
 30
0.0
 10
-211.4565860614755
 20
-67.42468640445403
 30
0.0
 10
-211.2533086159636
 20
-67.38112695184437
 30
0.0
  0
SPLINE
  5
755
330
70
100
AcDbEntity
  8
0
100
AcDbSpline
210
0.0
220
0.0
230
1.0
 70
     8
 71
     2
 72
     6
 73
     3
 74
     0
 42
0.000000001
 43
0.0000000001
 40
0.0
 40
0.0
 40
0.0
 40
1.0
 40
1.0
 40
1.0
 10
-211.2533086159636
 20
-67.38112695184437
 30
0.0
 10
-210.9803360462763
 20
-67.32595164520543
 30
0.0
 10
-210.4576226149601
 20
-67.32595164520543
 30
0.0
  0
SPLINE
  5
756
330
70
100
AcDbEntity
  8
0
100
AcDbSpline
210
0.0
220
0.0
230
1.0
 70
     8
 71
     2
 72
     8
 73
     5
 74
     0
 42
0.000000001
 43
0.0000000001
 40
0.0
 40
0.0
 40
0.0
 40
1.0
 40
2.0
 40
3.0
 40
3.0
 40
3.0
 10
-180.7147193520208
 20
-90.11907157468654
 30
0.0
 10
-180.7147193520208
 20
-90.50285712714597
 30
0.0
 10
-181.0706495014791
 20
-91.10020076928044
 30
0.0
 10
-181.7113237705042
 20
-91.44065569484935
 30
0.0
 10
-182.1384399498542
 20
-91.43756065007142
 30
0.0
  0
SPLINE
  5
757
330
70
100
AcDbEntity
  8
0
100
AcDbSpline
210
0.0
220
0.0
230
1.0
 70
     8
 71
     2
 72
     9
 73
     6
 74
     0
 42
0.000000001
 43
0.0000000001
 40
0.0
 40
0.0
 40
0.0
 40
1.0
 40
2.0
 40
3.0
 40
4.0
 40
4.0
 40
4.0
 10
-182.1384399498542
 20
-91.43756065007142
 30
0.0
 10
-182.4324692037546
 20
-91.43756065007142
 30
0.0
 10
-182.9771970846648
 20
-91.24257282906379
 30
0.0
 10
-183.4074083087928
 20
-90.80926656015796
 30
0.0
 10
-183.6581069358025
 20
-90.09740626124122
 30
0.0
 10
-183.6581069358025
 20
-89.58053378333211
 30
0.0
  0
SPLINE
  5
758
330
70
100
AcDbEntity
  8
0
100
AcDbSpline
210
0.0
220
0.0
230
1.0
 70
     8
 71
     2
 72
     9
 73
     6
 74
     0
 42
0.000000001
 43
0.0000000001
 40
0.0
 40
0.0
 40
0.0
 40
1.0
 40
2.0
 40
3.0
 40
4.0
 40
4.0
 40
4.0
 10
-183.6581069358025
 20
-89.58053378333211
 30
0.0
 10
-183.6581069358025
 20
-89.09461175320201
 30
0.0
 10
-183.4414538013496
 20
-88.33632578261678
 30
0.0
 10
-183.0360029354449
 20
-87.80397808081819
 30
0.0
 10
-182.4634196515336
 20
-87.52542405080729
 30
0.0
 10
-182.1105845468532
 20
-87.52542405080729
 30
0.0
  0
SPLINE
  5
759
330
70
100
AcDbEntity
  8
0
100
AcDbSpline
210
0.0
220
0.0
230
1.0
 70
     8
 71
     2
 72
     8
 73
     5
 74
     0
 42
0.000000001
 43
0.0000000001
 40
0.0
 40
0.0
 40
0.0
 40
1.0
 40
2.0
 40
3.0
 40
3.0
 40
3.0
 10
-182.1105845468532
 20
-87.52542405080729
 30
0.0
 10
-181.7298940391716
 20
-87.52542405080729
 30
0.0
 10
-181.1449305761487
 20
-87.82254834948558
 30
0.0
 10
-180.7890004266903
 20
-88.33323073783889
 30
0.0
 10
-180.7518598893556
 20
-88.65202034996245
 30
0.0
  0
LINE
  5
75A
330
70
100
AcDbEntity
  8
0
100
AcDbLine
 10
-180.7518598893556
 20
-88.65202034996245
 30
0.0
 11
-181.5472863972756
 21
-88.65202034996245
 31
0.0
  0
SPLINE
  5
75B
330
70
100
AcDbEntity
  8
0
100
AcDbSpline
210
0.0
220
0.0
230
1.0
 70
     8
 71
     2
 72
     7
 73
     4
 74
     0
 42
0.000000001
 43
0.0000000001
 40
0.0
 40
0.0
 40
0.0
 40
1.0
 40
2.0
 40
2.0
 40
2.0
 10
-181.5472863972756
 20
-88.65202034996245
 30
0.0
 10
-181.593712068944
 20
-88.44465234984324
 30
0.0
 10
-181.8908363676223
 20
-88.21561903627873
 30
0.0
 10
-182.1105845468532
 20
-88.21561903627873
 30
0.0
  0
SPLINE
  5
75C
330
70
100
AcDbEntity
  8
0
100
AcDbSpline
210
0.0
220
0.0
230
1.0
 70
     8
 71
     2
 72
     7
 73
     4
 74
     0
 42
0.000000001
 43
0.0000000001
 40
0.0
 40
0.0
 40
0.0
 40
1.0
 40
2.0
 40
2.0
 40
2.0
 10
-182.1105845468532
 20
-88.21561903627873
 30
0.0
 10
-182.481989920201
 20
-88.21561903627873
 30
0.0
 10
-182.8688705174384
 20
-88.86557843963748
 30
0.0
 10
-182.8719655622163
 20
-89.42887658921508
 30
0.0
  0
LINE
  5
75D
330
70
100
AcDbEntity
  8
0
100
AcDbLine
 10
-182.8719655622163
 20
-89.42887658921508
 30
0.0
 11
-182.8441101592152
 21
-89.42887658921508
 31
0.0
  0
SPLINE
  5
75E
330
70
100
AcDbEntity
  8
0
100
AcDbSpline
210
0.0
220
0.0
230
1.0
 70
     8
 71
     2
 72
     8
 73
     5
 74
     0
 42
0.000000001
 43
0.0000000001
 40
0.0
 40
0.0
 40
0.0
 40
1.0
 40
2.0
 40
3.0
 40
3.0
 40
3.0
 10
-182.8441101592152
 20
-89.42887658921508
 30
0.0
 10
-182.7605439502119
 20
-89.26174417120854
 30
0.0
 10
-182.4696097410894
 20
-89.02342572331034
 30
0.0
 10
-182.0951093229637
 20
-88.89343384263858
 30
0.0
 10
-181.8846462780665
 20
-88.89343384263858
 30
0.0
  0
SPLINE
  5
75F
330
70
100
AcDbEntity
  8
0
100
AcDbSpline
210
0.0
220
0.0
230
1.0
 70
     8
 71
     2
 72
     8
 73
     5
 74
     0
 42
0.000000001
 43
0.0000000001
 40
0.0
 40
0.0
 40
0.0
 40
1.0
 40
2.0
 40
3.0
 40
3.0
 40
3.0
 10
-181.8846462780665
 20
-88.89343384263858
 30
0.0
 10
-181.5503814420535
 20
-88.89343384263858
 30
0.0
 10
-181.0211287850328
 20
-89.20912840998425
 30
0.0
 10
-180.7147193520208
 20
-89.76314142522815
 30
0.0
 10
-180.7147193520208
 20
-90.11907157468654
 30
0.0
  0
SPLINE
  5
760
330
70
100
AcDbEntity
  8
0
100
AcDbSpline
210
0.0
220
0.0
230
1.0
 70
     8
 71
     2
 72
     7
 73
     4
 74
     0
 42
0.000000001
 43
0.0000000001
 40
0.0
 40
0.0
 40
0.0
 40
1.0
 40
2.0
 40
2.0
 40
2.0
 10
-182.350450523798
 20
-81.64335227607898
 30
0.0
 10
-181.9697600161165
 20
-82.13855944054278
 30
0.0
 10
-181.6014496875465
 20
-83.30229627703275
 30
0.0
 10
-181.6014496875465
 20
-83.99558630728209
 30
0.0
  0
SPLINE
  5
761
330
70
100
AcDbEntity
  8
0
100
AcDbSpline
210
0.0
220
0.0
230
1.0
 70
     8
 71
     2
 72
     7
 73
     4
 74
     0
 42
0.000000001
 43
0.0000000001
 40
0.0
 40
0.0
 40
0.0
 40
1.0
 40
2.0
 40
2.0
 40
2.0
 10
-181.6014496875465
 20
-83.99558630728209
 30
0.0
 10
-181.6014496875465
 20
-84.68887633753144
 30
0.0
 10
-181.9697600161165
 20
-85.85261317402141
 30
0.0
 10
-182.350450523798
 20
-86.34782033848521
 30
0.0
  0
LINE
  5
762
330
70
100
AcDbEntity
  8
0
100
AcDbLine
 10
-182.350450523798
 20
-86.34782033848521
 30
0.0
 11
-183.1087364943832
 21
-86.34782033848521
 31
0.0
  0
SPLINE
  5
763
330
70
100
AcDbEntity
  8
0
100
AcDbSpline
210
0.0
220
0.0
230
1.0
 70
     8
 71
     2
 72
     9
 73
     6
 74
     0
 42
0.000000001
 43
0.0000000001
 40
0.0
 40
0.0
 40
0.0
 40
1.0
 40
2.0
 40
3.0
 40
4.0
 40
4.0
 40
4.0
 10
-183.1087364943832
 20
-86.34782033848521
 30
0.0
 10
-182.963269389822
 20
-86.16521269658917
 30
0.0
 10
-182.7156658075901
 20
-85.63596003956847
 30
0.0
 10
-182.5268680761382
 20
-85.00147586009921
 30
0.0
 10
-182.4247315984676
 20
-84.32675609851727
 30
0.0
 10
-182.4247315984676
 20
-83.99558630728209
 30
0.0
  0
SPLINE
  5
764
330
70
100
AcDbEntity
  8
0
100
AcDbSpline
210
0.0
220
0.0
230
1.0
 70
     8
 71
     2
 72
     8
 73
     5
 74
     0
 42
0.000000001
 43
0.0000000001
 40
0.0
 40
0.0
 40
0.0
 40
1.0
 40
2.0
 40
3.0
 40
3.0
 40
3.0
 10
-182.4247315984676
 20
-83.99558630728209
 30
0.0
 10
-182.4247315984676
 20
-83.55608994882047
 30
0.0
 10
-182.6042441955857
 20
-82.6585269632298
 30
0.0
 10
-182.9137486733756
 20
-81.88786081353297
 30
0.0
 10
-183.1087364943832
 20
-81.64335227607898
 30
0.0
  0
LINE
  5
765
330
70
100
AcDbEntity
  8
0
100
AcDbLine
 10
-183.1087364943832
 20
-81.64335227607898
 30
0.0
 11
-182.350450523798
 21
-81.64335227607898
 31
0.0
  0
SPLINE
  5
766
330
70
100
AcDbEntity
  8
0
100
AcDbSpline
210
0.0
220
0.0
230
1.0
 70
     8
 71
     2
 72
     6
 73
     3
 74
     0
 42
0.000000001
 43
0.0000000001
 40
0.0
 40
0.0
 40
0.0
 40
1.0
 40
1.0
 40
1.0
 10
-19.89476219632003
 20
-50.27910751897596
 30
0.0
 10
-20.59752136508956
 20
-50.27910751897596
 30
0.0
 10
-20.80951070112334
 20
-50.22102824882971
 30
0.0
  0
SPLINE
  5
767
330
70
100
AcDbEntity
  8
0
100
AcDbSpline
210
0.0
220
0.0
230
1.0
 70
     8
 71
     2
 72
     7
 73
     4
 74
     0
 42
0.000000001
 43
0.0000000001
 40
0.0
 40
0.0
 40
0.0
 40
1.0
 40
2.0
 40
2.0
 40
2.0
 10
-20.80951070112334
 20
-50.22102824882971
 30
0.0
 10
-21.13765857744962
 20
-50.13681330711766
 30
0.0
 10
-21.57906103056105
 20
-49.56182853266987
 30
0.0
 10
-21.57906103056105
 20
-49.10590626202187
 30
0.0
  0
SPLINE
  5
768
330
70
100
AcDbEntity
  8
0
100
AcDbSpline
210
0.0
220
0.0
230
1.0
 70
     8
 71
     2
 72
     8
 73
     5
 74
     0
 42
0.000000001
 43
0.0000000001
 40
0.0
 40
0.0
 40
0.0
 40
1.0
 40
2.0
 40
3.0
 40
3.0
 40
3.0
 10
-21.57906103056105
 20
-49.10590626202187
 30
0.0
 10
-21.57906103056105
 20
-48.75743064114441
 30
0.0
 10
-21.32351224191758
 20
-48.27827666243792
 30
0.0
 10
-20.93147716843045
 20
-48.00530409275058
 30
0.0
 10
-20.7281997229186
 20
-47.9617446401409
 30
0.0
  0
SPLINE
  5
769
330
70
100
AcDbEntity
  8
0
100
AcDbSpline
210
0.0
220
0.0
230
1.0
 70
     8
 71
     2
 72
     6
 73
     3
 74
     0
 42
0.000000001
 43
0.0000000001
 40
0.0
 40
0.0
 40
0.0
 40
1.0
 40
1.0
 40
1.0
 10
-20.7281997229186
 20
-47.9617446401409
 30
0.0
 10
-20.45522715323127
 20
-47.90656933350198
 30
0.0
 10
-19.93251372191509
 20
-47.90656933350198
 30
0.0
  0
LINE
  5
76A
330
70
100
AcDbEntity
  8
0
100
AcDbLine
 10
-24.99231997561422
 20
-49.18346166759977
 30
0.0
 11
-24.22165382591741
 21
-49.18346166759977
 31
0.0
  0
SPLINE
  5
76B
330
70
100
AcDbEntity
  8
0
100
AcDbSpline
210
0.0
220
0.0
230
1.0
 70
     8
 71
     2
 72
     7
 73
     4
 74
     0
 42
0.000000001
 43
0.0000000001
 40
0.0
 40
0.0
 40
0.0
 40
1.0
 40
2.0
 40
2.0
 40
2.0
 10
-24.22165382591741
 20
-49.18346166759977
 30
0.0
 10
-24.19689346769422
 20
-49.40630489160849
 30
0.0
 10
-23.85953358690324
 20
-49.6570035186183
 30
0.0
 10
-23.56859937778075
 20
-49.6570035186183
 30
0.0
  0
SPLINE
  5
76C
330
70
100
AcDbEntity
  8
0
100
AcDbSpline
210
0.0
220
0.0
230
1.0
 70
     8
 71
     2
 72
     8
 73
     5
 74
     0
 42
0.000000001
 43
0.0000000001
 40
0.0
 40
0.0
 40
0.0
 40
1.0
 40
2.0
 40
3.0
 40
3.0
 40
3.0
 10
-23.56859937778075
 20
-49.6570035186183
 30
0.0
 10
-23.37361155677312
 20
-49.6570035186183
 30
0.0
 10
-23.10124761631803
 20
-49.54558190661394
 30
0.0
 10
-22.95887555653468
 20
-49.3536891303842
 30
0.0
 10
-22.95887555653468
 20
-49.22988733926825
 30
0.0
  0
SPLINE
  5
76D
330
70
100
AcDbEntity
  8
0
100
AcDbSpline
210
0.0
220
0.0
230
1.0
 70
     8
 71
     2
 72
     9
 73
     6
 74
     0
 42
0.000000001
 43
0.0000000001
 40
0.0
 40
0.0
 40
0.0
 40
1.0
 40
2.0
 40
3.0
 40
4.0
 40
4.0
 40
4.0
 10
-22.95887555653468
 20
-49.22988733926825
 30
0.0
 10
-22.95268546697888
 20
-49.12775086159759
 30
0.0
 10
-23.04863185509374
 20
-48.97609366748056
 30
0.0
 10
-23.21576427310028
 20
-48.86776710025408
 30
0.0
 10
-23.4355124523311
 20
-48.78729593602871
 30
0.0
 10
-23.55931424344705
 20
-48.75944053302763
 30
0.0
  0
LINE
  5
76E
330
70
100
AcDbEntity
  8
0
100
AcDbLine
 10
-23.55931424344706
 20
-48.75944053302763
 30
0.0
 11
-23.90286421379383
 21
-48.67587432402436
 31
0.0
  0
SPLINE
  5
76F
330
70
100
AcDbEntity
  8
0
100
AcDbSpline
210
0.0
220
0.0
230
1.0
 70
     8
 71
     2
 72
     9
 73
     6
 74
     0
 42
0.000000001
 43
0.0000000001
 40
0.0
 40
0.0
 40
0.0
 40
1.0
 40
2.0
 40
3.0
 40
4.0
 40
4.0
 40
4.0
 10
-23.90286421379383
 20
-48.67587432402436
 30
0.0
 10
-24.15046779602573
 20
-48.62016351802218
 30
0.0
 10
-24.56829884104207
 20
-48.43446083134825
 30
0.0
 10
-24.87161322927616
 20
-48.16209689089316
 30
0.0
 10
-25.0418406920606
 20
-47.79378656232318
 30
0.0
 10
-25.0449357368385
 20
-47.55856315920287
 30
0.0
  0
SPLINE
  5
770
330
70
100
AcDbEntity
  8
0
100
AcDbSpline
210
0.0
220
0.0
230
1.0
 70
     8
 71
     2
 72
     8
 73
     5
 74
     0
 42
0.000000001
 43
0.0000000001
 40
0.0
 40
0.0
 40
0.0
 40
1.0
 40
2.0
 40
3.0
 40
3.0
 40
3.0
 10
-25.0449357368385
 20
-47.55856315920287
 30
0.0
 10
-25.0418406920606
 20
-47.2088230993003
 30
0.0
 10
-24.69210063215803
 20
-46.69504566616909
 30
0.0
 10
-24.02976104968768
 20
-46.4164916361582
 30
0.0
 10
-23.56550433300285
 20
-46.4164916361582
 30
0.0
  0
SPLINE
  5
771
330
70
100
AcDbEntity
  8
0
100
AcDbSpline
210
0.0
220
0.0
230
1.0
 70
     8
 71
     2
 72
     8
 73
     5
 74
     0
 42
0.000000001
 43
0.0000000001
 40
0.0
 40
0.0
 40
0.0
 40
1.0
 40
2.0
 40
3.0
 40
3.0
 40
3.0
 10
-23.56550433300285
 20
-46.4164916361582
 30
0.0
 10
-23.10434266109592
 20
-46.4164916361582
 30
0.0
 10
-22.42033776518028
 20
-46.69814071094699
 30
0.0
 10
-22.03964725749872
 20
-47.25524877096879
 30
0.0
 10
-22.03036212316503
 20
-47.66379468165143
 30
0.0
  0
LINE
  5
772
330
70
100
AcDbEntity
  8
0
100
AcDbLine
 10
-22.03036212316502
 20
-47.66379468165143
 30
0.0
 11
-22.81031340719554
 21
-47.66379468165143
 31
0.0
  0
SPLINE
  5
773
330
70
100
AcDbEntity
  8
0
100
AcDbSpline
210
0.0
220
0.0
230
1.0
 70
     8
 71
     2
 72
     8
 73
     5
 74
     0
 42
0.000000001
 43
0.0000000001
 40
0.0
 40
0.0
 40
0.0
 40
1.0
 40
2.0
 40
3.0
 40
3.0
 40
3.0
 10
-22.81031340719554
 20
-47.66379468165143
 30
0.0
 10
-22.82269358630713
 20
-47.47190190542171
 30
0.0
 10
-23.01768140731475
 20
-47.218108233634
 30
0.0
 10
-23.34885119854993
 20
-47.09121139774015
 30
0.0
 10
-23.55621919866916
 20
-47.09121139774015
 30
0.0
  0
SPLINE
  5
774
330
70
100
AcDbEntity
  8
0
100
AcDbSpline
210
0.0
220
0.0
230
1.0
 70
     8
 71
     2
 72
     8
 73
     5
 74
     0
 42
0.000000001
 43
0.0000000001
 40
0.0
 40
0.0
 40
0.0
 40
1.0
 40
2.0
 40
3.0
 40
3.0
 40
3.0
 10
-23.55621919866916
 20
-47.09121139774015
 30
0.0
 10
-23.76049215401048
 20
-47.09121139774015
 30
0.0
 10
-24.06380654224456
 20
-47.2088230993003
 30
0.0
 10
-24.2309389602511
 20
-47.42238118897533
 30
0.0
 10
-24.2309389602511
 20
-47.55856315920287
 30
0.0
  0
SPLINE
  5
775
330
70
100
AcDbEntity
  8
0
100
AcDbSpline
210
0.0
220
0.0
230
1.0
 70
     8
 71
     2
 72
     8
 73
     5
 74
     0
 42
0.000000001
 43
0.0000000001
 40
0.0
 40
0.0
 40
0.0
 40
1.0
 40
2.0
 40
3.0
 40
3.0
 40
3.0
 10
-24.2309389602511
 20
-47.55856315920287
 30
0.0
 10
-24.2309389602511
 20
-47.68855503987462
 30
0.0
 10
-24.07928176613406
 20
-47.86187754743696
 30
0.0
 10
-23.79144260178946
 20
-47.98567933855292
 30
0.0
 10
-23.58407460167024
 20
-48.0352000549993
 30
0.0
  0
LINE
  5
776
330
70
100
AcDbEntity
  8
0
100
AcDbLine
 10
-23.58407460167024
 20
-48.0352000549993
 30
0.0
 11
-23.1693386014318
 21
-48.14043157744785
 31
0.0
  0
SPLINE
  5
777
330
70
100
AcDbEntity
  8
0
100
AcDbSpline
210
0.0
220
0.0
230
1.0
 70
     8
 71
     2
 72
     7
 73
     4
 74
     0
 42
0.000000001
 43
0.0000000001
 40
0.0
 40
0.0
 40
0.0
 40
1.0
 40
2.0
 40
2.0
 40
2.0
 10
-23.1693386014318
 20
-48.14043157744785
 30
0.0
 10
-22.68651161607958
 20
-48.25494823423011
 30
0.0
 10
-22.12940355605779
 20
-48.75325044347182
 30
0.0
 10
-22.13249860083569
 20
-49.17727157804397
 30
0.0
  0
SPLINE
  5
778
330
70
100
AcDbEntity
  8
0
100
AcDbSpline
210
0.0
220
0.0
230
1.0
 70
     8
 71
     2
 72
     8
 73
     5
 74
     0
 42
0.000000001
 43
0.0000000001
 40
0.0
 40
0.0
 40
0.0
 40
1.0
 40
2.0
 40
3.0
 40
3.0
 40
3.0
 10
-22.13249860083569
 20
-49.17727157804397
 30
0.0
 10
-22.12940355605779
 20
-49.52391659316865
 30
0.0
 10
-22.50390397418355
 20
-50.04078907107775
 30
0.0
 10
-23.1569584223202
 20
-50.32862823542235
 30
0.0
 10
-23.57478946733654
 20
-50.32862823542235
 30
0.0
  0
SPLINE
  5
779
330
70
100
AcDbEntity
  8
0
100
AcDbSpline
210
0.0
220
0.0
230
1.0
 70
     8
 71
     2
 72
     8
 73
     5
 74
     0
 42
0.000000001
 43
0.0000000001
 40
0.0
 40
0.0
 40
0.0
 40
1.0
 40
2.0
 40
3.0
 40
3.0
 40
3.0
 10
-23.57478946733654
 20
-50.32862823542235
 30
0.0
 10
-23.99881060190869
 20
-50.32862823542235
 30
0.0
 10
-24.63329478137795
 20
-50.04078907107775
 30
0.0
 10
-24.98612988605842
 20
-49.52391659316865
 30
0.0
 10
-24.99231997561422
 20
-49.18346166759977
 30
0.0
  0
SPLINE
  5
77A
330
70
100
AcDbEntity
  8
0
100
AcDbSpline
210
0.0
220
0.0
230
1.0
 70
     8
 71
     2
 72
     8
 73
     5
 74
     0
 42
0.000000001
 43
0.0000000001
 40
0.0
 40
0.0
 40
0.0
 40
1.0
 40
2.0
 40
3.0
 40
3.0
 40
3.0
 10
-109.1595423986098
 20
-105.347445785897
 30
0.0
 10
-109.1595423986098
 20
-104.9636602334376
 30
0.0
 10
-108.8005172043735
 20
-104.3663165913031
 30
0.0
 10
-108.1598429353484
 20
-104.0258616657342
 30
0.0
 10
-107.7358218007763
 20
-104.0258616657342
 30
0.0
  0
SPLINE
  5
77B
330
70
100
AcDbEntity
  8
0
100
AcDbSpline
210
0.0
220
0.0
230
1.0
 70
     8
 71
     2
 72
     8
 73
     5
 74
     0
 42
0.000000001
 43
0.0000000001
 40
0.0
 40
0.0
 40
0.0
 40
1.0
 40
2.0
 40
3.0
 40
3.0
 40
3.0
 10
-107.7358218007763
 20
-104.0258616657342
 30
0.0
 10
-107.3427511139831
 20
-104.0258616657342
 30
0.0
 10
-106.7268372031813
 20
-104.3167958748567
 30
0.0
 10
-106.3647169641671
 20
-104.82747826321
 30
0.0
 10
-106.3585268746113
 20
-105.1555530096673
 30
0.0
  0
LINE
  5
77C
330
70
100
AcDbEntity
  8
0
100
AcDbLine
 10
-106.3585268746113
 20
-105.1555530096673
 30
0.0
 11
-107.1384781586418
 21
-105.1555530096673
 31
0.0
  0
SPLINE
  5
77D
330
70
100
AcDbEntity
  8
0
100
AcDbSpline
210
0.0
220
0.0
230
1.0
 70
     8
 71
     2
 72
     7
 73
     4
 74
     0
 42
0.000000001
 43
0.0000000001
 40
0.0
 40
0.0
 40
0.0
 40
1.0
 40
2.0
 40
2.0
 40
2.0
 10
-107.1384781586418
 20
-105.1555530096673
 30
0.0
 10
-107.1539533825313
 20
-104.9327097856586
 30
0.0
 10
-107.4975033528781
 20
-104.6572508004256
 30
0.0
 10
-107.7358218007763
 20
-104.6572508004256
 30
0.0
  0
SPLINE
  5
77E
330
70
100
AcDbEntity
  8
0
100
AcDbSpline
210
0.0
220
0.0
230
1.0
 70
     8
 71
     2
 72
     8
 73
     5
 74
     0
 42
0.000000001
 43
0.0000000001
 40
0.0
 40
0.0
 40
0.0
 40
1.0
 40
2.0
 40
3.0
 40
3.0
 40
3.0
 10
-107.7358218007763
 20
-104.6572508004256
 30
0.0
 10
-107.9246195322281
 20
-104.6572508004256
 30
0.0
 10
-108.2186487861285
 20
-104.82747826321
 30
0.0
 10
-108.3826861593571
 20
-105.1307926514441
 30
0.0
 10
-108.3826861593571
 20
-105.3288755172296
 30
0.0
  0
SPLINE
  5
77F
330
70
100
AcDbEntity
  8
0
100
AcDbSpline
210
0.0
220
0.0
230
1.0
 70
     8
 71
     2
 72
     8
 73
     5
 74
     0
 42
0.000000001
 43
0.0000000001
 40
0.0
 40
0.0
 40
0.0
 40
1.0
 40
2.0
 40
3.0
 40
3.0
 40
3.0
 10
-108.3826861593571
 20
-105.3288755172296
 30
0.0
 10
-108.3826861593571
 20
-105.5300534277931
 30
0.0
 10
-108.2155537413506
 20
-105.8333678160271
 30
0.0
 10
-107.9153343978944
 20
-106.0035952788116
 30
0.0
 10
-107.7265366664426
 20
-106.0066903235895
 30
0.0
  0
SPLINE
  5
780
330
70
100
AcDbEntity
  8
0
100
AcDbSpline
210
0.0
220
0.0
230
1.0
 70
     8
 71
     2
 72
     7
 73
     4
 74
     0
 42
0.000000001
 43
0.0000000001
 40
0.0
 40
0.0
 40
0.0
 40
1.0
 40
2.0
 40
2.0
 40
2.0
 10
-107.7265366664426
 20
-106.0066903235895
 30
0.0
 10
-107.5594042484361
 20
-106.0066903235895
 30
0.0
 10
-107.2437096810904
 20
-105.870508353362
 30
0.0
 10
-107.1570484273092
 20
-105.7498016070239
 30
0.0
  0
SPLINE
  5
781
330
70
100
AcDbEntity
  8
0
100
AcDbSpline
210
0.0
220
0.0
230
1.0
 70
     8
 71
     2
 72
     7
 73
     4
 74
     0
 42
0.000000001
 43
0.0000000001
 40
0.0
 40
0.0
 40
0.0
 40
1.0
 40
2.0
 40
2.0
 40
2.0
 10
-107.2096641885335
 20
-106.2759592192667
 30
0.0
 10
-107.3087056214263
 20
-106.4152362342722
 30
0.0
 10
-107.714156487331
 20
-106.6009389209461
 30
0.0
 10
-107.9648551143408
 20
-106.6009389209461
 30
0.0
  0
SPLINE
  5
782
330
70
100
AcDbEntity
  8
0
100
AcDbSpline
210
0.0
220
0.0
230
1.0
 70
     8
 71
     2
 72
     8
 73
     5
 74
     0
 42
0.000000001
 43
0.0000000001
 40
0.0
 40
0.0
 40
0.0
 40
1.0
 40
2.0
 40
3.0
 40
3.0
 40
3.0
 10
-107.9648551143408
 20
-106.6009389209461
 30
0.0
 10
-108.3084050846876
 20
-106.6009389209461
 30
0.0
 10
-108.846942876042
 20
-106.2790542640446
 30
0.0
 10
-109.1595423986098
 20
-105.715756114467
 30
0.0
 10
-109.1595423986098
 20
-105.347445785897
 30
0.0
  0
SPLINE
  5
783
330
70
100
AcDbEntity
  8
0
100
AcDbSpline
210
0.0
220
0.0
230
1.0
 70
     8
 71
     2
 72
     8
 73
     5
 74
     0
 42
0.000000001
 43
0.0000000001
 40
0.0
 40
0.0
 40
0.0
 40
1.0
 40
2.0
 40
3.0
 40
3.0
 40
3.0
 10
-166.1525719481313
 20
-105.0638428141597
 30
0.0
 10
-166.1525719481313
 20
-104.7543383363699
 30
0.0
 10
-165.7718814404498
 20
-104.2684163062397
 30
0.0
 10
-165.1064468132015
 20
-103.986767231451
 30
0.0
 10
-164.6762355890736
 20
-103.986767231451
 30
0.0
  0
SPLINE
  5
784
330
70
100
AcDbEntity
  8
0
100
AcDbSpline
210
0.0
220
0.0
230
1.0
 70
     8
 71
     2
 72
     8
 73
     5
 74
     0
 42
0.000000001
 43
0.0000000001
 40
0.0
 40
0.0
 40
0.0
 40
1.0
 40
2.0
 40
3.0
 40
3.0
 40
3.0
 10
-164.6762355890736
 20
-103.986767231451
 30
0.0
 10
-164.2460243649457
 20
-103.986767231451
 30
0.0
 10
-163.5774946929195
 20
-104.2684163062397
 30
0.0
 10
-163.1998992300159
 20
-104.7543383363699
 30
0.0
 10
-163.1998992300159
 20
-105.0638428141597
 30
0.0
  0
SPLINE
  5
785
330
70
100
AcDbEntity
  8
0
100
AcDbSpline
210
0.0
220
0.0
230
1.0
 70
     8
 71
     2
 72
     8
 73
     5
 74
     0
 42
0.000000001
 43
0.0000000001
 40
0.0
 40
0.0
 40
0.0
 40
1.0
 40
2.0
 40
3.0
 40
3.0
 40
3.0
 10
-163.1998992300159
 20
-105.0638428141597
 30
0.0
 10
-163.1998992300159
 20
-105.302161262058
 30
0.0
 10
-163.4165523644688
 20
-105.7014220384069
 30
0.0
 10
-163.7910527825945
 20
-105.9675958893062
 30
0.0
 10
-164.0262761857148
 20
-106.004736426641
 30
0.0
  0
LINE
  5
786
330
70
100
AcDbEntity
  8
0
100
AcDbLine
 10
-164.0262761857148
 20
-106.004736426641
 30
0.0
 11
-164.0262761857148
 21
-106.0325918296421
 31
0.0
  0
SPLINE
  5
787
330
70
100
AcDbEntity
  8
0
100
AcDbSpline
210
0.0
220
0.0
230
1.0
 70
     8
 71
     2
 72
     7
 73
     4
 74
     0
 42
0.000000001
 43
0.0000000001
 40
0.0
 40
0.0
 40
0.0
 40
1.0
 40
2.0
 40
2.0
 40
2.0
 10
-164.0262761857148
 20
-106.0325918296421
 30
0.0
 10
-163.7198667527029
 20
-106.0913976804222
 30
0.0
 10
-163.3391762450213
 20
-106.5618444866628
 30
0.0
 10
-163.3391762450213
 20
-106.8744440092306
 30
0.0
  0
SPLINE
  5
788
330
70
100
AcDbEntity
  8
0
100
AcDbSpline
210
0.0
220
0.0
230
1.0
 70
     8
 71
     2
 72
     8
 73
     5
 74
     0
 42
0.000000001
 43
0.0000000001
 40
0.0
 40
0.0
 40
0.0
 40
1.0
 40
2.0
 40
3.0
 40
3.0
 40
3.0
 10
-163.3391762450213
 20
-106.8744440092306
 30
0.0
 10
-163.3391762450213
 20
-107.1715683079089
 30
0.0
 10
-163.685821260146
 20
-107.6327299798158
 30
0.0
 10
-164.2893549918362
 20
-107.8989038307151
 30
0.0
 10
-164.6762355890736
 20
-107.8989038307151
 30
0.0
  0
SPLINE
  5
789
330
70
100
AcDbEntity
  8
0
100
AcDbSpline
210
0.0
220
0.0
230
1.0
 70
     8
 71
     2
 72
     8
 73
     5
 74
     0
 42
0.000000001
 43
0.0000000001
 40
0.0
 40
0.0
 40
0.0
 40
1.0
 40
2.0
 40
3.0
 40
3.0
 40
3.0
 10
-164.6762355890736
 20
-107.8989038307151
 30
0.0
 10
-165.060021141533
 20
-107.8989038307151
 30
0.0
 10
-165.6635548732233
 20
-107.6327299798158
 30
0.0
 10
-166.010199888348
 20
-107.168473263131
 30
0.0
 10
-166.0132949331259
 20
-106.8744440092306
 30
0.0
  0
SPLINE
  5
78A
330
70
100
AcDbEntity
  8
0
100
AcDbSpline
210
0.0
220
0.0
230
1.0
 70
     8
 71
     2
 72
     7
 73
     4
 74
     0
 42
0.000000001
 43
0.0000000001
 40
0.0
 40
0.0
 40
0.0
 40
1.0
 40
2.0
 40
2.0
 40
2.0
 10
-166.0132949331259
 20
-106.8744440092306
 30
0.0
 10
-166.010199888348
 20
-106.5618444866628
 30
0.0
 10
-165.6264143358886
 20
-106.0913976804222
 30
0.0
 10
-165.3292900372103
 20
-106.0325918296421
 30
0.0
  0
LINE
  5
78B
330
70
100
AcDbEntity
  8
0
100
AcDbLine
 10
-165.3292900372103
 20
-106.0325918296421
 30
0.0
 11
-165.3292900372103
 21
-106.004736426641
 31
0.0
  0
SPLINE
  5
78C
330
70
100
AcDbEntity
  8
0
100
AcDbSpline
210
0.0
220
0.0
230
1.0
 70
     8
 71
     2
 72
     8
 73
     5
 74
     0
 42
0.000000001
 43
0.0000000001
 40
0.0
 40
0.0
 40
0.0
 40
1.0
 40
2.0
 40
3.0
 40
3.0
 40
3.0
 10
-165.3292900372103
 20
-106.004736426641
 30
0.0
 10
-165.5583233507748
 20
-105.9675958893062
 30
0.0
 10
-165.9297287241226
 20
-105.7014220384069
 30
0.0
 10
-166.1525719481313
 20
-105.302161262058
 30
0.0
 10
-166.1525719481313
 20
-105.0638428141597
 30
0.0
  0
SPLINE
  5
78D
330
70
100
AcDbEntity
  8
0
100
AcDbSpline
210
0.0
220
0.0
230
1.0
 70
     8
 71
     2
 72
     8
 73
     5
 74
     0
 42
0.000000001
 43
0.0000000001
 40
0.0
 40
0.0
 40
0.0
 40
1.0
 40
2.0
 40
3.0
 40
3.0
 40
3.0
 10
-182.3143189718283
 20
-106.7908581796644
 30
0.0
 10
-182.3143189718283
 20
-107.1746437321239
 30
0.0
 10
-182.6702491212867
 20
-107.7719873742584
 30
0.0
 10
-183.3109233903118
 20
-108.1124422998273
 30
0.0
 10
-183.7380395696618
 20
-108.1093472550493
 30
0.0
  0
SPLINE
  5
78E
330
70
100
AcDbEntity
  8
0
100
AcDbSpline
210
0.0
220
0.0
230
1.0
 70
     8
 71
     2
 72
     9
 73
     6
 74
     0
 42
0.000000001
 43
0.0000000001
 40
0.0
 40
0.0
 40
0.0
 40
1.0
 40
2.0
 40
3.0
 40
4.0
 40
4.0
 40
4.0
 10
-183.7380395696618
 20
-108.1093472550493
 30
0.0
 10
-184.0320688235622
 20
-108.1093472550493
 30
0.0
 10
-184.5767967044724
 20
-107.9143594340417
 30
0.0
 10
-185.0070079286004
 20
-107.4810531651359
 30
0.0
 10
-185.2577065556101
 20
-106.7691928662191
 30
0.0
 10
-185.2577065556101
 20
-106.25232038831
 30
0.0
  0
SPLINE
  5
78F
330
70
100
AcDbEntity
  8
0
100
AcDbSpline
210
0.0
220
0.0
230
1.0
 70
     8
 71
     2
 72
     9
 73
     6
 74
     0
 42
0.000000001
 43
0.0000000001
 40
0.0
 40
0.0
 40
0.0
 40
1.0
 40
2.0
 40
3.0
 40
4.0
 40
4.0
 40
4.0
 10
-185.2577065556101
 20
-106.25232038831
 30
0.0
 10
-185.2577065556101
 20
-105.7663983581799
 30
0.0
 10
-185.0410534211572
 20
-105.0081123875947
 30
0.0
 10
-184.6356025552525
 20
-104.4757646857961
 30
0.0
 10
-184.0630192713412
 20
-104.1972106557852
 30
0.0
 10
-183.7101841666607
 20
-104.1972106557852
 30
0.0
  0
SPLINE
  5
790
330
70
100
AcDbEntity
  8
0
100
AcDbSpline
210
0.0
220
0.0
230
1.0
 70
     8
 71
     2
 72
     8
 73
     5
 74
     0
 42
0.000000001
 43
0.0000000001
 40
0.0
 40
0.0
 40
0.0
 40
1.0
 40
2.0
 40
3.0
 40
3.0
 40
3.0
 10
-183.7101841666607
 20
-104.1972106557852
 30
0.0
 10
-183.3294936589791
 20
-104.1972106557852
 30
0.0
 10
-182.7445301959563
 20
-104.4943349544635
 30
0.0
 10
-182.3886000464979
 20
-105.0050173428168
 30
0.0
 10
-182.3514595091631
 20
-105.3238069549404
 30
0.0
  0
LINE
  5
791
330
70
100
AcDbEntity
  8
0
100
AcDbLine
 10
-182.3514595091632
 20
-105.3238069549404
 30
0.0
 11
-183.1468860170831
 21
-105.3238069549404
 31
0.0
  0
SPLINE
  5
792
330
70
100
AcDbEntity
  8
0
100
AcDbSpline
210
0.0
220
0.0
230
1.0
 70
     8
 71
     2
 72
     7
 73
     4
 74
     0
 42
0.000000001
 43
0.0000000001
 40
0.0
 40
0.0
 40
0.0
 40
1.0
 40
2.0
 40
2.0
 40
2.0
 10
-183.1468860170831
 20
-105.3238069549404
 30
0.0
 10
-183.1933116887516
 20
-105.1164389548212
 30
0.0
 10
-183.4904359874299
 20
-104.8874056412567
 30
0.0
 10
-183.7101841666607
 20
-104.8874056412567
 30
0.0
  0
SPLINE
  5
793
330
70
100
AcDbEntity
  8
0
100
AcDbSpline
210
0.0
220
0.0
230
1.0
 70
     8
 71
     2
 72
     7
 73
     4
 74
     0
 42
0.000000001
 43
0.0000000001
 40
0.0
 40
0.0
 40
0.0
 40
1.0
 40
2.0
 40
2.0
 40
2.0
 10
-183.7101841666607
 20
-104.8874056412567
 30
0.0
 10
-184.0815895400086
 20
-104.8874056412567
 30
0.0
 10
-184.4684701372459
 20
-105.5373650446154
 30
0.0
 10
-184.4715651820239
 20
-106.100663194193
 30
0.0
  0
LINE
  5
794
330
70
100
AcDbEntity
  8
0
100
AcDbLine
 10
-184.4715651820238
 20
-106.100663194193
 30
0.0
 11
-184.4437097790228
 21
-106.100663194193
 31
0.0
  0
SPLINE
  5
795
330
70
100
AcDbEntity
  8
0
100
AcDbSpline
210
0.0
220
0.0
230
1.0
 70
     8
 71
     2
 72
     8
 73
     5
 74
     0
 42
0.000000001
 43
0.0000000001
 40
0.0
 40
0.0
 40
0.0
 40
1.0
 40
2.0
 40
3.0
 40
3.0
 40
3.0
 10
-184.4437097790228
 20
-106.100663194193
 30
0.0
 10
-184.3601435700195
 20
-105.9335307761865
 30
0.0
 10
-184.069209360897
 20
-105.6952123282883
 30
0.0
 10
-183.6947089427712
 20
-105.5652204476165
 30
0.0
 10
-183.4842458978741
 20
-105.5652204476165
 30
0.0
  0
SPLINE
  5
796
330
70
100
AcDbEntity
  8
0
100
AcDbSpline
210
0.0
220
0.0
230
1.0
 70
     8
 71
     2
 72
     8
 73
     5
 74
     0
 42
0.000000001
 43
0.0000000001
 40
0.0
 40
0.0
 40
0.0
 40
1.0
 40
2.0
 40
3.0
 40
3.0
 40
3.0
 10
-183.4842458978741
 20
-105.5652204476165
 30
0.0
 10
-183.149981061861
 20
-105.5652204476165
 30
0.0
 10
-182.6207284048403
 20
-105.8809150149622
 30
0.0
 10
-182.3143189718283
 20
-106.4349280302061
 30
0.0
 10
-182.3143189718283
 20
-106.7908581796644
 30
0.0
  0
SPLINE
  5
797
330
70
100
AcDbEntity
  8
0
100
AcDbSpline
210
0.0
220
0.0
230
1.0
 70
     8
 71
     2
 72
     8
 73
     5
 74
     0
 42
0.000000001
 43
0.0000000001
 40
0.0
 40
0.0
 40
0.0
 40
1.0
 40
2.0
 40
3.0
 40
3.0
 40
3.0
 10
-202.7466490408736
 20
-89.20286407926139
 30
0.0
 10
-202.7466490408736
 20
-88.57766503412582
 30
0.0
 10
-202.3783387123036
 20
-87.68629213809095
 30
0.0
 10
-201.6881437268322
 20
-87.21894037662822
 30
0.0
 10
-201.2084117862579
 20
-87.21894037662822
 30
0.0
  0
SPLINE
  5
798
330
70
100
AcDbEntity
  8
0
100
AcDbSpline
210
0.0
220
0.0
230
1.0
 70
     8
 71
     2
 72
     8
 73
     5
 74
     0
 42
0.000000001
 43
0.0000000001
 40
0.0
 40
0.0
 40
0.0
 40
1.0
 40
2.0
 40
3.0
 40
3.0
 40
3.0
 10
-201.2084117862579
 20
-87.21894037662822
 30
0.0
 10
-200.7286798456835
 20
-87.22203542140613
 30
0.0
 10
-200.0384848602121
 20
-87.68938718286888
 30
0.0
 10
-199.6701745316421
 20
-88.57766503412582
 30
0.0
 10
-199.6701745316421
 20
-89.20286407926139
 30
0.0
  0
SPLINE
  5
799
330
70
100
AcDbEntity
  8
0
100
AcDbSpline
210
0.0
220
0.0
230
1.0
 70
     8
 71
     2
 72
     8
 73
     5
 74
     0
 42
0.000000001
 43
0.0000000001
 40
0.0
 40
0.0
 40
0.0
 40
1.0
 40
2.0
 40
3.0
 40
3.0
 40
3.0
 10
-199.6701745316421
 20
-89.20286407926139
 30
0.0
 10
-199.6701745316421
 20
-89.82496807961906
 30
0.0
 10
-200.04157990499
 20
-90.70396079654234
 30
0.0
 10
-200.7317748904614
 20
-91.16202742367136
 30
0.0
 10
-201.2084117862579
 20
-91.16202742367136
 30
0.0
  0
SPLINE
  5
79A
330
70
100
AcDbEntity
  8
0
100
AcDbSpline
210
0.0
220
0.0
230
1.0
 70
     8
 71
     2
 72
     8
 73
     5
 74
     0
 42
0.000000001
 43
0.0000000001
 40
0.0
 40
0.0
 40
0.0
 40
1.0
 40
2.0
 40
3.0
 40
3.0
 40
3.0
 10
-201.2084117862579
 20
-91.16202742367136
 30
0.0
 10
-201.6881437268322
 20
-91.16202742367136
 30
0.0
 10
-202.3783387123036
 20
-90.70086575176445
 30
0.0
 10
-202.7497440856515
 20
-89.82496807961906
 30
0.0
 10
-202.7466490408736
 20
-89.20286407926139
 30
0.0
  0
SPLINE
  5
79B
330
70
100
AcDbEntity
  8
0
100
AcDbSpline
210
0.0
220
0.0
230
1.0
 70
     8
 71
     2
 72
     7
 73
     4
 74
     0
 42
0.000000001
 43
0.0000000001
 40
0.0
 40
0.0
 40
0.0
 40
1.0
 40
2.0
 40
2.0
 40
2.0
 10
-201.038184388719
 20
-86.07228711208515
 30
0.0
 10
-201.4188748964005
 20
-85.57707994762134
 30
0.0
 10
-201.7902802697484
 20
-84.41334311113138
 30
0.0
 10
-201.7902802697484
 20
-83.72005308088203
 30
0.0
  0
SPLINE
  5
79C
330
70
100
AcDbEntity
  8
0
100
AcDbSpline
210
0.0
220
0.0
230
1.0
 70
     8
 71
     2
 72
     7
 73
     4
 74
     0
 42
0.000000001
 43
0.0000000001
 40
0.0
 40
0.0
 40
0.0
 40
1.0
 40
2.0
 40
2.0
 40
2.0
 10
-201.7902802697484
 20
-83.72005308088203
 30
0.0
 10
-201.7902802697484
 20
-83.0267630506327
 30
0.0
 10
-201.4188748964005
 20
-81.86302621414272
 30
0.0
 10
-201.038184388719
 20
-81.36781904967891
 30
0.0
  0
LINE
  5
79D
330
70
100
AcDbEntity
  8
0
100
AcDbLine
 10
-201.038184388719
 20
-81.36781904967891
 30
0.0
 11
-200.2798984181338
 21
-81.36781904967891
 31
0.0
  0
SPLINE
  5
79E
330
70
100
AcDbEntity
  8
0
100
AcDbSpline
210
0.0
220
0.0
230
1.0
 70
     8
 71
     2
 72
     9
 73
     6
 74
     0
 42
0.000000001
 43
0.0000000001
 40
0.0
 40
0.0
 40
0.0
 40
1.0
 40
2.0
 40
3.0
 40
4.0
 40
4.0
 40
4.0
 10
-200.2798984181338
 20
-81.36781904967891
 30
0.0
 10
-200.425365522695
 20
-81.55042669157493
 30
0.0
 10
-200.6760641497048
 20
-82.08277439337354
 30
0.0
 10
-200.8617668363787
 20
-82.7141635280649
 30
0.0
 10
-200.9639033140494
 20
-83.38888328964685
 30
0.0
 10
-200.9639033140494
 20
-83.72005308088203
 30
0.0
  0
SPLINE
  5
79F
330
70
100
AcDbEntity
  8
0
100
AcDbSpline
210
0.0
220
0.0
230
1.0
 70
     8
 71
     2
 72
     8
 73
     5
 74
     0
 42
0.000000001
 43
0.0000000001
 40
0.0
 40
0.0
 40
0.0
 40
1.0
 40
2.0
 40
3.0
 40
3.0
 40
3.0
 10
-200.9639033140494
 20
-83.72005308088203
 30
0.0
 10
-200.9639033140494
 20
-84.16264448412157
 30
0.0
 10
-200.7843907169312
 20
-85.06020746971223
 30
0.0
 10
-200.4748862391414
 20
-85.82777857463113
 30
0.0
 10
-200.2798984181338
 20
-86.07228711208515
 30
0.0
  0
LINE
  5
7A0
330
70
100
AcDbEntity
  8
0
100
AcDbLine
 10
-200.2798984181338
 20
-86.07228711208515
 30
0.0
 11
-201.038184388719
 21
-86.07228711208515
 31
0.0
  0
SPLINE
  5
7A1
330
70
100
AcDbEntity
  8
0
100
AcDbSpline
210
0.0
220
0.0
230
1.0
 70
     8
 71
     2
 72
     8
 73
     5
 74
     0
 42
0.000000001
 43
0.0000000001
 40
0.0
 40
0.0
 40
0.0
 40
1.0
 40
2.0
 40
3.0
 40
3.0
 40
3.0
 10
-205.5278366151195
 20
-106.0876955104621
 30
0.0
 10
-205.5278366151195
 20
-105.4624964653265
 30
0.0
 10
-205.1595262865495
 20
-104.5711235692916
 30
0.0
 10
-204.4693313010781
 20
-104.1037718078289
 30
0.0
 10
-203.9895993605038
 20
-104.1037718078289
 30
0.0
  0
SPLINE
  5
7A2
330
70
100
AcDbEntity
  8
0
100
AcDbSpline
210
0.0
220
0.0
230
1.0
 70
     8
 71
     2
 72
     8
 73
     5
 74
     0
 42
0.000000001
 43
0.0000000001
 40
0.0
 40
0.0
 40
0.0
 40
1.0
 40
2.0
 40
3.0
 40
3.0
 40
3.0
 10
-203.9895993605038
 20
-104.1037718078289
 30
0.0
 10
-203.5098674199295
 20
-104.1068668526068
 30
0.0
 10
-202.819672434458
 20
-104.5742186140695
 30
0.0
 10
-202.4513621058881
 20
-105.4624964653265
 30
0.0
 10
-202.4513621058881
 20
-106.0876955104621
 30
0.0
  0
SPLINE
  5
7A3
330
70
100
AcDbEntity
  8
0
100
AcDbSpline
210
0.0
220
0.0
230
1.0
 70
     8
 71
     2
 72
     8
 73
     5
 74
     0
 42
0.000000001
 43
0.0000000001
 40
0.0
 40
0.0
 40
0.0
 40
1.0
 40
2.0
 40
3.0
 40
3.0
 40
3.0
 10
-202.4513621058881
 20
-106.0876955104621
 30
0.0
 10
-202.4513621058881
 20
-106.7097995108197
 30
0.0
 10
-202.8227674792359
 20
-107.588792227743
 30
0.0
 10
-203.5129624647074
 20
-108.046858854872
 30
0.0
 10
-203.9895993605038
 20
-108.046858854872
 30
0.0
  0
SPLINE
  5
7A4
330
70
100
AcDbEntity
  8
0
100
AcDbSpline
210
0.0
220
0.0
230
1.0
 70
     8
 71
     2
 72
     8
 73
     5
 74
     0
 42
0.000000001
 43
0.0000000001
 40
0.0
 40
0.0
 40
0.0
 40
1.0
 40
2.0
 40
3.0
 40
3.0
 40
3.0
 10
-203.9895993605038
 20
-108.046858854872
 30
0.0
 10
-204.4693313010781
 20
-108.046858854872
 30
0.0
 10
-205.1595262865495
 20
-107.5856971829651
 30
0.0
 10
-205.5309316598974
 20
-106.7097995108197
 30
0.0
 10
-205.5278366151195
 20
-106.0876955104621
 30
0.0
  0
SPLINE
  5
7A5
330
70
100
AcDbEntity
  8
0
100
AcDbSpline
210
0.0
220
0.0
230
1.0
 70
     8
 71
     2
 72
     8
 73
     5
 74
     0
 42
0.000000001
 43
0.0000000001
 40
0.0
 40
0.0
 40
0.0
 40
1.0
 40
2.0
 40
3.0
 40
3.0
 40
3.0
 10
-242.3236953742188
 20
-106.1495851642274
 30
0.0
 10
-242.4970178817812
 20
-106.316717582234
 30
0.0
 10
-242.7322412849015
 20
-106.5859864779112
 30
0.0
 10
-242.8560430760175
 20
-106.8428751944768
 30
0.0
 10
-242.8560430760175
 20
-106.9945323885938
 30
0.0
  0
SPLINE
  5
7A6
330
70
100
AcDbEntity
  8
0
100
AcDbSpline
210
0.0
220
0.0
230
1.0
 70
     8
 71
     2
 72
     8
 73
     5
 74
     0
 42
0.000000001
 43
0.0000000001
 40
0.0
 40
0.0
 40
0.0
 40
1.0
 40
2.0
 40
3.0
 40
3.0
 40
3.0
 10
-242.8560430760175
 20
-106.9945323885938
 30
0.0
 10
-242.8560430760175
 20
-107.1616648066004
 30
0.0
 10
-242.7012908371225
 20
-107.4061733440544
 30
0.0
 10
-242.4382120310011
 20
-107.5361652247261
 30
0.0
 10
-242.2710796129945
 20
-107.5361652247261
 30
0.0
  0
SPLINE
  5
7A7
330
70
100
AcDbEntity
  8
0
100
AcDbSpline
210
0.0
220
0.0
230
1.0
 70
     8
 71
     2
 72
     8
 73
     5
 74
     0
 42
0.000000001
 43
0.0000000001
 40
0.0
 40
0.0
 40
0.0
 40
1.0
 40
2.0
 40
3.0
 40
3.0
 40
3.0
 10
-242.2710796129945
 20
-107.5361652247261
 30
0.0
 10
-242.0946620606543
 20
-107.5361652247261
 30
0.0
 10
-241.8346782993109
 20
-107.3968882097207
 30
0.0
 10
-241.6954012843054
 20
-107.1307143588214
 30
0.0
 10
-241.6954012843054
 20
-106.9481067169253
 30
0.0
  0
LINE
  5
7A8
330
70
100
AcDbEntity
  8
0
100
AcDbLine
 10
-241.6954012843054
 20
-106.9481067169253
 30
0.0
 11
-240.9309252241644
 21
-106.9481067169253
 31
0.0
  0
SPLINE
  5
7A9
330
70
100
AcDbEntity
  8
0
100
AcDbSpline
210
0.0
220
0.0
230
1.0
 70
     8
 71
     2
 72
     8
 73
     5
 74
     0
 42
0.000000001
 43
0.0000000001
 40
0.0
 40
0.0
 40
0.0
 40
1.0
 40
2.0
 40
3.0
 40
3.0
 40
3.0
 10
-240.9309252241644
 20
-106.9481067169253
 30
0.0
 10
-240.9309252241644
 20
-107.3226071350511
 30
0.0
 10
-241.2682851049553
 20
-107.8735251055171
 30
0.0
 10
-241.8780089262014
 20
-108.1737444489733
 30
0.0
 10
-242.2772697025504
 20
-108.1737444489733
 30
0.0
  0
SPLINE
  5
7AA
330
70
100
AcDbEntity
  8
0
100
AcDbSpline
210
0.0
220
0.0
230
1.0
 70
     8
 71
     2
 72
     8
 73
     5
 74
     0
 42
0.000000001
 43
0.0000000001
 40
0.0
 40
0.0
 40
0.0
 40
1.0
 40
2.0
 40
3.0
 40
3.0
 40
3.0
 10
-242.2772697025504
 20
-108.1737444489733
 30
0.0
 10
-242.685815613233
 20
-108.1737444489733
 30
0.0
 10
-243.2924443897012
 20
-107.8859052846287
 30
0.0
 10
-243.6328993152701
 20
-107.3783179410533
 30
0.0
 10
-243.6328993152701
 20
-107.0471481498181
 30
0.0
  0
SPLINE
  5
7AB
330
70
100
AcDbEntity
  8
0
100
AcDbSpline
210
0.0
220
0.0
230
1.0
 70
     8
 71
     2
 72
     8
 73
     5
 74
     0
 42
0.000000001
 43
0.0000000001
 40
0.0
 40
0.0
 40
0.0
 40
1.0
 40
2.0
 40
3.0
 40
3.0
 40
3.0
 10
-243.6328993152701
 20
-107.0471481498181
 30
0.0
 10
-243.6328993152701
 20
-106.8335900601431
 30
0.0
 10
-243.4626718524857
 20
-106.4126639703488
 30
0.0
 10
-243.0324606283577
 20
-105.9019815819955
 30
0.0
 10
-242.6393899415645
 20
-105.5429563877593
 30
0.0
  0
SPLINE
  5
7AC
330
70
100
AcDbEntity
  8
0
100
AcDbSpline
210
0.0
220
0.0
230
1.0
 70
     8
 71
     2
 72
     8
 73
     5
 74
     0
 42
0.000000001
 43
0.0000000001
 40
0.0
 40
0.0
 40
0.0
 40
1.0
 40
2.0
 40
3.0
 40
3.0
 40
3.0
 10
-50.556719024169
 20
-105.8184353855495
 30
0.0
 10
-50.73004153173133
 20
-105.985567803556
 30
0.0
 10
-50.96526493485164
 20
-106.2548366992332
 30
0.0
 10
-51.08906672596759
 20
-106.5117254157988
 30
0.0
 10
-51.08906672596759
 20
-106.6633826099159
 30
0.0
  0
SPLINE
  5
7AD
330
70
100
AcDbEntity
  8
0
100
AcDbSpline
210
0.0
220
0.0
230
1.0
 70
     8
 71
     2
 72
     8
 73
     5
 74
     0
 42
0.000000001
 43
0.0000000001
 40
0.0
 40
0.0
 40
0.0
 40
1.0
 40
2.0
 40
3.0
 40
3.0
 40
3.0
 10
-51.08906672596759
 20
-106.6633826099159
 30
0.0
 10
-51.08906672596759
 20
-106.8305150279224
 30
0.0
 10
-50.93431448707265
 20
-107.0750235653764
 30
0.0
 10
-50.67123568095126
 20
-107.2050154460482
 30
0.0
 10
-50.50410326294471
 20
-107.2050154460482
 30
0.0
  0
SPLINE
  5
7AE
330
70
100
AcDbEntity
  8
0
100
AcDbSpline
210
0.0
220
0.0
230
1.0
 70
     8
 71
     2
 72
     8
 73
     5
 74
     0
 42
0.000000001
 43
0.0000000001
 40
0.0
 40
0.0
 40
0.0
 40
1.0
 40
2.0
 40
3.0
 40
3.0
 40
3.0
 10
-50.50410326294471
 20
-107.2050154460482
 30
0.0
 10
-50.32768571060448
 20
-107.2050154460482
 30
0.0
 10
-50.06770194926097
 20
-107.0657384310427
 30
0.0
 10
-49.92842493425553
 20
-106.7995645801434
 30
0.0
 10
-49.92842493425553
 20
-106.6169569382474
 30
0.0
  0
LINE
  5
7AF
330
70
100
AcDbEntity
  8
0
100
AcDbLine
 10
-49.92842493425553
 20
-106.6169569382474
 30
0.0
 11
-49.16394887411451
 21
-106.6169569382474
 31
0.0
  0
SPLINE
  5
7B0
330
70
100
AcDbEntity
  8
0
100
AcDbSpline
210
0.0
220
0.0
230
1.0
 70
     8
 71
     2
 72
     8
 73
     5
 74
     0
 42
0.000000001
 43
0.0000000001
 40
0.0
 40
0.0
 40
0.0
 40
1.0
 40
2.0
 40
3.0
 40
3.0
 40
3.0
 10
-49.16394887411451
 20
-106.6169569382474
 30
0.0
 10
-49.16394887411451
 20
-106.9914573563732
 30
0.0
 10
-49.50130875490549
 20
-107.5423753268391
 30
0.0
 10
-50.11103257615156
 20
-107.8425946702953
 30
0.0
 10
-50.51029335250051
 20
-107.8425946702953
 30
0.0
  0
SPLINE
  5
7B1
330
70
100
AcDbEntity
  8
0
100
AcDbSpline
210
0.0
220
0.0
230
1.0
 70
     8
 71
     2
 72
     8
 73
     5
 74
     0
 42
0.000000001
 43
0.0000000001
 40
0.0
 40
0.0
 40
0.0
 40
1.0
 40
2.0
 40
3.0
 40
3.0
 40
3.0
 10
-50.51029335250051
 20
-107.8425946702953
 30
0.0
 10
-50.91883926318317
 20
-107.8425946702953
 30
0.0
 10
-51.52546803965133
 20
-107.5547555059507
 30
0.0
 10
-51.86592296522021
 20
-107.0471681623753
 30
0.0
 10
-51.86592296522021
 20
-106.7159983711402
 30
0.0
  0
SPLINE
  5
7B2
330
70
100
AcDbEntity
  8
0
100
AcDbSpline
210
0.0
220
0.0
230
1.0
 70
     8
 71
     2
 72
     8
 73
     5
 74
     0
 42
0.000000001
 43
0.0000000001
 40
0.0
 40
0.0
 40
0.0
 40
1.0
 40
2.0
 40
3.0
 40
3.0
 40
3.0
 10
-51.86592296522021
 20
-106.7159983711402
 30
0.0
 10
-51.86592296522021
 20
-106.5024402814651
 30
0.0
 10
-51.69569550243577
 20
-106.0815141916709
 30
0.0
 10
-51.26548427830783
 20
-105.5708318033176
 30
0.0
 10
-50.87241359151469
 20
-105.2118066090813
 30
0.0
  0
SPLINE
  5
7B3
330
70
100
AcDbEntity
  8
0
100
AcDbSpline
210
0.0
220
0.0
230
1.0
 70
     8
 71
     2
 72
     8
 73
     5
 74
     0
 42
0.000000001
 43
0.0000000001
 40
0.0
 40
0.0
 40
0.0
 40
1.0
 40
2.0
 40
3.0
 40
3.0
 40
3.0
 10
-50.15299439741685
 20
-82.1350016001293
 30
0.0
 10
-50.03538269585669
 20
-82.07000565979344
 30
0.0
 10
-49.63612191950774
 20
-81.95239395823328
 30
0.0
 10
-49.13472466548814
 20
-81.8812079283416
 30
0.0
 10
-48.87164585936673
 20
-81.8812079283416
 30
0.0
  0
SPLINE
  5
7B4
330
70
100
AcDbEntity
  8
0
100
AcDbSpline
210
0.0
220
0.0
230
1.0
 70
     8
 71
     2
 72
     9
 73
     6
 74
     0
 42
0.000000001
 43
0.0000000001
 40
0.0
 40
0.0
 40
0.0
 40
1.0
 40
2.0
 40
3.0
 40
4.0
 40
4.0
 40
4.0
 10
-48.87164585936673
 20
-81.8812079283416
 30
0.0
 10
-48.27739726201015
 20
-81.8812079283416
 30
0.0
 10
-47.35197887341839
 20
-82.19999754046519
 30
0.0
 10
-46.71130460439333
 20
-82.82210154082285
 30
0.0
 10
-46.37703976838026
 20
-83.71347443685772
 30
0.0
 10
-46.37703976838026
 20
-84.2829626759911
 30
0.0
  0
SPLINE
  5
7B5
330
70
100
AcDbEntity
  8
0
100
AcDbSpline
210
0.0
220
0.0
230
1.0
 70
     8
 71
     2
 72
     9
 73
     6
 74
     0
 42
0.000000001
 43
0.0000000001
 40
0.0
 40
0.0
 40
0.0
 40
1.0
 40
2.0
 40
3.0
 40
4.0
 40
4.0
 40
4.0
 10
-46.37703976838026
 20
-84.2829626759911
 30
0.0
 10
-46.37703976838026
 20
-84.84316578079079
 30
0.0
 10
-46.71439964917123
 20
-85.75929903504885
 30
0.0
 10
-47.36126400775209
 20
-86.41544852796341
 30
0.0
 10
-48.29596753067754
 20
-86.76828363264389
 30
0.0
 10
-48.89640621758992
 20
-86.76828363264389
 30
0.0
  0
SPLINE
  5
7B6
330
70
100
AcDbEntity
  8
0
100
AcDbSpline
210
0.0
220
0.0
230
1.0
 70
     8
 71
     2
 72
     9
 73
     6
 74
     0
 42
0.000000001
 43
0.0000000001
 40
0.0
 40
0.0
 40
0.0
 40
1.0
 40
2.0
 40
3.0
 40
4.0
 40
4.0
 40
4.0
 10
-48.89640621758992
 20
-86.76828363264389
 30
0.0
 10
-49.45041923283381
 20
-86.76828363264389
 30
0.0
 10
-50.32322186020128
 20
-86.4463989757424
 30
0.0
 10
-50.92985063666946
 20
-85.84905533360794
 30
0.0
 10
-51.24864024879304
 20
-85.02886846746472
 30
0.0
 10
-51.24554520401513
 20
-84.530566258223
 30
0.0
  0
SPLINE
  5
7B7
330
70
100
AcDbEntity
  8
0
100
AcDbSpline
210
0.0
220
0.0
230
1.0
 70
     8
 71
     2
 72
     9
 73
     6
 74
     0
 42
0.000000001
 43
0.0000000001
 40
0.0
 40
0.0
 40
0.0
 40
1.0
 40
2.0
 40
3.0
 40
4.0
 40
4.0
 40
4.0
 10
-51.24554520401513
 20
-84.530566258223
 30
0.0
 10
-51.24864024879304
 20
-84.19011133265414
 30
0.0
 10
-51.12483845767709
 20
-83.61752804874285
 30
0.0
 10
-50.86175965155568
 20
-83.19041186939282
 30
0.0
 10
-50.43773851698354
 20
-82.9428082871609
 30
0.0
 10
-50.13751917352735
 20
-82.92733306327141
 30
0.0
  0
SPLINE
  5
7B8
330
70
100
AcDbEntity
  8
0
100
AcDbSpline
210
0.0
220
0.0
230
1.0
 70
     8
 71
     2
 72
     8
 73
     5
 74
     0
 42
0.000000001
 43
0.0000000001
 40
0.0
 40
0.0
 40
0.0
 40
1.0
 40
2.0
 40
3.0
 40
3.0
 40
3.0
 10
-50.13751917352735
 20
-82.92733306327141
 30
0.0
 10
-49.92086603907444
 20
-82.90876279460404
 30
0.0
 10
-49.65469218817514
 20
-83.0078042274968
 30
0.0
 10
-49.51541517316968
 20
-83.1996970037265
 30
0.0
 10
-49.4937498597244
 20
-83.32659383962036
 30
0.0
  0
LINE
  5
7B9
330
70
100
AcDbEntity
  8
0
100
AcDbLine
 10
-49.4937498597244
 20
-83.32659383962036
 30
0.0
 11
-49.47208454627911
 21
-83.32659383962036
 31
0.0
  0
SPLINE
  5
7BA
330
70
100
AcDbEntity
  8
0
100
AcDbSpline
210
0.0
220
0.0
230
1.0
 70
     8
 71
     2
 72
     8
 73
     5
 74
     0
 42
0.000000001
 43
0.0000000001
 40
0.0
 40
0.0
 40
0.0
 40
1.0
 40
2.0
 40
3.0
 40
3.0
 40
3.0
 10
-49.47208454627911
 20
-83.32659383962036
 30
0.0
 10
-49.42875391938851
 20
-83.21517222761601
 30
0.0
 10
-49.16567511326712
 20
-83.03565963049789
 30
0.0
 10
-48.79426973991925
 20
-82.9366181976051
 30
0.0
 10
-48.58380669502214
 20
-82.94899837671669
 30
0.0
  0
SPLINE
  5
7BB
330
70
100
AcDbEntity
  8
0
100
AcDbSpline
210
0.0
220
0.0
230
1.0
 70
     8
 71
     2
 72
     9
 73
     6
 74
     0
 42
0.000000001
 43
0.0000000001
 40
0.0
 40
0.0
 40
0.0
 40
1.0
 40
2.0
 40
3.0
 40
4.0
 40
4.0
 40
4.0
 10
-48.58380669502214
 20
-82.94899837671669
 30
0.0
 10
-48.36405851579131
 20
-82.96137855582829
 30
0.0
 10
-47.97098782899816
 20
-83.14089115294644
 30
0.0
 10
-47.66767344076408
 20
-83.4782510337374
 30
0.0
 10
-47.49435093320174
 20
-83.97655324297913
 30
0.0
 10
-47.49435093320174
 20
-84.3046279894364
 30
0.0
  0
SPLINE
  5
7BC
330
70
100
AcDbEntity
  8
0
100
AcDbSpline
210
0.0
220
0.0
230
1.0
 70
     8
 71
     2
 72
     9
 73
     6
 74
     0
 42
0.000000001
 43
0.0000000001
 40
0.0
 40
0.0
 40
0.0
 40
1.0
 40
2.0
 40
3.0
 40
4.0
 40
4.0
 40
4.0
 10
-47.49435093320174
 20
-84.3046279894364
 30
0.0
 10
-47.49435093320174
 20
-84.62960769111578
 30
0.0
 10
-47.67695857509777
 20
-85.10933963169009
 30
0.0
 10
-47.97408287377606
 20
-85.43431933336947
 30
0.0
 10
-48.34239320234602
 20
-85.6200220200434
 30
0.0
 10
-48.52809588901997
 20
-85.64787742304449
 30
0.0
  0
SPLINE
  5
7BD
330
70
100
AcDbEntity
  8
0
100
AcDbSpline
210
0.0
220
0.0
230
1.0
 70
     8
 71
     2
 72
     8
 73
     5
 74
     0
 42
0.000000001
 43
0.0000000001
 40
0.0
 40
0.0
 40
0.0
 40
1.0
 40
2.0
 40
3.0
 40
3.0
 40
3.0
 10
-48.52809588901997
 20
-85.64787742304449
 30
0.0
 10
-48.73855893391707
 20
-85.67882787082348
 30
0.0
 10
-49.11615439682074
 20
-85.61692697526551
 30
0.0
 10
-49.37304311338635
 20
-85.47455491548218
 30
0.0
 10
-49.40399356116532
 20
-85.39408375125679
 30
0.0
  0
SPLINE
  5
7BE
330
70
100
AcDbEntity
  8
0
100
AcDbSpline
210
0.0
220
0.0
230
1.0
 70
     8
 71
     2
 72
     7
 73
     4
 74
     0
 42
0.000000001
 43
0.0000000001
 40
0.0
 40
0.0
 40
0.0
 40
1.0
 40
2.0
 40
2.0
 40
2.0
 10
-50.0137173824114
 20
-83.78466046674938
 30
0.0
 10
-50.0137173824114
 20
-83.65776363085556
 30
0.0
 10
-50.12513899441575
 20
-83.51539157107218
 30
0.0
 10
-50.22108538253063
 20
-83.51539157107218
 30
0.0
  0
SPLINE
  5
7BF
330
70
100
AcDbEntity
  8
0
100
AcDbSpline
210
0.0
220
0.0
230
1.0
 70
     8
 71
     2
 72
     8
 73
     5
 74
     0
 42
0.000000001
 43
0.0000000001
 40
0.0
 40
0.0
 40
0.0
 40
1.0
 40
2.0
 40
3.0
 40
3.0
 40
3.0
 10
-50.22108538253063
 20
-83.51539157107218
 30
0.0
 10
-50.35107726320237
 20
-83.51539157107218
 30
0.0
 10
-50.52130472598681
 20
-83.74442488463671
 30
0.0
 10
-50.61106102454587
 20
-84.21177664609944
 30
0.0
 10
-50.61106102454587
 20
-84.57389688511359
 30
0.0
  0
SPLINE
  5
7C0
330
70
100
AcDbEntity
  8
0
100
AcDbSpline
210
0.0
220
0.0
230
1.0
 70
     8
 71
     2
 72
    10
 73
     7
 74
     0
 42
0.000000001
 43
0.0000000001
 40
0.0
 40
0.0
 40
0.0
 40
1.0
 40
2.0
 40
3.0
 40
4.0
 40
5.0
 40
5.0
 40
5.0
 10
-50.61106102454587
 20
-84.57389688511359
 30
0.0
 10
-50.61106102454587
 20
-84.92363694501618
 30
0.0
 10
-50.42535833787194
 20
-85.45288960203686
 30
0.0
 10
-50.09728359141466
 20
-85.82739002016262
 30
0.0
 10
-49.66088227773093
 20
-86.06261342328293
 30
0.0
 10
-49.15329493415552
 20
-86.1709399905094
 30
0.0
 10
-48.88712108325622
 20
-86.1709399905094
 30
0.0
  0
SPLINE
  5
7C1
330
70
100
AcDbEntity
  8
0
100
AcDbSpline
210
0.0
220
0.0
230
1.0
 70
     8
 71
     2
 72
     9
 73
     6
 74
     0
 42
0.000000001
 43
0.0000000001
 40
0.0
 40
0.0
 40
0.0
 40
1.0
 40
2.0
 40
3.0
 40
4.0
 40
4.0
 40
4.0
 10
-48.88712108325622
 20
-86.1709399905094
 30
0.0
 10
-48.4228643665714
 20
-86.1709399905094
 30
0.0
 10
-47.73266938109995
 20
-85.8892909157206
 30
0.0
 10
-47.27150770919302
 20
-85.38479861692309
 30
0.0
 10
-47.04247439562851
 20
-84.70388876578537
 30
0.0
 10
-47.03937935085061
 20
-84.3046279894364
 30
0.0
  0
SPLINE
  5
7C2
330
70
100
AcDbEntity
  8
0
100
AcDbSpline
210
0.0
220
0.0
230
1.0
 70
     8
 71
     2
 72
     9
 73
     6
 74
     0
 42
0.000000001
 43
0.0000000001
 40
0.0
 40
0.0
 40
0.0
 40
1.0
 40
2.0
 40
3.0
 40
4.0
 40
4.0
 40
4.0
 10
-47.03937935085061
 20
-84.3046279894364
 30
0.0
 10
-47.04247439562851
 20
-83.86513163097475
 30
0.0
 10
-47.28388788830462
 20
-83.18422177983704
 30
0.0
 10
-47.76052478410104
 20
-82.72306010793009
 30
0.0
 10
-48.46000490390618
 20
-82.48474166003189
 30
0.0
 10
-48.91497648625731
 20
-82.48474166003189
 30
0.0
  0
SPLINE
  5
7C3
330
70
100
AcDbEntity
  8
0
100
AcDbSpline
210
0.0
220
0.0
230
1.0
 70
     8
 71
     2
 72
     8
 73
     5
 74
     0
 42
0.000000001
 43
0.0000000001
 40
0.0
 40
0.0
 40
0.0
 40
1.0
 40
2.0
 40
3.0
 40
3.0
 40
3.0
 10
-48.91497648625731
 20
-82.48474166003189
 30
0.0
 10
-49.12853457593233
 20
-82.48474166003189
 30
0.0
 10
-49.53708048661497
 20
-82.54664255558985
 30
0.0
 10
-49.86825027785016
 20
-82.63330380937103
 30
0.0
 10
-49.96729171074292
 20
-82.6766344362616
 30
0.0
  0
LINE
  5
7C4
330
70
100
AcDbEntity
  8
0
100
AcDbLine
 10
-49.96729171074292
 20
-82.6766344362616
 30
0.0
 11
-50.15299439741685
 21
-82.1350016001293
 31
0.0
  0
SPLINE
  5
7C5
330
70
100
AcDbEntity
  8
0
100
AcDbSpline
210
0.0
220
0.0
230
1.0
 70
     8
 71
     2
 72
     8
 73
     5
 74
     0
 42
0.000000001
 43
0.0000000001
 40
0.0
 40
0.0
 40
0.0
 40
1.0
 40
2.0
 40
3.0
 40
3.0
 40
3.0
 10
-30.27131839455475
 20
-82.61633611106763
 30
0.0
 10
-30.26822334977685
 20
-82.49253431995169
 30
0.0
 10
-30.14442155866089
 20
-82.28826136461036
 30
0.0
 10
-29.94324364809747
 20
-82.16755461827231
 30
0.0
 10
-29.82563194653732
 20
-82.16755461827231
 30
0.0
  0
SPLINE
  5
7C6
330
70
100
AcDbEntity
  8
0
100
AcDbSpline
210
0.0
220
0.0
230
1.0
 70
     8
 71
     2
 72
     7
 73
     4
 74
     0
 42
0.000000001
 43
0.0000000001
 40
0.0
 40
0.0
 40
0.0
 40
1.0
 40
2.0
 40
2.0
 40
2.0
 10
-29.82563194653732
 20
-82.16755461827231
 30
0.0
 10
-29.63992925986338
 20
-82.16755461827231
 30
0.0
 10
-29.37685045374198
 20
-82.4306334243937
 30
0.0
 10
-29.37685045374198
 20
-82.61633611106763
 30
0.0
  0
SPLINE
  5
7C7
330
70
100
AcDbEntity
  8
0
100
AcDbSpline
210
0.0
220
0.0
230
1.0
 70
     8
 71
     2
 72
     7
 73
     4
 74
     0
 42
0.000000001
 43
0.0000000001
 40
0.0
 40
0.0
 40
0.0
 40
1.0
 40
2.0
 40
2.0
 40
2.0
 10
-29.37685045374198
 20
-82.61633611106763
 30
0.0
 10
-29.37685045374198
 20
-82.79584870818576
 30
0.0
 10
-29.63992925986338
 20
-83.05892751430716
 30
0.0
 10
-29.82563194653732
 20
-83.05892751430716
 30
0.0
  0
SPLINE
  5
7C8
330
70
100
AcDbEntity
  8
0
100
AcDbSpline
210
0.0
220
0.0
230
1.0
 70
     8
 71
     2
 72
     7
 73
     4
 74
     0
 42
0.000000001
 43
0.0000000001
 40
0.0
 40
0.0
 40
0.0
 40
1.0
 40
2.0
 40
2.0
 40
2.0
 10
-29.82563194653732
 20
-83.05892751430716
 30
0.0
 10
-30.00204949887755
 20
-83.05892751430716
 30
0.0
 10
-30.26822334977685
 20
-82.79584870818576
 30
0.0
 10
-30.27131839455475
 20
-82.61633611106763
 30
0.0
  0
SPLINE
  5
7C9
330
70
100
AcDbEntity
  8
0
100
AcDbSpline
210
0.0
220
0.0
230
1.0
 70
     8
 71
     2
 72
     8
 73
     5
 74
     0
 42
0.000000001
 43
0.0000000001
 40
0.0
 40
0.0
 40
0.0
 40
1.0
 40
2.0
 40
3.0
 40
3.0
 40
3.0
 10
-19.3188544065762
 20
-69.65010329829107
 30
0.0
 10
-19.73668545159255
 20
-69.65010329829107
 30
0.0
 10
-20.29998360117013
 20
-69.39940467128126
 30
0.0
 10
-20.58163267595894
 20
-68.95990831281963
 30
0.0
 10
-20.58163267595894
 20
-68.67206914847503
 30
0.0
  0
SPLINE
  5
7CA
330
70
100
AcDbEntity
  8
0
100
AcDbSpline
210
0.0
220
0.0
230
1.0
 70
     8
 71
     2
 72
     8
 73
     5
 74
     0
 42
0.000000001
 43
0.0000000001
 40
0.0
 40
0.0
 40
0.0
 40
1.0
 40
2.0
 40
3.0
 40
3.0
 40
3.0
 10
-20.58163267595894
 20
-68.67206914847503
 30
0.0
 10
-20.58163267595894
 20
-68.44922592446633
 30
0.0
 10
-20.4052151236187
 20
-68.11186604367534
 30
0.0
 10
-20.09261560105092
 20
-67.89830795400033
 30
0.0
 10
-19.89453273526539
 20
-67.85497732710975
 30
0.0
  0
LINE
  5
7CB
330
70
100
AcDbEntity
  8
0
100
AcDbLine
 10
-19.89453273526539
 20
-67.85497732710975
 30
0.0
 11
-19.89453273526539
 21
-67.81783678977496
 31
0.0
  0
SPLINE
  5
7CC
330
70
100
AcDbEntity
  8
0
100
AcDbSpline
210
0.0
220
0.0
230
1.0
 70
     8
 71
     2
 72
     8
 73
     5
 74
     0
 42
0.000000001
 43
0.0000000001
 40
0.0
 40
0.0
 40
0.0
 40
1.0
 40
2.0
 40
3.0
 40
3.0
 40
3.0
 10
-19.89453273526539
 20
-67.81783678977496
 30
0.0
 10
-20.11118586971831
 20
-67.80855165544126
 30
0.0
 10
-20.49187637739986
 20
-67.57951834187675
 30
0.0
 10
-20.73019482529808
 20
-67.17406747597199
 30
0.0
 10
-20.73019482529808
 20
-66.8924184011832
 30
0.0
  0
SPLINE
  5
7CD
330
70
100
AcDbEntity
  8
0
100
AcDbSpline
210
0.0
220
0.0
230
1.0
 70
     8
 71
     2
 72
     8
 73
     5
 74
     0
 42
0.000000001
 43
0.0000000001
 40
0.0
 40
0.0
 40
0.0
 40
1.0
 40
2.0
 40
3.0
 40
3.0
 40
3.0
 10
-20.73019482529808
 20
-66.8924184011832
 30
0.0
 10
-20.73019482529808
 20
-66.58910401294912
 30
0.0
 10
-20.43307052661979
 20
-66.1155621619306
 30
0.0
 10
-19.8481070635969
 20
-65.84010317669759
 30
0.0
 10
-19.42099088424686
 20
-65.84010317669759
 30
0.0
  0
LINE
  5
7CE
330
70
100
AcDbEntity
  8
0
100
AcDbLine
 10
-9.698394846919097
 20
-82.94229670426922
 30
0.0
 11
-9.088671025673026
 21
-82.9422967042692
 31
0.0
  0
SPLINE
  5
7CF
330
70
100
AcDbEntity
  8
0
100
AcDbSpline
210
0.0
220
0.0
230
1.0
 70
     8
 71
     2
 72
     8
 73
     5
 74
     0
 42
0.000000001
 43
0.0000000001
 40
0.0
 40
0.0
 40
0.0
 40
1.0
 40
2.0
 40
3.0
 40
3.0
 40
3.0
 10
-9.088671025673026
 20
-82.9422967042692
 30
0.0
 10
-9.079385891339327
 20
-83.29513180894966
 30
0.0
 10
-9.271278667569056
 20
-83.78105383907978
 30
0.0
 10
-9.642684040916918
 20
-84.03484751086748
 30
0.0
 10
-9.893382667926724
 20
-84.03484751086748
 30
0.0
  0
SPLINE
  5
7D0
330
70
100
AcDbEntity
  8
0
100
AcDbSpline
210
0.0
220
0.0
230
1.0
 70
     8
 71
     2
 72
     7
 73
     4
 74
     0
 42
0.000000001
 43
0.0000000001
 40
0.0
 40
0.0
 40
0.0
 40
1.0
 40
2.0
 40
2.0
 40
2.0
 10
-9.893382667926724
 20
-84.03484751086748
 30
0.0
 10
-10.06670517548906
 20
-84.03484751086748
 30
0.0
 10
-10.38858983239054
 20
-83.88938040630625
 30
0.0
 10
-10.58976774295396
 20
-83.70986780918812
 30
0.0
  0
SPLINE
  5
7D1
330
70
100
AcDbEntity
  8
0
100
AcDbSpline
210
0.0
220
0.0
230
1.0
 70
     8
 71
     2
 72
     7
 73
     4
 74
     0
 42
0.000000001
 43
0.0000000001
 40
0.0
 40
0.0
 40
0.0
 40
1.0
 40
2.0
 40
2.0
 40
2.0
 10
-10.58976774295396
 20
-83.70986780918812
 30
0.0
 10
-10.69809431018042
 20
-83.61701646585116
 30
0.0
 10
-10.84665645951957
 20
-83.5179750329584
 30
0.0
 10
-10.94260284763443
 20
-83.5179750329584
 30
0.0
  0
SPLINE
  5
7D2
330
70
100
AcDbEntity
  8
0
100
AcDbSpline
210
0.0
220
0.0
230
1.0
 70
     8
 71
     2
 72
     7
 73
     4
 74
     0
 42
0.000000001
 43
0.0000000001
 40
0.0
 40
0.0
 40
0.0
 40
1.0
 40
2.0
 40
2.0
 40
2.0
 10
-10.94260284763443
 20
-83.5179750329584
 30
0.0
 10
-11.07568977308408
 20
-83.5179750329584
 30
0.0
 10
-11.24591723586852
 20
-83.72534303307761
 30
0.0
 10
-11.23972714631272
 20
-83.94818625708632
 30
0.0
  0
LINE
  5
7D3
330
70
100
AcDbEntity
  8
0
100
AcDbLine
 10
-11.23972714631272
 20
-83.94818625708632
 30
0.0
 11
-11.84635592278089
 21
-83.94818625708632
 31
0.0
  0
SPLINE
  5
7D4
330
70
100
AcDbEntity
  8
0
100
AcDbSpline
210
0.0
220
0.0
230
1.0
 70
     8
 71
     2
 72
     8
 73
     5
 74
     0
 42
0.000000001
 43
0.0000000001
 40
0.0
 40
0.0
 40
0.0
 40
1.0
 40
2.0
 40
3.0
 40
3.0
 40
3.0
 10
-11.84635592278089
 20
-83.94818625708632
 30
0.0
 10
-11.85873610189249
 20
-83.59535115240587
 30
0.0
 10
-11.66374828088486
 20
-83.10942912227574
 30
0.0
 10
-11.292342907537
 20
-82.85563545048804
 30
0.0
 10
-11.04473932530509
 20
-82.85563545048804
 30
0.0
  0
SPLINE
  5
7D5
330
70
100
AcDbEntity
  8
0
100
AcDbSpline
210
0.0
220
0.0
230
1.0
 70
     8
 71
     2
 72
     7
 73
     4
 74
     0
 42
0.000000001
 43
0.0000000001
 40
0.0
 40
0.0
 40
0.0
 40
1.0
 40
2.0
 40
2.0
 40
2.0
 10
-11.04473932530509
 20
-82.85563545048804
 30
0.0
 10
-10.85903663863116
 20
-82.85563545048804
 30
0.0
 10
-10.53715198172968
 20
-83.01038768938298
 30
0.0
 10
-10.34216416072205
 20
-83.18061515216742
 30
0.0
  0
SPLINE
  5
7D6
330
70
100
AcDbEntity
  8
0
100
AcDbSpline
210
0.0
220
0.0
230
1.0
 70
     8
 71
     2
 72
     7
 73
     4
 74
     0
 42
0.000000001
 43
0.0000000001
 40
0.0
 40
0.0
 40
0.0
 40
1.0
 40
2.0
 40
2.0
 40
2.0
 10
-10.34216416072205
 20
-83.18061515216742
 30
0.0
 10
-10.2276475039398
 20
-83.28275162983807
 30
0.0
 10
-10.08837048893435
 20
-83.37560297317503
 30
0.0
 10
-9.995519145597386
 20
-83.37560297317503
 30
0.0
  0
SPLINE
  5
7D7
330
70
100
AcDbEntity
  8
0
100
AcDbSpline
210
0.0
220
0.0
230
1.0
 70
     8
 71
     2
 72
     7
 73
     4
 74
     0
 42
0.000000001
 43
0.0000000001
 40
0.0
 40
0.0
 40
0.0
 40
1.0
 40
2.0
 40
2.0
 40
2.0
 10
-9.995519145597386
 20
-83.37560297317503
 30
0.0
 10
-9.862432220147734
 20
-83.37560297317503
 30
0.0
 10
-9.692204757363299
 20
-83.17442506261162
 30
0.0
 10
-9.698394846919097
 20
-82.9422967042692
 30
0.0
  0
LINE
  5
7D8
330
70
100
AcDbEntity
  8
0
100
AcDbLine
 10
-11.82517932073522
 20
-106.7911501696521
 30
0.0
 11
-11.05451317103841
 21
-106.7911501696521
 31
0.0
  0
SPLINE
  5
7D9
330
70
100
AcDbEntity
  8
0
100
AcDbSpline
210
0.0
220
0.0
230
1.0
 70
     8
 71
     2
 72
     7
 73
     4
 74
     0
 42
0.000000001
 43
0.0000000001
 40
0.0
 40
0.0
 40
0.0
 40
1.0
 40
2.0
 40
2.0
 40
2.0
 10
-11.05451317103841
 20
-106.7911501696521
 30
0.0
 10
-11.02975281281522
 20
-107.0139933936608
 30
0.0
 10
-10.69239293202425
 20
-107.2646920206706
 30
0.0
 10
-10.40145872290175
 20
-107.2646920206706
 30
0.0
  0
SPLINE
  5
7DA
330
70
100
AcDbEntity
  8
0
100
AcDbSpline
210
0.0
220
0.0
230
1.0
 70
     8
 71
     2
 72
     8
 73
     5
 74
     0
 42
0.000000001
 43
0.0000000001
 40
0.0
 40
0.0
 40
0.0
 40
1.0
 40
2.0
 40
3.0
 40
3.0
 40
3.0
 10
-10.40145872290175
 20
-107.2646920206706
 30
0.0
 10
-10.20647090189413
 20
-107.2646920206706
 30
0.0
 10
-9.934106961439031
 20
-107.1532704086662
 30
0.0
 10
-9.791734901655685
 20
-106.9613776324365
 30
0.0
 10
-9.791734901655685
 20
-106.8375758413206
 30
0.0
  0
SPLINE
  5
7DB
330
70
100
AcDbEntity
  8
0
100
AcDbSpline
210
0.0
220
0.0
230
1.0
 70
     8
 71
     2
 72
     9
 73
     6
 74
     0
 42
0.000000001
 43
0.0000000001
 40
0.0
 40
0.0
 40
0.0
 40
1.0
 40
2.0
 40
3.0
 40
4.0
 40
4.0
 40
4.0
 10
-9.791734901655685
 20
-106.8375758413206
 30
0.0
 10
-9.785544812099887
 20
-106.7354393636499
 30
0.0
 10
-9.881491200214751
 20
-106.5837821695329
 30
0.0
 10
-10.04862361822129
 20
-106.4754556023064
 30
0.0
 10
-10.26837179745211
 20
-106.394984438081
 30
0.0
 10
-10.39217358856806
 20
-106.3671290350799
 30
0.0
  0
LINE
  5
7DC
330
70
100
AcDbEntity
  8
0
100
AcDbLine
 10
-10.39217358856806
 20
-106.36712903508
 30
0.0
 11
-10.73572355891483
 21
-106.2835628260767
 31
0.0
  0
SPLINE
  5
7DD
330
70
100
AcDbEntity
  8
0
100
AcDbSpline
210
0.0
220
0.0
230
1.0
 70
     8
 71
     2
 72
     9
 73
     6
 74
     0
 42
0.000000001
 43
0.0000000001
 40
0.0
 40
0.0
 40
0.0
 40
1.0
 40
2.0
 40
3.0
 40
4.0
 40
4.0
 40
4.0
 10
-10.73572355891483
 20
-106.2835628260767
 30
0.0
 10
-10.98332714114674
 20
-106.2278520200745
 30
0.0
 10
-11.40115818616308
 20
-106.0421493334006
 30
0.0
 10
-11.70447257439717
 20
-105.7697853929455
 30
0.0
 10
-11.87470003718161
 20
-105.4014750643755
 30
0.0
 10
-11.8777950819595
 20
-105.1662516612552
 30
0.0
  0
SPLINE
  5
7DE
330
70
100
AcDbEntity
  8
0
100
AcDbSpline
210
0.0
220
0.0
230
1.0
 70
     8
 71
     2
 72
     8
 73
     5
 74
     0
 42
0.000000001
 43
0.0000000001
 40
0.0
 40
0.0
 40
0.0
 40
1.0
 40
2.0
 40
3.0
 40
3.0
 40
3.0
 10
-11.8777950819595
 20
-105.1662516612552
 30
0.0
 10
-11.87470003718161
 20
-104.8165116013526
 30
0.0
 10
-11.52495997727903
 20
-104.3027341682214
 30
0.0
 10
-10.86262039480868
 20
-104.0241801382105
 30
0.0
 10
-10.39836367812386
 20
-104.0241801382105
 30
0.0
  0
SPLINE
  5
7DF
330
70
100
AcDbEntity
  8
0
100
AcDbSpline
210
0.0
220
0.0
230
1.0
 70
     8
 71
     2
 72
     8
 73
     5
 74
     0
 42
0.000000001
 43
0.0000000001
 40
0.0
 40
0.0
 40
0.0
 40
1.0
 40
2.0
 40
3.0
 40
3.0
 40
3.0
 10
-10.39836367812386
 20
-104.0241801382105
 30
0.0
 10
-9.93720200621693
 20
-104.0241801382105
 30
0.0
 10
-9.253197110301286
 20
-104.3058292129993
 30
0.0
 10
-8.872506602619727
 20
-104.8629372730211
 30
0.0
 10
-8.863221468286031
 20
-105.2714831837038
 30
0.0
  0
LINE
  5
7E0
330
70
100
AcDbEntity
  8
0
100
AcDbLine
 10
-8.863221468286033
 20
-105.2714831837038
 30
0.0
 11
-9.643172752316539
 21
-105.2714831837038
 31
0.0
  0
SPLINE
  5
7E1
330
70
100
AcDbEntity
  8
0
100
AcDbSpline
210
0.0
220
0.0
230
1.0
 70
     8
 71
     2
 72
     8
 73
     5
 74
     0
 42
0.000000001
 43
0.0000000001
 40
0.0
 40
0.0
 40
0.0
 40
1.0
 40
2.0
 40
3.0
 40
3.0
 40
3.0
 10
-9.643172752316539
 20
-105.2714831837038
 30
0.0
 10
-9.655552931428136
 20
-105.079590407474
 30
0.0
 10
-9.850540752435763
 20
-104.8257967356863
 30
0.0
 10
-10.18171054367094
 20
-104.6988998997925
 30
0.0
 10
-10.38907854379016
 20
-104.6988998997925
 30
0.0
  0
SPLINE
  5
7E2
330
70
100
AcDbEntity
  8
0
100
AcDbSpline
210
0.0
220
0.0
230
1.0
 70
     8
 71
     2
 72
     8
 73
     5
 74
     0
 42
0.000000001
 43
0.0000000001
 40
0.0
 40
0.0
 40
0.0
 40
1.0
 40
2.0
 40
3.0
 40
3.0
 40
3.0
 10
-10.38907854379016
 20
-104.6988998997925
 30
0.0
 10
-10.59335149913148
 20
-104.6988998997925
 30
0.0
 10
-10.89666588736557
 20
-104.8165116013526
 30
0.0
 10
-11.06379830537211
 20
-105.0300696910277
 30
0.0
 10
-11.06379830537211
 20
-105.1662516612552
 30
0.0
  0
SPLINE
  5
7E3
330
70
100
AcDbEntity
  8
0
100
AcDbSpline
210
0.0
220
0.0
230
1.0
 70
     8
 71
     2
 72
     8
 73
     5
 74
     0
 42
0.000000001
 43
0.0000000001
 40
0.0
 40
0.0
 40
0.0
 40
1.0
 40
2.0
 40
3.0
 40
3.0
 40
3.0
 10
-11.06379830537211
 20
-105.1662516612552
 30
0.0
 10
-11.06379830537211
 20
-105.2962435419269
 30
0.0
 10
-10.91214111125506
 20
-105.4695660494893
 30
0.0
 10
-10.62430194691047
 20
-105.5933678406052
 30
0.0
 10
-10.41693394679125
 20
-105.6428885570516
 30
0.0
  0
LINE
  5
7E4
330
70
100
AcDbEntity
  8
0
100
AcDbLine
 10
-10.41693394679125
 20
-105.6428885570516
 30
0.0
 11
-10.0021979465528
 21
-105.7481200795002
 31
0.0
  0
SPLINE
  5
7E5
330
70
100
AcDbEntity
  8
0
100
AcDbSpline
210
0.0
220
0.0
230
1.0
 70
     8
 71
     2
 72
     7
 73
     4
 74
     0
 42
0.000000001
 43
0.0000000001
 40
0.0
 40
0.0
 40
0.0
 40
1.0
 40
2.0
 40
2.0
 40
2.0
 10
-10.0021979465528
 20
-105.7481200795002
 30
0.0
 10
-9.519370961200587
 20
-105.8626367362824
 30
0.0
 10
-8.962262901178794
 20
-106.3609389455241
 30
0.0
 10
-8.965357945956695
 20
-106.7849600800963
 30
0.0
  0
SPLINE
  5
7E6
330
70
100
AcDbEntity
  8
0
100
AcDbSpline
210
0.0
220
0.0
230
1.0
 70
     8
 71
     2
 72
     8
 73
     5
 74
     0
 42
0.000000001
 43
0.0000000001
 40
0.0
 40
0.0
 40
0.0
 40
1.0
 40
2.0
 40
3.0
 40
3.0
 40
3.0
 10
-8.965357945956695
 20
-106.7849600800963
 30
0.0
 10
-8.962262901178794
 20
-107.1316050952209
 30
0.0
 10
-9.336763319304555
 20
-107.64847757313
 30
0.0
 10
-9.989817767441211
 20
-107.9363167374747
 30
0.0
 10
-10.40764881245755
 20
-107.9363167374747
 30
0.0
  0
SPLINE
  5
7E7
330
70
100
AcDbEntity
  8
0
100
AcDbSpline
210
0.0
220
0.0
230
1.0
 70
     8
 71
     2
 72
     8
 73
     5
 74
     0
 42
0.000000001
 43
0.0000000001
 40
0.0
 40
0.0
 40
0.0
 40
1.0
 40
2.0
 40
3.0
 40
3.0
 40
3.0
 10
-10.40764881245755
 20
-107.9363167374747
 30
0.0
 10
-10.83166994702969
 20
-107.9363167374747
 30
0.0
 10
-11.46615412649895
 20
-107.64847757313
 30
0.0
 10
-11.81898923117942
 20
-107.1316050952209
 30
0.0
 10
-11.82517932073522
 20
-106.7911501696521
 30
0.0
  0
SPLINE
  5
7E8
330
70
100
AcDbEntity
  8
0
100
AcDbSpline
210
0.0
220
0.0
230
1.0
 70
     8
 71
     2
 72
     8
 73
     5
 74
     0
 42
0.000000001
 43
0.0000000001
 40
0.0
 40
0.0
 40
0.0
 40
1.0
 40
2.0
 40
3.0
 40
3.0
 40
3.0
 10
-69.42612468397079
 20
-89.03319011275877
 30
0.0
 10
-69.42921972874869
 20
-88.70821041107943
 30
0.0
 10
-69.05162426584503
 20
-88.2037181122819
 30
0.0
 10
-68.38928468337468
 20
-87.91278390315939
 30
0.0
 10
-67.96216850402465
 20
-87.91278390315939
 30
0.0
  0
SPLINE
  5
7E9
330
70
100
AcDbEntity
  8
0
100
AcDbSpline
210
0.0
220
0.0
230
1.0
 70
     8
 71
     2
 72
     8
 73
     5
 74
     0
 42
0.000000001
 43
0.0000000001
 40
0.0
 40
0.0
 40
0.0
 40
1.0
 40
2.0
 40
3.0
 40
3.0
 40
3.0
 10
-67.96216850402465
 20
-87.91278390315939
 30
0.0
 10
-67.54433745900829
 20
-87.91278390315939
 30
0.0
 10
-66.89437805564954
 20
-88.20062306750399
 30
0.0
 10
-66.52297268230168
 20
-88.70821041107943
 30
0.0
 10
-66.51678259274588
 20
-89.04247524709248
 30
0.0
  0
LINE
  5
7EA
330
70
100
AcDbEntity
  8
0
100
AcDbLine
 10
-66.51678259274588
 20
-89.04247524709248
 30
0.0
 11
-67.32768432455538
 21
-89.04247524709248
 31
0.0
  0
SPLINE
  5
7EB
330
70
100
AcDbEntity
  8
0
100
AcDbSpline
210
0.0
220
0.0
230
1.0
 70
     8
 71
     2
 72
     8
 73
     5
 74
     0
 42
0.000000001
 43
0.0000000001
 40
0.0
 40
0.0
 40
0.0
 40
1.0
 40
2.0
 40
3.0
 40
3.0
 40
3.0
 10
-67.32768432455538
 20
-89.04247524709248
 30
0.0
 10
-67.33387441411117
 20
-88.90319823208702
 30
0.0
 10
-67.50410187689562
 20
-88.69273518718991
 30
0.0
 10
-67.78575095168441
 20
-88.57821853040766
 30
0.0
 10
-67.96216850402465
 20
-88.57821853040766
 30
0.0
  0
SPLINE
  5
7EC
330
70
100
AcDbEntity
  8
0
100
AcDbSpline
210
0.0
220
0.0
230
1.0
 70
     8
 71
     2
 72
     8
 73
     5
 74
     0
 42
0.000000001
 43
0.0000000001
 40
0.0
 40
0.0
 40
0.0
 40
1.0
 40
2.0
 40
3.0
 40
3.0
 40
3.0
 10
-67.96216850402465
 20
-88.57821853040766
 30
0.0
 10
-68.14787119069857
 20
-88.57821853040766
 30
0.0
 10
-68.42952026548736
 20
-88.70821041107943
 30
0.0
 10
-68.5904625939381
 20
-88.93724372464392
 30
0.0
 10
-68.5904625939381
 20
-89.08890091876097
 30
0.0
  0
SPLINE
  5
7ED
330
70
100
AcDbEntity
  8
0
100
AcDbSpline
210
0.0
220
0.0
230
1.0
 70
     8
 71
     2
 72
     8
 73
     5
 74
     0
 42
0.000000001
 43
0.0000000001
 40
0.0
 40
0.0
 40
0.0
 40
1.0
 40
2.0
 40
3.0
 40
3.0
 40
3.0
 10
-68.5904625939381
 20
-89.08890091876097
 30
0.0
 10
-68.5904625939381
 20
-89.240558112878
 30
0.0
 10
-68.42023513115368
 20
-89.47887656077623
 30
0.0
 10
-68.10454056380798
 20
-89.61196348622587
 30
0.0
 10
-67.89098247413297
 20
-89.61196348622587
 30
0.0
  0
SPLINE
  5
7EE
330
70
100
AcDbEntity
  8
0
100
AcDbSpline
210
0.0
220
0.0
230
1.0
 70
     8
 71
     2
 72
     8
 73
     5
 74
     0
 42
0.000000001
 43
0.0000000001
 40
0.0
 40
0.0
 40
0.0
 40
1.0
 40
2.0
 40
3.0
 40
3.0
 40
3.0
 10
-67.89098247413297
 20
-90.20311703880455
 30
0.0
 10
-68.07359011602899
 20
-90.20311703880455
 30
0.0
 10
-68.3521441460399
 20
-90.33001387469839
 30
0.0
 10
-68.50999142971274
 20
-90.55285709870711
 30
0.0
 10
-68.50999142971274
 20
-90.70451429282416
 30
0.0
  0
SPLINE
  5
7EF
330
70
100
AcDbEntity
  8
0
100
AcDbSpline
210
0.0
220
0.0
230
1.0
 70
     8
 71
     2
 72
     8
 73
     5
 74
     0
 42
0.000000001
 43
0.0000000001
 40
0.0
 40
0.0
 40
0.0
 40
1.0
 40
2.0
 40
3.0
 40
3.0
 40
3.0
 10
-68.50999142971274
 20
-90.70451429282416
 30
0.0
 10
-68.50999142971274
 20
-90.8468863526075
 30
0.0
 10
-68.37380945948519
 20
-91.06663453183832
 30
0.0
 10
-68.12930092203117
 20
-91.18734127817637
 30
0.0
 10
-67.96835859358044
 20
-91.18734127817637
 30
0.0
  0
SPLINE
  5
7F0
330
70
100
AcDbEntity
  8
0
100
AcDbSpline
210
0.0
220
0.0
230
1.0
 70
     8
 71
     2
 72
     8
 73
     5
 74
     0
 42
0.000000001
 43
0.0000000001
 40
0.0
 40
0.0
 40
0.0
 40
1.0
 40
2.0
 40
3.0
 40
3.0
 40
3.0
 10
-67.96835859358044
 20
-91.18734127817637
 30
0.0
 10
-67.80432122035181
 20
-91.18734127817637
 30
0.0
 10
-67.5319572798967
 20
-91.06972957661623
 30
0.0
 10
-67.37101495144597
 20
-90.85617148694121
 30
0.0
 10
-67.36482486189017
 20
-90.71070438237995
 30
0.0
  0
LINE
  5
7F1
330
70
100
AcDbEntity
  8
0
100
AcDbLine
 10
-67.36482486189015
 20
-90.71070438237995
 30
0.0
 11
-66.59106366741545
 21
-90.71070438237995
 31
0.0
  0
SPLINE
  5
7F2
330
70
100
AcDbEntity
  8
0
100
AcDbSpline
210
0.0
220
0.0
230
1.0
 70
     8
 71
     2
 72
     8
 73
     5
 74
     0
 42
0.000000001
 43
0.0000000001
 40
0.0
 40
0.0
 40
0.0
 40
1.0
 40
2.0
 40
3.0
 40
3.0
 40
3.0
 10
-66.59106366741545
 20
-90.71070438237995
 30
0.0
 10
-66.59725375697125
 20
-91.03877912883723
 30
0.0
 10
-66.96246904076331
 20
-91.54017638285685
 30
0.0
 10
-67.58147799634308
 20
-91.82492050242354
 30
0.0
 10
-67.97145363835834
 20
-91.82492050242354
 30
0.0
  0
SPLINE
  5
7F3
330
70
100
AcDbEntity
  8
0
100
AcDbSpline
210
0.0
220
0.0
230
1.0
 70
     8
 71
     2
 72
     8
 73
     5
 74
     0
 42
0.000000001
 43
0.0000000001
 40
0.0
 40
0.0
 40
0.0
 40
1.0
 40
2.0
 40
3.0
 40
3.0
 40
3.0
 10
-67.97145363835834
 20
-91.82492050242354
 30
0.0
 10
-68.3676193699294
 20
-91.82492050242354
 30
0.0
 10
-68.95877292250808
 20
-91.54017638285685
 30
0.0
 10
-69.28684766896535
 20
-91.05425435272673
 30
0.0
 10
-69.28375262418746
 20
-90.75403500927054
 30
0.0
  0
SPLINE
  5
7F4
330
70
100
AcDbEntity
  8
0
100
AcDbSpline
210
0.0
220
0.0
230
1.0
 70
     8
 71
     2
 72
     7
 73
     4
 74
     0
 42
0.000000001
 43
0.0000000001
 40
0.0
 40
0.0
 40
0.0
 40
1.0
 40
2.0
 40
2.0
 40
2.0
 10
-69.28375262418746
 20
-90.75403500927054
 30
0.0
 10
-69.28684766896535
 20
-90.43215035236906
 30
0.0
 10
-68.88758689261639
 20
-90.00503417301901
 30
0.0
 10
-68.56570223571492
 20
-89.94932336701683
 30
0.0
  0
LINE
  5
7F5
330
70
100
AcDbEntity
  8
0
100
AcDbLine
 10
-68.56570223571492
 20
-89.94932336701683
 30
0.0
 11
-68.56570223571492
 21
-89.91837291923785
 31
0.0
  0
SPLINE
  5
7F6
330
70
100
AcDbEntity
  8
0
100
AcDbSpline
210
0.0
220
0.0
230
1.0
 70
     8
 71
     2
 72
     7
 73
     4
 74
     0
 42
0.000000001
 43
0.0000000001
 40
0.0
 40
0.0
 40
0.0
 40
1.0
 40
2.0
 40
2.0
 40
2.0
 10
-68.56570223571492
 20
-89.91837291923785
 30
0.0
 10
-68.98662832550916
 20
-89.86266211323567
 30
0.0
 10
-69.42921972874869
 20
-89.38912026221714
 30
0.0
 10
-69.42612468397079
 20
-89.03319011275877
 30
0.0
  0
SPLINE
  5
7F7
330
70
100
AcDbEntity
  8
0
100
AcDbSpline
210
0.0
220
0.0
230
1.0
 70
     8
 71
     2
 72
     8
 73
     5
 74
     0
 42
0.000000001
 43
0.0000000001
 40
0.0
 40
0.0
 40
0.0
 40
1.0
 40
2.0
 40
3.0
 40
3.0
 40
3.0
 10
-70.1229434760443
 20
-105.3475888855396
 30
0.0
 10
-70.12603852082219
 20
-105.0226091838602
 30
0.0
 10
-69.74844305791854
 20
-104.5181168850627
 30
0.0
 10
-69.08610347544819
 20
-104.2271826759402
 30
0.0
 10
-68.65898729609813
 20
-104.2271826759402
 30
0.0
  0
SPLINE
  5
7F8
330
70
100
AcDbEntity
  8
0
100
AcDbSpline
210
0.0
220
0.0
230
1.0
 70
     8
 71
     2
 72
     8
 73
     5
 74
     0
 42
0.000000001
 43
0.0000000001
 40
0.0
 40
0.0
 40
0.0
 40
1.0
 40
2.0
 40
3.0
 40
3.0
 40
3.0
 10
-68.65898729609813
 20
-104.2271826759402
 30
0.0
 10
-68.24115625108179
 20
-104.2271826759402
 30
0.0
 10
-67.59119684772304
 20
-104.5150218402848
 30
0.0
 10
-67.21979147437519
 20
-105.0226091838602
 30
0.0
 10
-67.21360138481938
 20
-105.3568740198733
 30
0.0
  0
LINE
  5
7F9
330
70
100
AcDbEntity
  8
0
100
AcDbLine
 10
-67.21360138481938
 20
-105.3568740198733
 30
0.0
 11
-68.02450311662887
 21
-105.3568740198733
 31
0.0
  0
SPLINE
  5
7FA
330
70
100
AcDbEntity
  8
0
100
AcDbSpline
210
0.0
220
0.0
230
1.0
 70
     8
 71
     2
 72
     8
 73
     5
 74
     0
 42
0.000000001
 43
0.0000000001
 40
0.0
 40
0.0
 40
0.0
 40
1.0
 40
2.0
 40
3.0
 40
3.0
 40
3.0
 10
-68.02450311662887
 20
-105.3568740198733
 30
0.0
 10
-68.03069320618468
 20
-105.2175970048678
 30
0.0
 10
-68.2009206689691
 20
-105.0071339599707
 30
0.0
 10
-68.4825697437579
 20
-104.8926173031884
 30
0.0
 10
-68.65898729609813
 20
-104.8926173031884
 30
0.0
  0
SPLINE
  5
7FB
330
70
100
AcDbEntity
  8
0
100
AcDbSpline
210
0.0
220
0.0
230
1.0
 70
     8
 71
     2
 72
     8
 73
     5
 74
     0
 42
0.000000001
 43
0.0000000001
 40
0.0
 40
0.0
 40
0.0
 40
1.0
 40
2.0
 40
3.0
 40
3.0
 40
3.0
 10
-68.65898729609813
 20
-104.8926173031884
 30
0.0
 10
-68.84468998277206
 20
-104.8926173031884
 30
0.0
 10
-69.12633905756087
 20
-105.0226091838602
 30
0.0
 10
-69.2872813860116
 20
-105.2516424974247
 30
0.0
 10
-69.2872813860116
 20
-105.4032996915418
 30
0.0
  0
SPLINE
  5
7FC
330
70
100
AcDbEntity
  8
0
100
AcDbSpline
210
0.0
220
0.0
230
1.0
 70
     8
 71
     2
 72
     8
 73
     5
 74
     0
 42
0.000000001
 43
0.0000000001
 40
0.0
 40
0.0
 40
0.0
 40
1.0
 40
2.0
 40
3.0
 40
3.0
 40
3.0
 10
-69.2872813860116
 20
-105.4032996915418
 30
0.0
 10
-69.2872813860116
 20
-105.5549568856588
 30
0.0
 10
-69.11705392322717
 20
-105.793275333557
 30
0.0
 10
-68.80135935588149
 20
-105.9263622590067
 30
0.0
 10
-68.58780126620647
 20
-105.9263622590067
 30
0.0
  0
SPLINE
  5
7FD
330
70
100
AcDbEntity
  8
0
100
AcDbSpline
210
0.0
220
0.0
230
1.0
 70
     8
 71
     2
 72
     8
 73
     5
 74
     0
 42
0.000000001
 43
0.0000000001
 40
0.0
 40
0.0
 40
0.0
 40
1.0
 40
2.0
 40
3.0
 40
3.0
 40
3.0
 10
-68.58780126620647
 20
-106.5175158115853
 30
0.0
 10
-68.77040890810249
 20
-106.5175158115853
 30
0.0
 10
-69.04896293811339
 20
-106.6444126474792
 30
0.0
 10
-69.20681022178624
 20
-106.8672558714879
 30
0.0
 10
-69.20681022178624
 20
-107.0189130656049
 30
0.0
  0
SPLINE
  5
7FE
330
70
100
AcDbEntity
  8
0
100
AcDbSpline
210
0.0
220
0.0
230
1.0
 70
     8
 71
     2
 72
     8
 73
     5
 74
     0
 42
0.000000001
 43
0.0000000001
 40
0.0
 40
0.0
 40
0.0
 40
1.0
 40
2.0
 40
3.0
 40
3.0
 40
3.0
 10
-69.20681022178624
 20
-107.0189130656049
 30
0.0
 10
-69.20681022178624
 20
-107.1612851253883
 30
0.0
 10
-69.07062825155868
 20
-107.3810333046191
 30
0.0
 10
-68.82611971410468
 20
-107.5017400509571
 30
0.0
 10
-68.66517738565393
 20
-107.5017400509571
 30
0.0
  0
SPLINE
  5
7FF
330
70
100
AcDbEntity
  8
0
100
AcDbSpline
210
0.0
220
0.0
230
1.0
 70
     8
 71
     2
 72
     8
 73
     5
 74
     0
 42
0.000000001
 43
0.0000000001
 40
0.0
 40
0.0
 40
0.0
 40
1.0
 40
2.0
 40
3.0
 40
3.0
 40
3.0
 10
-68.66517738565393
 20
-107.5017400509571
 30
0.0
 10
-68.5011400124253
 20
-107.5017400509571
 30
0.0
 10
-68.2287760719702
 20
-107.384128349397
 30
0.0
 10
-68.06783374351946
 20
-107.170570259722
 30
0.0
 10
-68.06164365396367
 20
-107.0251031551607
 30
0.0
  0
LINE
  5
800
330
70
100
AcDbEntity
  8
0
100
AcDbLine
 10
-68.06164365396366
 20
-107.0251031551607
 30
0.0
 11
-67.28788245948895
 21
-107.0251031551607
 31
0.0
  0
SPLINE
  5
801
330
70
100
AcDbEntity
  8
0
100
AcDbSpline
210
0.0
220
0.0
230
1.0
 70
     8
 71
     2
 72
     8
 73
     5
 74
     0
 42
0.000000001
 43
0.0000000001
 40
0.0
 40
0.0
 40
0.0
 40
1.0
 40
2.0
 40
3.0
 40
3.0
 40
3.0
 10
-67.28788245948895
 20
-107.0251031551607
 30
0.0
 10
-67.29407254904476
 20
-107.353177901618
 30
0.0
 10
-67.65928783283681
 20
-107.8545751556376
 30
0.0
 10
-68.27829678841658
 20
-108.1393192752043
 30
0.0
 10
-68.66827243043184
 20
-108.1393192752043
 30
0.0
  0
SPLINE
  5
802
330
70
100
AcDbEntity
  8
0
100
AcDbSpline
210
0.0
220
0.0
230
1.0
 70
     8
 71
     2
 72
     8
 73
     5
 74
     0
 42
0.000000001
 43
0.0000000001
 40
0.0
 40
0.0
 40
0.0
 40
1.0
 40
2.0
 40
3.0
 40
3.0
 40
3.0
 10
-68.66827243043184
 20
-108.1393192752043
 30
0.0
 10
-69.06443816200289
 20
-108.1393192752043
 30
0.0
 10
-69.65559171458156
 20
-107.8545751556376
 30
0.0
 10
-69.98366646103885
 20
-107.3686531255075
 30
0.0
 10
-69.98057141626095
 20
-107.0684337820513
 30
0.0
  0
SPLINE
  5
803
330
70
100
AcDbEntity
  8
0
100
AcDbSpline
210
0.0
220
0.0
230
1.0
 70
     8
 71
     2
 72
     7
 73
     4
 74
     0
 42
0.000000001
 43
0.0000000001
 40
0.0
 40
0.0
 40
0.0
 40
1.0
 40
2.0
 40
2.0
 40
2.0
 10
-69.98057141626095
 20
-107.0684337820513
 30
0.0
 10
-69.98366646103885
 20
-106.7465491251498
 30
0.0
 10
-69.5844056846899
 20
-106.3194329457998
 30
0.0
 10
-69.26252102778841
 20
-106.2637221397976
 30
0.0
  0
LINE
  5
804
330
70
100
AcDbEntity
  8
0
100
AcDbLine
 10
-69.26252102778841
 20
-106.2637221397976
 30
0.0
 11
-69.26252102778841
 21
-106.2327716920186
 31
0.0
  0
SPLINE
  5
805
330
70
100
AcDbEntity
  8
0
100
AcDbSpline
210
0.0
220
0.0
230
1.0
 70
     8
 71
     2
 72
     7
 73
     4
 74
     0
 42
0.000000001
 43
0.0000000001
 40
0.0
 40
0.0
 40
0.0
 40
1.0
 40
2.0
 40
2.0
 40
2.0
 10
-69.26252102778841
 20
-106.2327716920186
 30
0.0
 10
-69.68344711758266
 20
-106.1770608860165
 30
0.0
 10
-70.12603852082219
 20
-105.7035190349979
 30
0.0
 10
-70.1229434760443
 20
-105.3475888855396
 30
0.0
  0
ENDSEC
  0
SECTION
  2
OBJECTS
  0
DICTIONARY
  5
C
330
0
100
AcDbDictionary
281
     1
  3
ACAD_CIP_PREVIOUS_PRODUCT_INFO
350
806
  3
ACAD_COLOR
350
63
  3
ACAD_DETAILVIEWSTYLE
350
6A
  3
ACAD_GROUP
350
D
  3
ACAD_LAYOUT
350
62
  3
ACAD_MATERIAL
350
10
  3
ACAD_MLEADERSTYLE
350
66
  3
ACAD_MLINESTYLE
350
5F
  3
ACAD_PLOTSETTINGS
350
61
  3
ACAD_PLOTSTYLENAME
350
E
  3
ACAD_SCALELIST
350
42
  3
ACAD_SECTIONVIEWSTYLE
350
68
  3
ACAD_TABLESTYLE
350
64
  3
ACAD_VISUALSTYLE
350
29
  3
ACDB_RECOMPOSE_DATA
350
80F
  3
AcDbVariableDictionary
350
807
  0
XRECORD
  5
806
102
{ACAD_REACTORS
330
C
102
}
330
C
100
AcDbXrecord
280
     1
300

300

300

  0
DICTIONARY
  5
63
102
{ACAD_REACTORS
330
C
102
}
330
C
100
AcDbDictionary
281
     1
  0
DICTIONARY
  5
6A
102
{ACAD_REACTORS
330
C
102
}
330
C
100
AcDbDictionary
281
     1
  3
Imperial24
350
6B
  0
DICTIONARY
  5
D
102
{ACAD_REACTORS
330
C
102
}
330
C
100
AcDbDictionary
281
     1
  0
DICTIONARY
  5
62
102
{ACAD_REACTORS
330
C
102
}
330
C
100
AcDbDictionary
281
     1
  3
Layout1
350
6F
  3
Layout2
350
77
  3
Model
350
73
  0
DICTIONARY
  5
10
102
{ACAD_REACTORS
330
C
102
}
330
C
100
AcDbDictionary
281
     1
  3
ByBlock
350
19
  3
ByLayer
350
11
  3
Global
350
21
  0
DICTIONARY
  5
66
102
{ACAD_REACTORS
330
C
102
}
330
C
100
AcDbDictionary
281
     1
  3
Standard
350
67
  0
DICTIONARY
  5
5F
102
{ACAD_REACTORS
330
C
102
}
330
C
100
AcDbDictionary
281
     1
  3
Standard
350
60
  0
DICTIONARY
  5
61
102
{ACAD_REACTORS
330
C
102
}
330
C
100
AcDbDictionary
281
     1
  0
ACDBDICTIONARYWDFLT
  5
E
102
{ACAD_REACTORS
330
C
102
}
330
C
100
AcDbDictionary
281
     1
  3
Normal
350
F
100
AcDbDictionaryWithDefault
340
F
  0
DICTIONARY
  5
42
102
{ACAD_REACTORS
330
C
102
}
330
C
100
AcDbDictionary
281
     1
  3
A0
350
43
  3
A1
350
44
  3
A2
350
45
  3
A3
350
46
  3
A4
350
47
  3
A5
350
48
  3
A6
350
49
  3
A7
350
4A
  3
A8
350
4B
  3
A9
350
4C
  3
B0
350
4D
  3
B1
350
4E
  3
B2
350
4F
  3
B3
350
50
  3
B4
350
51
  3
B5
350
52
  3
B6
350
53
  0
DICTIONARY
  5
68
102
{ACAD_REACTORS
330
C
102
}
330
C
100
AcDbDictionary
281
     1
  3
Imperial24
350
69
  0
DICTIONARY
  5
64
102
{ACAD_REACTORS
330
C
102
}
330
C
100
AcDbDictionary
281
     1
  3
Standard
350
65
  0
DICTIONARY
  5
29
102
{ACAD_REACTORS
330
C
102
}
330
C
100
AcDbDictionary
281
     1
  3
2dWireframe
350
2F
  3
Basic
350
2E
  3
Brighten
350
35
  3
ColorChange
350
39
  3
Conceptual
350
32
  3
Dim
350
34
  3
EdgeColorOff
350
41
  3
Facepattern
350
38
  3
Flat
350
2A
  3
FlatWithEdges
350
2B
  3
Gouraud
350
2C
  3
GouraudWithEdges
350
2D
  3
Hidden
350
31
  3
JitterOff
350
3F
  3
Linepattern
350
37
  3
OverhangOff
350
40
  3
Realistic
350
33
  3
Shaded
350
3E
  3
Shaded with edges
350
3D
  3
Shades of Gray
350
3A
  3
Sketchy
350
3B
  3
Thicken
350
36
  3
Wireframe
350
30
  3
X-Ray
350
3C
  0
XRECORD
  5
80F
102
{ACAD_REACTORS
330
C
102
}
330
C
100
AcDbXrecord
280
     1
 90
        1
330
65
  0
DICTIONARY
  5
807
102
{ACAD_REACTORS
330
C
102
}
330
C
100
AcDbDictionary
281
     1
  3
CANNOSCALE
350
80C
  3
CMLEADERSTYLE
350
809
  3
CTABLESTYLE
350
808
  3
CVIEWDETAILSTYLE
350
80A
  3
CVIEWSECTIONSTYLE
350
80B
  0
ACDBDETAILVIEWSTYLE
  5
6B
102
{ACAD_REACTORS
330
6A
102
}
330
6A
100
AcDbModelDocViewStyle
 70
     0
  3
Imperial24
290
     1
300
Imperial24
 90
        0
100
AcDbDetailViewStyle
 70
     0
 71
     0
 90
        3
 71
     1
340
55
 62
   256
 40
0.24
340
0
 62
   256
 40
0.24
300

 40
0.36
280
     3
 71
     2
340
5D
 90
       25
 62
   256
 71
     3
340
55
 62
   256
 40
0.24
 90
        1
 40
0.75
 90
        1
300
%<\AcVar ViewType \f "%tc1">% %<\AcVar ViewDetailId>%\PSCALE %<\AcVar ViewScale \f "%sn">%
 71
     4
340
5D
 90
       25
 62
   256
340
5D
 90
       25
 62
   256
280
     0
  0
LAYOUT
  5
6F
102
{ACAD_REACTORS
330
62
102
}
330
62
100
AcDbPlotSettings
  1

  2

  4

  6

 40
0.0
 41
0.0
 42
0.0
 43
0.0
 44
0.0
 45
0.0
 46
0.0
 47
0.0
 48
0.0
 49
0.0
140
0.0
141
0.0
142
1.0
143
1.0
 70
   688
 72
     0
 73
     0
 74
     5
  7

 75
    16
147
1.0
 76
     0
 77
     2
 78
   300
148
0.0
149
0.0
100
AcDbLayout
  1
Layout1
 70
     1
 71
     1
 10
0.0
 20
0.0
 11
12.0
 21
9.0
 12
0.0
 22
0.0
 32
0.0
 14
0.0
 24
0.0
 34
0.0
 15
0.0
 25
0.0
 35
0.0
146
0.0
 13
0.0
 23
0.0
 33
0.0
 16
1.0
 26
0.0
 36
0.0
 17
0.0
 27
1.0
 37
0.0
 76
     0
330
6C
  0
LAYOUT
  5
77
102
{ACAD_REACTORS
330
62
102
}
330
62
100
AcDbPlotSettings
  1

  2

  4

  6

 40
0.0
 41
0.0
 42
0.0
 43
0.0
 44
0.0
 45
0.0
 46
0.0
 47
0.0
 48
0.0
 49
0.0
140
0.0
141
0.0
142
1.0
143
1.0
 70
   688
 72
     0
 73
     0
 74
     5
  7

 75
    16
147
1.0
 76
     0
 77
     2
 78
   300
148
0.0
149
0.0
100
AcDbLayout
  1
Layout2
 70
     1
 71
     2
 10
0.0
 20
0.0
 11
12.0
 21
9.0
 12
0.0
 22
0.0
 32
0.0
 14
0.0
 24
0.0
 34
0.0
 15
0.0
 25
0.0
 35
0.0
146
0.0
 13
0.0
 23
0.0
 33
0.0
 16
1.0
 26
0.0
 36
0.0
 17
0.0
 27
1.0
 37
0.0
 76
     0
330
74
  0
LAYOUT
  5
73
102
{ACAD_REACTORS
330
62
102
}
330
62
100
AcDbPlotSettings
  1

  2

  4

  6

 40
0.0
 41
0.0
 42
0.0
 43
0.0
 44
0.0
 45
0.0
 46
0.0
 47
0.0
 48
0.0
 49
0.0
140
0.0
141
0.0
142
1.0
143
1.0
 70
  1712
 72
     0
 73
     0
 74
     0
  7

 75
     0
147
1.0
 76
     0
 77
     2
 78
   300
148
0.0
149
0.0
100
AcDbLayout
  1
Model
 70
     1
 71
     0
 10
0.0
 20
0.0
 11
12.0
 21
9.0
 12
0.0
 22
0.0
 32
0.0
 14
0.0
 24
0.0
 34
0.0
 15
0.0
 25
0.0
 35
0.0
146
0.0
 13
0.0
 23
0.0
 33
0.0
 16
1.0
 26
0.0
 36
0.0
 17
0.0
 27
1.0
 37
0.0
 76
     0
330
70
  0
MATERIAL
  5
19
102
{ACAD_XDICTIONARY
360
1A
102
}
102
{ACAD_REACTORS
330
10
102
}
330
10
100
AcDbMaterial
  1
ByBlock
 72
     0
 43
0.0208333333333333
 43
0.0
 43
0.0
 43
0.0
 43
0.0
 43
0.0208333333333333
 43
0.0
 43
0.0
 43
0.0
 43
0.0
 43
1.0
 43
0.0
 43
0.0
 43
0.0
 43
0.0
 43
1.0
 77
     0
 47
0.0208333333333333
 47
0.0
 47
0.0
 47
0.0
 47
0.0
 47
0.0208333333333333
 47
0.0
 47
0.0
 47
0.0
 47
0.0
 47
1.0
 47
0.0
 47
0.0
 47
0.0
 47
0.0
 47
1.0
171
     0
 49
0.0208333333333333
 49
0.0
 49
0.0
 49
0.0
 49
0.0
 49
0.0208333333333333
 49
0.0
 49
0.0
 49
0.0
 49
0.0
 49
1.0
 49
0.0
 49
0.0
 49
0.0
 49
0.0
 49
1.0
175
     0
142
0.0208333333333333
142
0.0
142
0.0
142
0.0
142
0.0
142
0.0208333333333333
142
0.0
142
0.0
142
0.0
142
0.0
142
1.0
142
0.0
142
0.0
142
0.0
142
0.0
142
1.0
179
     0
144
0.0208333333333333
144
0.0
144
0.0
144
0.0
144
0.0
144
0.0208333333333333
144
0.0
144
0.0
144
0.0
144
0.0
144
1.0
144
0.0
144
0.0
144
0.0
144
0.0
144
1.0
147
0.0208333333333333
147
0.0
147
0.0
147
0.0
147
0.0
147
0.0208333333333333
147
0.0
147
0.0
147
0.0
147
0.0
147
1.0
147
0.0
147
0.0
147
0.0
147
0.0
147
1.0
  0
MATERIAL
  5
11
102
{ACAD_XDICTIONARY
360
12
102
}
102
{ACAD_REACTORS
330
10
102
}
330
10
100
AcDbMaterial
  1
ByLayer
 72
     0
 43
0.0208333333333333
 43
0.0
 43
0.0
 43
0.0
 43
0.0
 43
0.0208333333333333
 43
0.0
 43
0.0
 43
0.0
 43
0.0
 43
1.0
 43
0.0
 43
0.0
 43
0.0
 43
0.0
 43
1.0
 77
     0
 47
0.0208333333333333
 47
0.0
 47
0.0
 47
0.0
 47
0.0
 47
0.0208333333333333
 47
0.0
 47
0.0
 47
0.0
 47
0.0
 47
1.0
 47
0.0
 47
0.0
 47
0.0
 47
0.0
 47
1.0
171
     0
 49
0.0208333333333333
 49
0.0
 49
0.0
 49
0.0
 49
0.0
 49
0.0208333333333333
 49
0.0
 49
0.0
 49
0.0
 49
0.0
 49
1.0
 49
0.0
 49
0.0
 49
0.0
 49
0.0
 49
1.0
175
     0
142
0.0208333333333333
142
0.0
142
0.0
142
0.0
142
0.0
142
0.0208333333333333
142
0.0
142
0.0
142
0.0
142
0.0
142
1.0
142
0.0
142
0.0
142
0.0
142
0.0
142
1.0
179
     0
144
0.0208333333333333
144
0.0
144
0.0
144
0.0
144
0.0
144
0.0208333333333333
144
0.0
144
0.0
144
0.0
144
0.0
144
1.0
144
0.0
144
0.0
144
0.0
144
0.0
144
1.0
147
0.0208333333333333
147
0.0
147
0.0
147
0.0
147
0.0
147
0.0208333333333333
147
0.0
147
0.0
147
0.0
147
0.0
147
1.0
147
0.0
147
0.0
147
0.0
147
0.0
147
1.0
  0
MATERIAL
  5
21
102
{ACAD_XDICTIONARY
360
22
102
}
102
{ACAD_REACTORS
330
10
102
}
330
10
100
AcDbMaterial
  1
Global
 72
     0
 43
0.0208333333333333
 43
0.0
 43
0.0
 43
0.0
 43
0.0
 43
0.0208333333333333
 43
0.0
 43
0.0
 43
0.0
 43
0.0
 43
1.0
 43
0.0
 43
0.0
 43
0.0
 43
0.0
 43
1.0
 77
     0
 47
0.0208333333333333
 47
0.0
 47
0.0
 47
0.0
 47
0.0
 47
0.0208333333333333
 47
0.0
 47
0.0
 47
0.0
 47
0.0
 47
1.0
 47
0.0
 47
0.0
 47
0.0
 47
0.0
 47
1.0
171
     0
 49
0.0208333333333333
 49
0.0
 49
0.0
 49
0.0
 49
0.0
 49
0.0208333333333333
 49
0.0
 49
0.0
 49
0.0
 49
0.0
 49
1.0
 49
0.0
 49
0.0
 49
0.0
 49
0.0
 49
1.0
175
     0
142
0.0208333333333333
142
0.0
142
0.0
142
0.0
142
0.0
142
0.0208333333333333
142
0.0
142
0.0
142
0.0
142
0.0
142
1.0
142
0.0
142
0.0
142
0.0
142
0.0
142
1.0
179
     0
144
0.0208333333333333
144
0.0
144
0.0
144
0.0
144
0.0
144
0.0208333333333333
144
0.0
144
0.0
144
0.0
144
0.0
144
1.0
144
0.0
144
0.0
144
0.0
144
0.0
144
1.0
147
0.0208333333333333
147
0.0
147
0.0
147
0.0
147
0.0
147
0.0208333333333333
147
0.0
147
0.0
147
0.0
147
0.0
147
1.0
147
0.0
147
0.0
147
0.0
147
0.0
147
1.0
  0
MLEADERSTYLE
  5
67
102
{ACAD_REACTORS
330
66
102
}
330
66
100
AcDbMLeaderStyle
179
     2
170
     2
171
     1
172
     0
 90
        2
 40
0.0
 41
0.0
173
     1
 91
-1056964608
340
5B
 92
       -2
290
     1
 42
0.09
291
     1
 43
0.36
  3
Standard
 44
0.18
300

342
55
174
     1
178
     6
175
     1
176
     0
 93
-1056964608
 45
0.18
292
     0
297
     0
 46
0.18
 94
-1056964608
 47
1.0
 49
1.0
140
1.0
293
     1
141
0.0
294
     1
177
     0
142
1.0
295
     1
296
     0
143
0.125
271
     0
272
     9
273
     9
298
     1
  0
MLINESTYLE
  5
60
102
{ACAD_REACTORS
330
5F
102
}
330
5F
100
AcDbMlineStyle
  2
STANDARD
 70
     0
  3

 62
   256
 51
90.0
 52
90.0
 71
     2
 49
0.5
 62
   256
  6
BYLAYER
 49
-0.5
 62
   256
  6
BYLAYER
  0
ACDBPLACEHOLDER
  5
F
102
{ACAD_REACTORS
330
E
102
}
330
E
  0
SCALE
  5
43
102
{ACAD_REACTORS
330
42
102
}
330
42
100
AcDbScale
 70
     0
300
1:1
140
1.0
141
1.0
290
     1
  0
SCALE
  5
44
102
{ACAD_REACTORS
330
42
102
}
330
42
100
AcDbScale
 70
     0
300
1/128" = 1'-0"
140
0.0078125
141
12.0
290
     0
  0
SCALE
  5
45
102
{ACAD_REACTORS
330
42
102
}
330
42
100
AcDbScale
 70
     0
300
1/64" = 1'-0"
140
0.015625
141
12.0
290
     0
  0
SCALE
  5
46
102
{ACAD_REACTORS
330
42
102
}
330
42
100
AcDbScale
 70
     0
300
1/32" = 1'-0"
140
0.03125
141
12.0
290
     0
  0
SCALE
  5
47
102
{ACAD_REACTORS
330
42
102
}
330
42
100
AcDbScale
 70
     0
300
1/16" = 1'-0"
140
0.0625
141
12.0
290
     0
  0
SCALE
  5
48
102
{ACAD_REACTORS
330
42
102
}
330
42
100
AcDbScale
 70
     0
300
3/32" = 1'-0"
140
0.09375
141
12.0
290
     0
  0
SCALE
  5
49
102
{ACAD_REACTORS
330
42
102
}
330
42
100
AcDbScale
 70
     0
300
1/8" = 1'-0"
140
0.125
141
12.0
290
     0
  0
SCALE
  5
4A
102
{ACAD_REACTORS
330
42
102
}
330
42
100
AcDbScale
 70
     0
300
3/16" = 1'-0"
140
0.1875
141
12.0
290
     0
  0
SCALE
  5
4B
102
{ACAD_REACTORS
330
42
102
}
330
42
100
AcDbScale
 70
     0
300
1/4" = 1'-0"
140
0.25
141
12.0
290
     0
  0
SCALE
  5
4C
102
{ACAD_REACTORS
330
42
102
}
330
42
100
AcDbScale
 70
     0
300
3/8" = 1'-0"
140
0.375
141
12.0
290
     0
  0
SCALE
  5
4D
102
{ACAD_REACTORS
330
42
102
}
330
42
100
AcDbScale
 70
     0
300
1/2" = 1'-0"
140
0.5
141
12.0
290
     0
  0
SCALE
  5
4E
102
{ACAD_REACTORS
330
42
102
}
330
42
100
AcDbScale
 70
     0
300
3/4" = 1'-0"
140
0.75
141
12.0
290
     0
  0
SCALE
  5
4F
102
{ACAD_REACTORS
330
42
102
}
330
42
100
AcDbScale
 70
     0
300
1" = 1'-0"
140
1.0
141
12.0
290
     0
  0
SCALE
  5
50
102
{ACAD_REACTORS
330
42
102
}
330
42
100
AcDbScale
 70
     0
300
1-1/2" = 1'-0"
140
1.5
141
12.0
290
     0
  0
SCALE
  5
51
102
{ACAD_REACTORS
330
42
102
}
330
42
100
AcDbScale
 70
     0
300
3" = 1'-0"
140
3.0
141
12.0
290
     0
  0
SCALE
  5
52
102
{ACAD_REACTORS
330
42
102
}
330
42
100
AcDbScale
 70
     0
300
6" = 1'-0"
140
6.0
141
12.0
290
     0
  0
SCALE
  5
53
102
{ACAD_REACTORS
330
42
102
}
330
42
100
AcDbScale
 70
     0
300
1'-0" = 1'-0"
140
12.0
141
12.0
290
     0
  0
ACDBSECTIONVIEWSTYLE
  5
69
102
{ACAD_REACTORS
330
68
102
}
330
68
100
AcDbModelDocViewStyle
 70
     0
  3
Imperial24
290
     1
300
Imperial24
 90
        0
100
AcDbSectionViewStyle
 70
     0
 71
     0
 90
       78
 71
     1
340
55
 62
   256
 40
0.24
340
0
340
0
 62
   256
 40
0.24
300
I, O, Q, S, X, Z
 40
0.48
 90
        3
 40
0.18
 90
        1
 71
     2
340
5D
 90
       25
 62
   256
340
5D
 90
       50
 62
   256
 40
0.24
 40
0.0
 40
0.24
 71
     3
340
55
 62
   256
 40
0.24
 90
        1
 40
0.75
 90
        1
300
%<\AcVar ViewType \f "%tc1">% %<\AcVar ViewSectionStartId>%-%<\AcVar ViewSectionEndId>%\PSCALE %<\AcVar ViewScale \f "%sn">%
 71
     4
 62
   256
 62
   257
300
ANSI31
 40
1.0
 90
        0
290
     0
290
     0
 90
        6
 40
0.0
 40
1.570796326794896
 40
0.2617993877991494
 40
1.308996938995747
 40
-0.2617993877991494
 40
1.832595714594046
  0
TABLESTYLE
  5
65
102
{ACAD_XDICTIONARY
360
80D
102
}
102
{ACAD_REACTORS
330
64
102
}
330
64
100
AcDbTableStyle
280
     0
  3
Standard
 70
     0
 71
     0
 40
0.06
 41
0.06
280
     0
281
     0
  7
Standard
140
0.18
170
     2
 62
     0
 63
     7
283
     0
 90
      512
 91
        0
  1

274
    -2
284
     1
 64
     0
275
    -2
285
     1
 65
     0
276
    -2
286
     1
 66
     0
277
    -2
287
     1
 67
     0
278
    -2
288
     1
 68
     0
279
    -2
289
     1
 69
     0
  7
Standard
140
0.25
170
     5
 62
     0
 63
     7
283
     0
 90
      512
 91
        0
  1

274
    -2
284
     1
 64
     0
275
    -2
285
     1
 65
     0
276
    -2
286
     1
 66
     0
277
    -2
287
     1
 67
     0
278
    -2
288
     1
 68
     0
279
    -2
289
     1
 69
     0
  7
Standard
140
0.18
170
     5
 62
     0
 63
     7
283
     0
 90
      512
 91
        0
  1

274
    -2
284
     1
 64
     0
275
    -2
285
     1
 65
     0
276
    -2
286
     1
 66
     0
277
    -2
287
     1
 67
     0
278
    -2
288
     1
 68
     0
279
    -2
289
     1
 69
     0
  0
VISUALSTYLE
  5
2F
102
{ACAD_REACTORS
330
29
102
}
330
29
100
AcDbVisualStyle
  2
2dWireframe
 70
     4
177
     3
291
     0
 70
    58
 90
        0
176
     1
 90
        2
176
     1
 90
        0
176
     1
 90
        0
176
     1
 40
0.6
176
     1
 40
30.0
176
     1
 62
     7
420
 16777215
176
     1
 90
        1
176
     1
 90
        4
176
     1
 62
     7
176
     1
 62
   257
176
     1
 90
        1
176
     1
 90
        1
176
     1
 40
1.0
176
     1
 90
        0
176
     1
 62
   257
176
     1
 40
1.0
176
     1
 90
        1
176
     1
 90
        6
176
     1
 90
        2
176
     1
 62
     7
176
     1
 90
        5
176
     1
 90
        0
176
     1
 90
        0
176
     1
290
     0
176
     1
 90
        1
176
     1
 40
0.0
176
     1
 90
        0
176
     1
290
     1
176
     1
290
     1
176
     1
290
     0
176
     1
290
     0
176
     1
290
     0
176
     1
290
     0
176
     1
290
     0
176
     1
290
     0
176
     1
290
     0
176
     1
 90
       50
176
     1
 40
0.0
176
     1
 40
1.0
176
     1
 90
        0
176
     1
 62
    18
420
        0
176
     1
 90
       50
176
     1
 90
        3
176
     1
 62
     5
420
      255
176
     1
290
     0
176
     1
 90
       50
176
     1
 90
       50
176
     1
 90
       50
176
     1
290
     0
176
     1
 90
       50
176
     1
 62
   256
176
     0
 40
1.0
176
     0
 90
        2
176
     1
  1
strokes_ogs.tif
176
     1
290
     0
176
     1
 40
1.0
176
     1
 40
1.0
176
     1
  0
VISUALSTYLE
  5
2E
102
{ACAD_REACTORS
330
29
102
}
330
29
100
AcDbVisualStyle
  2
Basic
 70
     7
177
     3
291
     1
 70
    58
 90
        1
176
     1
 90
        0
176
     1
 90
        1
176
     1
 90
        0
176
     1
 40
0.6
176
     1
 40
30.0
176
     1
 62
     7
420
 16777215
176
     1
 90
        0
176
     1
 90
        4
176
     1
 62
     7
176
     1
 62
   257
176
     1
 90
        1
176
     1
 90
        1
176
     1
 40
1.0
176
     1
 90
        8
176
     1
 62
     7
176
     1
 40
1.0
176
     1
 90
        1
176
     1
 90
        6
176
     1
 90
        2
176
     1
 62
     7
176
     1
 90
        5
176
     1
 90
        0
176
     1
 90
        0
176
     1
290
     0
176
     1
 90
        1
176
     1
 40
0.0
176
     1
 90
        0
176
     1
290
     0
176
     1
290
     1
176
     1
290
     1
176
     1
290
     0
176
     1
290
     0
176
     1
290
     0
176
     1
290
     0
176
     1
290
     0
176
     1
290
     0
176
     1
 90
       50
176
     1
 40
0.0
176
     1
 40
1.0
176
     1
 90
        0
176
     1
 62
    18
420
        0
176
     1
 90
       50
176
     1
 90
        3
176
     1
 62
     5
420
      255
176
     1
290
     0
176
     1
 90
       50
176
     1
 90
       50
176
     1
 90
       50
176
     1
290
     0
176
     1
 90
       50
176
     1
 62
   256
176
     0
 40
1.0
176
     0
 90
        2
176
     1
  1
strokes_ogs.tif
176
     1
290
     0
176
     1
 40
1.0
176
     1
 40
1.0
176
     1
  0
VISUALSTYLE
  5
35
102
{ACAD_REACTORS
330
29
102
}
330
29
100
AcDbVisualStyle
  2
Brighten
 70
    12
177
     3
291
     1
 70
    58
 90
        2
176
     1
 90
        2
176
     1
 90
        0
176
     1
 90
        0
176
     1
 40
0.6
176
     1
 40
30.0
176
     1
 62
     7
420
 16777215
176
     1
 90
        1
176
     1
 90
        4
176
     1
 62
     7
176
     1
 62
   257
176
     1
 90
        1
176
     1
 90
        1
176
     1
 40
1.0
176
     1
 90
        8
176
     1
 62
     7
176
     1
 40
1.0
176
     1
 90
        1
176
     1
 90
        6
176
     1
 90
        2
176
     1
 62
     7
176
     1
 90
        5
176
     1
 90
        0
176
     1
 90
        0
176
     1
290
     0
176
     1
 90
        1
176
     1
 40
50.0
176
     1
 90
        0
176
     1
290
     0
176
     1
290
     1
176
     1
290
     1
176
     1
290
     0
176
     1
290
     0
176
     1
290
     0
176
     1
290
     0
176
     1
290
     0
176
     1
290
     0
176
     1
 90
       50
176
     1
 40
0.0
176
     1
 40
1.0
176
     1
 90
        0
176
     1
 62
    18
420
        0
176
     1
 90
       50
176
     1
 90
        3
176
     1
 62
     5
420
      255
176
     1
290
     0
176
     1
 90
       50
176
     1
 90
       50
176
     1
 90
       50
176
     1
290
     0
176
     1
 90
       50
176
     1
 62
   256
176
     0
 40
1.0
176
     0
 90
        2
176
     1
  1
strokes_ogs.tif
176
     1
290
     0
176
     1
 40
1.0
176
     1
 40
1.0
176
     1
  0
VISUALSTYLE
  5
39
102
{ACAD_REACTORS
330
29
102
}
330
29
100
AcDbVisualStyle
  2
ColorChange
 70
    16
177
     3
291
     1
 70
    58
 90
        2
176
     1
 90
        2
176
     1
 90
        3
176
     1
 90
        0
176
     1
 40
0.6
176
     1
 40
30.0
176
     1
 62
     8
420
  8421504
176
     1
 90
        1
176
     1
 90
        4
176
     1
 62
     7
176
     1
 62
   257
176
     1
 90
        1
176
     1
 90
        1
176
     1
 40
1.0
176
     1
 90
        8
176
     1
 62
     8
420
  8421504
176
     1
 40
1.0
176
     1
 90
        1
176
     1
 90
        6
176
     1
 90
        2
176
     1
 62
     7
176
     1
 90
        5
176
     1
 90
        0
176
     1
 90
        0
176
     1
290
     0
176
     1
 90
        1
176
     1
 40
0.0
176
     1
 90
        0
176
     1
290
     0
176
     1
290
     1
176
     1
290
     1
176
     1
290
     0
176
     1
290
     0
176
     1
290
     0
176
     1
290
     0
176
     1
290
     0
176
     1
290
     0
176
     1
 90
       50
176
     1
 40
0.0
176
     1
 40
1.0
176
     1
 90
        0
176
     1
 62
    18
420
        0
176
     1
 90
       50
176
     1
 90
        3
176
     1
 62
     5
420
      255
176
     1
290
     0
176
     1
 90
       50
176
     1
 90
       50
176
     1
 90
       50
176
     1
290
     0
176
     1
 90
       50
176
     1
 62
   256
176
     0
 40
1.0
176
     0
 90
        2
176
     1
  1
strokes_ogs.tif
176
     1
290
     0
176
     1
 40
1.0
176
     1
 40
1.0
176
     1
  0
VISUALSTYLE
  5
32
102
{ACAD_REACTORS
330
29
102
}
330
29
100
AcDbVisualStyle
  2
Conceptual
 70
     9
177
     3
291
     0
 70
    58
 90
        3
176
     1
 90
        2
176
     1
 90
        0
176
     1
 90
        0
176
     1
 40
0.6
176
     1
 40
30.0
176
     1
 62
     7
420
 16777215
176
     1
 90
        2
176
     1
 90
        2
176
     1
 62
     7
176
     1
 62
   257
176
     1
 90
        1
176
     1
 90
        1
176
     1
 40
179.0
176
     1
 90
        8
176
     1
 62
     7
176
     1
 40
1.0
176
     1
 90
        1
176
     1
 90
        6
176
     1
 90
        2
176
     1
 62
     7
176
     1
 90
        3
176
     1
 90
        0
176
     1
 90
        0
176
     1
290
     0
176
     1
 90
        1
176
     1
 40
0.0
176
     1
 90
        0
176
     1
290
     0
176
     1
290
     1
176
     1
290
     1
176
     1
290
     0
176
     1
290
     0
176
     1
290
     0
176
     1
290
     0
176
     1
290
     0
176
     1
290
     0
176
     1
 90
       50
176
     1
 40
0.0
176
     1
 40
1.0
176
     1
 90
        0
176
     1
 62
    18
420
        0
176
     1
 90
       50
176
     1
 90
        3
176
     1
 62
     5
420
      255
176
     1
290
     0
176
     1
 90
       50
176
     1
 90
       50
176
     1
 90
       50
176
     1
290
     0
176
     1
 90
       50
176
     1
 62
   256
176
     0
 40
1.0
176
     0
 90
        2
176
     1
  1
strokes_ogs.tif
176
     1
290
     0
176
     1
 40
1.0
176
     1
 40
1.0
176
     1
  0
VISUALSTYLE
  5
34
102
{ACAD_REACTORS
330
29
102
}
330
29
100
AcDbVisualStyle
  2
Dim
 70
    11
177
     3
291
     1
 70
    58
 90
        2
176
     1
 90
        2
176
     1
 90
        0
176
     1
 90
        0
176
     1
 40
0.6
176
     1
 40
30.0
176
     1
 62
     7
420
 16777215
176
     1
 90
        1
176
     1
 90
        4
176
     1
 62
     7
176
     1
 62
   257
176
     1
 90
        1
176
     1
 90
        1
176
     1
 40
1.0
176
     1
 90
        8
176
     1
 62
     7
176
     1
 40
1.0
176
     1
 90
        1
176
     1
 90
        6
176
     1
 90
        2
176
     1
 62
     7
176
     1
 90
        5
176
     1
 90
        0
176
     1
 90
        0
176
     1
290
     0
176
     1
 90
        1
176
     1
 40
-50.0
176
     1
 90
        0
176
     1
290
     0
176
     1
290
     1
176
     1
290
     1
176
     1
290
     0
176
     1
290
     0
176
     1
290
     0
176
     1
290
     0
176
     1
290
     0
176
     1
290
     0
176
     1
 90
       50
176
     1
 40
0.0
176
     1
 40
1.0
176
     1
 90
        0
176
     1
 62
    18
420
        0
176
     1
 90
       50
176
     1
 90
        3
176
     1
 62
     5
420
      255
176
     1
290
     0
176
     1
 90
       50
176
     1
 90
       50
176
     1
 90
       50
176
     1
290
     0
176
     1
 90
       50
176
     1
 62
   256
176
     0
 40
1.0
176
     0
 90
        2
176
     1
  1
strokes_ogs.tif
176
     1
290
     0
176
     1
 40
1.0
176
     1
 40
1.0
176
     1
  0
VISUALSTYLE
  5
41
102
{ACAD_REACTORS
330
29
102
}
330
29
100
AcDbVisualStyle
  2
EdgeColorOff
 70
    22
177
     3
291
     1
 70
    58
 90
        2
176
     0
 90
        2
176
     0
 90
        0
176
     0
 90
        0
176
     0
 40
0.6
176
     0
 40
30.0
176
     0
 62
     7
420
 16777215
176
     0
 90
        1
176
     0
 90
        4
176
     0
 62
     7
176
     0
 62
   257
176
     0
 90
        1
176
     0
 90
        1
176
     0
 40
1.0
176
     0
 90
        8
176
     2
 62
     7
176
     0
 40
1.0
176
     0
 90
        1
176
     0
 90
        6
176
     0
 90
        2
176
     0
 62
     7
176
     0
 90
        5
176
     0
 90
        0
176
     0
 90
        0
176
     0
290
     0
176
     0
 90
        1
176
     0
 40
0.0
176
     0
 90
        0
176
     0
290
     0
176
     0
290
     1
176
     0
290
     1
176
     0
290
     0
176
     0
290
     0
176
     0
290
     0
176
     0
290
     0
176
     0
290
     0
176
     0
290
     0
176
     0
 90
       50
176
     0
 40
0.0
176
     0
 40
1.0
176
     0
 90
        0
176
     0
 62
    18
420
        0
176
     0
 90
       50
176
     0
 90
        3
176
     0
 62
     5
420
      255
176
     0
290
     0
176
     0
 90
       50
176
     0
 90
       50
176
     0
 90
       50
176
     0
290
     0
176
     0
 90
       50
176
     0
 62
   256
176
     0
 40
1.0
176
     0
 90
        2
176
     0
  1
strokes_ogs.tif
176
     0
290
     0
176
     0
 40
1.0
176
     0
 40
1.0
176
     0
  0
VISUALSTYLE
  5
38
102
{ACAD_REACTORS
330
29
102
}
330
29
100
AcDbVisualStyle
  2
Facepattern
 70
    15
177
     3
291
     1
 70
    58
 90
        2
176
     1
 90
        2
176
     1
 90
        0
176
     1
 90
        0
176
     1
 40
0.6
176
     1
 40
30.0
176
     1
 62
     7
420
 16777215
176
     1
 90
        1
176
     1
 90
        4
176
     1
 62
     7
176
     1
 62
   257
176
     1
 90
        1
176
     1
 90
        1
176
     1
 40
1.0
176
     1
 90
        8
176
     1
 62
     7
176
     1
 40
1.0
176
     1
 90
        1
176
     1
 90
        6
176
     1
 90
        2
176
     1
 62
     7
176
     1
 90
        5
176
     1
 90
        0
176
     1
 90
        0
176
     1
290
     0
176
     1
 90
        1
176
     1
 40
0.0
176
     1
 90
        0
176
     1
290
     0
176
     1
290
     1
176
     1
290
     1
176
     1
290
     0
176
     1
290
     0
176
     1
290
     0
176
     1
290
     0
176
     1
290
     0
176
     1
290
     0
176
     1
 90
       50
176
     1
 40
0.0
176
     1
 40
1.0
176
     1
 90
        0
176
     1
 62
    18
420
        0
176
     1
 90
       50
176
     1
 90
        3
176
     1
 62
     5
420
      255
176
     1
290
     0
176
     1
 90
       50
176
     1
 90
       50
176
     1
 90
       50
176
     1
290
     0
176
     1
 90
       50
176
     1
 62
   256
176
     0
 40
1.0
176
     0
 90
        2
176
     1
  1
strokes_ogs.tif
176
     1
290
     0
176
     1
 40
1.0
176
     1
 40
1.0
176
     1
  0
VISUALSTYLE
  5
2A
102
{ACAD_REACTORS
330
29
102
}
330
29
100
AcDbVisualStyle
  2
Flat
 70
     0
177
     3
291
     1
 70
    58
 90
        2
176
     1
 90
        1
176
     1
 90
        1
176
     1
 90
        2
176
     1
 40
0.6
176
     1
 40
30.0
176
     1
 62
     7
420
 16777215
176
     1
 90
        0
176
     1
 90
        0
176
     1
 62
     7
176
     1
 62
   257
176
     1
 90
        1
176
     1
 90
        1
176
     1
 40
1.0
176
     1
 90
        8
176
     1
 62
     7
176
     1
 40
1.0
176
     1
 90
        1
176
     1
 90
        6
176
     1
 90
        2
176
     1
 62
     7
176
     1
 90
        5
176
     1
 90
        0
176
     1
 90
        0
176
     1
290
     0
176
     1
 90
       13
176
     1
 40
0.0
176
     1
 90
        0
176
     1
290
     0
176
     1
290
     1
176
     1
290
     1
176
     1
290
     0
176
     1
290
     0
176
     1
290
     0
176
     1
290
     0
176
     1
290
     0
176
     1
290
     0
176
     1
 90
       50
176
     1
 40
0.0
176
     1
 40
1.0
176
     1
 90
        0
176
     1
 62
    18
420
        0
176
     1
 90
       50
176
     1
 90
        3
176
     1
 62
     5
420
      255
176
     1
290
     0
176
     1
 90
       50
176
     1
 90
       50
176
     1
 90
       50
176
     1
290
     0
176
     1
 90
       50
176
     1
 62
   256
176
     0
 40
1.0
176
     0
 90
        2
176
     1
  1
strokes_ogs.tif
176
     1
290
     0
176
     1
 40
1.0
176
     1
 40
1.0
176
     1
  0
VISUALSTYLE
  5
2B
102
{ACAD_REACTORS
330
29
102
}
330
29
100
AcDbVisualStyle
  2
FlatWithEdges
 70
     1
177
     3
291
     1
 70
    58
 90
        2
176
     1
 90
        1
176
     1
 90
        1
176
     1
 90
        2
176
     1
 40
0.6
176
     1
 40
30.0
176
     1
 62
     7
420
 16777215
176
     1
 90
        1
176
     1
 90
        0
176
     1
 62
     7
176
     1
 62
   257
176
     1
 90
        1
176
     1
 90
        1
176
     1
 40
1.0
176
     1
 90
        0
176
     1
 62
   257
176
     1
 40
1.0
176
     1
 90
        1
176
     1
 90
        6
176
     1
 90
        2
176
     1
 62
     7
176
     1
 90
        5
176
     1
 90
        0
176
     1
 90
        0
176
     1
290
     0
176
     1
 90
       13
176
     1
 40
0.0
176
     1
 90
        0
176
     1
290
     0
176
     1
290
     1
176
     1
290
     1
176
     1
290
     0
176
     1
290
     0
176
     1
290
     0
176
     1
290
     0
176
     1
290
     0
176
     1
290
     0
176
     1
 90
       50
176
     1
 40
0.0
176
     1
 40
1.0
176
     1
 90
        0
176
     1
 62
    18
420
        0
176
     1
 90
       50
176
     1
 90
        3
176
     1
 62
     5
420
      255
176
     1
290
     0
176
     1
 90
       50
176
     1
 90
       50
176
     1
 90
       50
176
     1
290
     0
176
     1
 90
       50
176
     1
 62
   256
176
     0
 40
1.0
176
     0
 90
        2
176
     1
  1
strokes_ogs.tif
176
     1
290
     0
176
     1
 40
1.0
176
     1
 40
1.0
176
     1
  0
VISUALSTYLE
  5
2C
102
{ACAD_REACTORS
330
29
102
}
330
29
100
AcDbVisualStyle
  2
Gouraud
 70
     2
177
     3
291
     1
 70
    58
 90
        2
176
     1
 90
        2
176
     1
 90
        1
176
     1
 90
        2
176
     1
 40
0.6
176
     1
 40
30.0
176
     1
 62
     7
420
 16777215
176
     1
 90
        0
176
     1
 90
        0
176
     1
 62
     7
176
     1
 62
   257
176
     1
 90
        1
176
     1
 90
        1
176
     1
 40
1.0
176
     1
 90
        0
176
     1
 62
     7
176
     1
 40
1.0
176
     1
 90
        1
176
     1
 90
        6
176
     1
 90
        2
176
     1
 62
     7
176
     1
 90
        5
176
     1
 90
        0
176
     1
 90
        0
176
     1
290
     0
176
     1
 90
       13
176
     1
 40
0.0
176
     1
 90
        0
176
     1
290
     0
176
     1
290
     1
176
     1
290
     1
176
     1
290
     0
176
     1
290
     0
176
     1
290
     0
176
     1
290
     0
176
     1
290
     0
176
     1
290
     0
176
     1
 90
       50
176
     1
 40
0.0
176
     1
 40
1.0
176
     1
 90
        0
176
     1
 62
    18
420
        0
176
     1
 90
       50
176
     1
 90
        3
176
     1
 62
     5
420
      255
176
     1
290
     0
176
     1
 90
       50
176
     1
 90
       50
176
     1
 90
       50
176
     1
290
     0
176
     1
 90
       50
176
     1
 62
   256
176
     0
 40
1.0
176
     0
 90
        2
176
     1
  1
strokes_ogs.tif
176
     1
290
     0
176
     1
 40
1.0
176
     1
 40
1.0
176
     1
  0
VISUALSTYLE
  5
2D
102
{ACAD_REACTORS
330
29
102
}
330
29
100
AcDbVisualStyle
  2
GouraudWithEdges
 70
     3
177
     3
291
     1
 70
    58
 90
        2
176
     1
 90
        2
176
     1
 90
        1
176
     1
 90
        2
176
     1
 40
0.6
176
     1
 40
30.0
176
     1
 62
     7
420
 16777215
176
     1
 90
        1
176
     1
 90
        0
176
     1
 62
     7
176
     1
 62
   257
176
     1
 90
        1
176
     1
 90
        1
176
     1
 40
1.0
176
     1
 90
        0
176
     1
 62
   257
176
     1
 40
1.0
176
     1
 90
        1
176
     1
 90
        6
176
     1
 90
        2
176
     1
 62
     7
176
     1
 90
        5
176
     1
 90
        0
176
     1
 90
        0
176
     1
290
     0
176
     1
 90
       13
176
     1
 40
0.0
176
     1
 90
        0
176
     1
290
     0
176
     1
290
     1
176
     1
290
     1
176
     1
290
     0
176
     1
290
     0
176
     1
290
     0
176
     1
290
     0
176
     1
290
     0
176
     1
290
     0
176
     1
 90
       50
176
     1
 40
0.0
176
     1
 40
1.0
176
     1
 90
        0
176
     1
 62
    18
420
        0
176
     1
 90
       50
176
     1
 90
        3
176
     1
 62
     5
420
      255
176
     1
290
     0
176
     1
 90
       50
176
     1
 90
       50
176
     1
 90
       50
176
     1
290
     0
176
     1
 90
       50
176
     1
 62
   256
176
     0
 40
1.0
176
     0
 90
        2
176
     1
  1
strokes_ogs.tif
176
     1
290
     0
176
     1
 40
1.0
176
     1
 40
1.0
176
     1
  0
VISUALSTYLE
  5
31
102
{ACAD_REACTORS
330
29
102
}
330
29
100
AcDbVisualStyle
  2
Hidden
 70
     6
177
     3
291
     0
 70
    58
 90
        1
176
     1
 90
        2
176
     1
 90
        2
176
     1
 90
        0
176
     1
 40
0.6
176
     1
 40
30.0
176
     1
 62
     7
420
 16777215
176
     1
 90
        2
176
     1
 90
        2
176
     1
 62
     7
176
     1
 62
   257
176
     1
 90
        2
176
     1
 90
        1
176
     1
 40
40.0
176
     1
 90
        0
176
     1
 62
   257
176
     1
 40
1.0
176
     1
 90
        1
176
     1
 90
        6
176
     1
 90
        2
176
     1
 62
     7
176
     1
 90
        3
176
     1
 90
        0
176
     1
 90
        0
176
     1
290
     0
176
     1
 90
        1
176
     1
 40
0.0
176
     1
 90
        0
176
     1
290
     0
176
     1
290
     1
176
     1
290
     1
176
     1
290
     0
176
     1
290
     0
176
     1
290
     0
176
     1
290
     0
176
     1
290
     0
176
     1
290
     0
176
     1
 90
       50
176
     1
 40
0.0
176
     1
 40
1.0
176
     1
 90
        0
176
     1
 62
    18
420
        0
176
     1
 90
       50
176
     1
 90
        3
176
     1
 62
     5
420
      255
176
     1
290
     0
176
     1
 90
       50
176
     1
 90
       50
176
     1
 90
       50
176
     1
290
     0
176
     1
 90
       50
176
     1
 62
   256
176
     0
 40
1.0
176
     0
 90
        2
176
     1
  1
strokes_ogs.tif
176
     1
290
     0
176
     1
 40
1.0
176
     1
 40
1.0
176
     1
  0
VISUALSTYLE
  5
3F
102
{ACAD_REACTORS
330
29
102
}
330
29
100
AcDbVisualStyle
  2
JitterOff
 70
    20
177
     3
291
     1
 70
    58
 90
        2
176
     0
 90
        2
176
     0
 90
        0
176
     0
 90
        0
176
     0
 40
0.6
176
     0
 40
30.0
176
     0
 62
     7
420
 16777215
176
     0
 90
        1
176
     0
 90
        4
176
     0
 62
     7
176
     0
 62
   257
176
     0
 90
        1
176
     0
 90
        1
176
     0
 40
1.0
176
     0
 90
       10
176
     2
 62
     7
176
     0
 40
1.0
176
     0
 90
        1
176
     0
 90
        6
176
     0
 90
        2
176
     0
 62
     7
176
     0
 90
        5
176
     0
 90
        0
176
     0
 90
        0
176
     0
290
     0
176
     0
 90
        1
176
     0
 40
0.0
176
     0
 90
        0
176
     0
290
     0
176
     0
290
     1
176
     0
290
     1
176
     0
290
     0
176
     0
290
     0
176
     0
290
     0
176
     0
290
     0
176
     0
290
     0
176
     0
290
     0
176
     0
 90
       50
176
     0
 40
0.0
176
     0
 40
1.0
176
     0
 90
        0
176
     0
 62
    18
420
        0
176
     0
 90
       50
176
     0
 90
        3
176
     0
 62
     5
420
      255
176
     0
290
     0
176
     0
 90
       50
176
     0
 90
       50
176
     0
 90
       50
176
     0
290
     0
176
     0
 90
       50
176
     0
 62
   256
176
     0
 40
1.0
176
     0
 90
        2
176
     0
  1
strokes_ogs.tif
176
     0
290
     0
176
     0
 40
1.0
176
     0
 40
1.0
176
     0
  0
VISUALSTYLE
  5
37
102
{ACAD_REACTORS
330
29
102
}
330
29
100
AcDbVisualStyle
  2
Linepattern
 70
    14
177
     3
291
     1
 70
    58
 90
        2
176
     1
 90
        2
176
     1
 90
        0
176
     1
 90
        0
176
     1
 40
0.6
176
     1
 40
30.0
176
     1
 62
     7
420
 16777215
176
     1
 90
        1
176
     1
 90
        4
176
     1
 62
     7
176
     1
 62
   257
176
     1
 90
        7
176
     1
 90
        7
176
     1
 40
1.0
176
     1
 90
        8
176
     1
 62
     7
176
     1
 40
1.0
176
     1
 90
        1
176
     1
 90
        6
176
     1
 90
        2
176
     1
 62
     7
176
     1
 90
        5
176
     1
 90
        0
176
     1
 90
        0
176
     1
290
     0
176
     1
 90
        1
176
     1
 40
0.0
176
     1
 90
        0
176
     1
290
     0
176
     1
290
     1
176
     1
290
     1
176
     1
290
     0
176
     1
290
     0
176
     1
290
     0
176
     1
290
     0
176
     1
290
     0
176
     1
290
     0
176
     1
 90
       50
176
     1
 40
0.0
176
     1
 40
1.0
176
     1
 90
        0
176
     1
 62
    18
420
        0
176
     1
 90
       50
176
     1
 90
        3
176
     1
 62
     5
420
      255
176
     1
290
     0
176
     1
 90
       50
176
     1
 90
       50
176
     1
 90
       50
176
     1
290
     0
176
     1
 90
       50
176
     1
 62
   256
176
     0
 40
1.0
176
     0
 90
        2
176
     1
  1
strokes_ogs.tif
176
     1
290
     0
176
     1
 40
1.0
176
     1
 40
1.0
176
     1
  0
VISUALSTYLE
  5
40
102
{ACAD_REACTORS
330
29
102
}
330
29
100
AcDbVisualStyle
  2
OverhangOff
 70
    21
177
     3
291
     1
 70
    58
 90
        2
176
     0
 90
        2
176
     0
 90
        0
176
     0
 90
        0
176
     0
 40
0.6
176
     0
 40
30.0
176
     0
 62
     7
420
 16777215
176
     0
 90
        1
176
     0
 90
        4
176
     0
 62
     7
176
     0
 62
   257
176
     0
 90
        1
176
     0
 90
        1
176
     0
 40
1.0
176
     0
 90
        9
176
     2
 62
     7
176
     0
 40
1.0
176
     0
 90
        1
176
     0
 90
        6
176
     0
 90
        2
176
     0
 62
     7
176
     0
 90
        5
176
     0
 90
        0
176
     0
 90
        0
176
     0
290
     0
176
     0
 90
        1
176
     0
 40
0.0
176
     0
 90
        0
176
     0
290
     0
176
     0
290
     1
176
     0
290
     1
176
     0
290
     0
176
     0
290
     0
176
     0
290
     0
176
     0
290
     0
176
     0
290
     0
176
     0
290
     0
176
     0
 90
       50
176
     0
 40
0.0
176
     0
 40
1.0
176
     0
 90
        0
176
     0
 62
    18
420
        0
176
     0
 90
       50
176
     0
 90
        3
176
     0
 62
     5
420
      255
176
     0
290
     0
176
     0
 90
       50
176
     0
 90
       50
176
     0
 90
       50
176
     0
290
     0
176
     0
 90
       50
176
     0
 62
   256
176
     0
 40
1.0
176
     0
 90
        2
176
     0
  1
strokes_ogs.tif
176
     0
290
     0
176
     0
 40
1.0
176
     0
 40
1.0
176
     0
  0
VISUALSTYLE
  5
33
102
{ACAD_REACTORS
330
29
102
}
330
29
100
AcDbVisualStyle
  2
Realistic
 70
     8
177
     3
291
     0
 70
    58
 90
        2
176
     1
 90
        3
176
     1
 90
        0
176
     1
 90
        2
176
     1
 40
0.6
176
     1
 40
30.0
176
     1
 62
     7
420
 16777215
176
     1
 90
        0
176
     1
 90
        0
176
     1
 62
     7
176
     1
 62
   257
176
     1
 90
        1
176
     1
 90
        1
176
     1
 40
1.0
176
     1
 90
        8
176
     1
 62
   257
176
     1
 40
1.0
176
     1
 90
        1
176
     1
 90
        6
176
     1
 90
        2
176
     1
 62
     7
176
     1
 90
        3
176
     1
 90
        0
176
     1
 90
        0
176
     1
290
     0
176
     1
 90
       13
176
     1
 40
0.0
176
     1
 90
        0
176
     1
290
     0
176
     1
290
     1
176
     1
290
     1
176
     1
290
     0
176
     1
290
     0
176
     1
290
     0
176
     1
290
     0
176
     1
290
     0
176
     1
290
     0
176
     1
 90
       50
176
     1
 40
0.0
176
     1
 40
1.0
176
     1
 90
        0
176
     1
 62
    18
420
        0
176
     1
 90
       50
176
     1
 90
        3
176
     1
 62
     5
420
      255
176
     1
290
     0
176
     1
 90
       50
176
     1
 90
       50
176
     1
 90
       50
176
     1
290
     0
176
     1
 90
       50
176
     1
 62
   256
176
     0
 40
1.0
176
     0
 90
        2
176
     1
  1
strokes_ogs.tif
176
     1
290
     0
176
     1
 40
1.0
176
     1
 40
1.0
176
     1
  0
VISUALSTYLE
  5
3E
102
{ACAD_REACTORS
330
29
102
}
330
29
100
AcDbVisualStyle
  2
Shaded
 70
    27
177
     3
291
     0
 70
    58
 90
        2
176
     1
 90
        2
176
     1
 90
        1
176
     1
 90
        2
176
     1
 40
0.6
176
     1
 40
30.0
176
     1
 62
     7
420
 16777215
176
     1
 90
        0
176
     1
 90
        4
176
     1
 62
     7
176
     1
 62
   257
176
     1
 90
        1
176
     1
 90
        1
176
     1
 40
1.0
176
     1
 90
        8
176
     1
 62
   257
176
     1
 40
1.0
176
     1
 90
        1
176
     1
 90
        6
176
     1
 90
        2
176
     1
 62
     8
420
  7895160
176
     1
 90
        3
176
     1
 90
        0
176
     1
 90
        0
176
     1
290
     0
176
     1
 90
        5
176
     1
 40
0.0
176
     1
 90
        0
176
     1
290
     0
176
     1
290
     1
176
     1
290
     1
176
     1
290
     0
176
     1
290
     0
176
     1
290
     0
176
     1
290
     0
176
     1
290
     0
176
     1
290
     0
176
     1
 90
       50
176
     1
 40
0.0
176
     1
 40
1.0
176
     1
 90
        0
176
     1
 62
    18
420
        0
176
     1
 90
       50
176
     1
 90
        3
176
     1
 62
     5
420
      255
176
     1
290
     0
176
     1
 90
       50
176
     1
 90
       50
176
     1
 90
       50
176
     1
290
     0
176
     1
 90
       50
176
     1
 62
   256
176
     0
 40
1.0
176
     0
 90
        2
176
     1
  1
strokes_ogs.tif
176
     1
290
     0
176
     1
 40
1.0
176
     1
 40
1.0
176
     1
  0
VISUALSTYLE
  5
3D
102
{ACAD_REACTORS
330
29
102
}
330
29
100
AcDbVisualStyle
  2
Shaded with edges
 70
    26
177
     3
291
     0
 70
    58
 90
        2
176
     1
 90
        2
176
     1
 90
        1
176
     1
 90
        2
176
     1
 40
0.6
176
     1
 40
30.0
176
     1
 62
     7
420
 16777215
176
     1
 90
        1
176
     1
 90
        2
176
     1
 62
     7
176
     1
 62
   257
176
     1
 90
        2
176
     1
 90
        1
176
     1
 40
1.0
176
     1
 90
        8
176
     1
 62
   257
176
     1
 40
1.0
176
     1
 90
        1
176
     1
 90
        6
176
     1
 90
        2
176
     1
 62
     7
176
     1
 90
        3
176
     1
 90
        0
176
     1
 90
        0
176
     1
290
     0
176
     1
 90
        5
176
     1
 40
0.0
176
     1
 90
        0
176
     1
290
     0
176
     1
290
     1
176
     1
290
     1
176
     1
290
     0
176
     1
290
     0
176
     1
290
     0
176
     1
290
     0
176
     1
290
     0
176
     1
290
     0
176
     1
 90
       50
176
     1
 40
0.0
176
     1
 40
1.0
176
     1
 90
        0
176
     1
 62
    18
420
        0
176
     1
 90
       50
176
     1
 90
        3
176
     1
 62
     5
420
      255
176
     1
290
     0
176
     1
 90
       50
176
     1
 90
       50
176
     1
 90
       50
176
     1
290
     0
176
     1
 90
       50
176
     1
 62
   256
176
     0
 40
1.0
176
     0
 90
        2
176
     1
  1
strokes_ogs.tif
176
     1
290
     0
176
     1
 40
1.0
176
     1
 40
1.0
176
     1
  0
VISUALSTYLE
  5
3A
102
{ACAD_REACTORS
330
29
102
}
330
29
100
AcDbVisualStyle
  2
Shades of Gray
 70
    23
177
     3
291
     0
 70
    58
 90
        2
176
     1
 90
        2
176
     1
 90
        3
176
     1
 90
        0
176
     1
 40
0.6
176
     1
 40
30.0
176
     1
 62
     7
420
 16777215
176
     1
 90
        2
176
     1
 90
        2
176
     1
 62
     7
176
     1
 62
     7
176
     1
 90
        1
176
     1
 90
        1
176
     1
 40
40.0
176
     1
 90
        8
176
     1
 62
     7
176
     1
 40
1.0
176
     1
 90
        1
176
     1
 90
        6
176
     1
 90
        2
176
     1
 62
     7
176
     1
 90
        3
176
     1
 90
        0
176
     1
 90
        0
176
     1
290
     0
176
     1
 90
        1
176
     1
 40
0.0
176
     1
 90
        0
176
     1
290
     0
176
     1
290
     1
176
     1
290
     1
176
     1
290
     0
176
     1
290
     0
176
     1
290
     0
176
     1
290
     0
176
     1
290
     0
176
     1
290
     0
176
     1
 90
       50
176
     1
 40
0.0
176
     1
 40
1.0
176
     1
 90
        0
176
     1
 62
    18
420
        0
176
     1
 90
       50
176
     1
 90
        3
176
     1
 62
     5
420
      255
176
     1
290
     0
176
     1
 90
       50
176
     1
 90
       50
176
     1
 90
       50
176
     1
290
     0
176
     1
 90
       50
176
     1
 62
   256
176
     0
 40
1.0
176
     0
 90
        2
176
     1
  1
strokes_ogs.tif
176
     1
290
     0
176
     1
 40
1.0
176
     1
 40
1.0
176
     1
  0
VISUALSTYLE
  5
3B
102
{ACAD_REACTORS
330
29
102
}
330
29
100
AcDbVisualStyle
  2
Sketchy
 70
    24
177
     3
291
     0
 70
    58
 90
        1
176
     1
 90
        2
176
     1
 90
        2
176
     1
 90
        0
176
     1
 40
0.6
176
     1
 40
30.0
176
     1
 62
     7
420
 16777215
176
     1
 90
        2
176
     1
 90
        2
176
     1
 62
     7
176
     1
 62
     7
176
     1
 90
        1
176
     1
 90
        1
176
     1
 40
40.0
176
     1
 90
       11
176
     1
 62
     7
176
     1
 40
1.0
176
     1
 90
        1
176
     1
 90
        6
176
     1
 90
        2
176
     1
 62
     7
176
     1
 90
        6
176
     1
 90
        0
176
     1
 90
        0
176
     1
290
     0
176
     1
 90
        1
176
     1
 40
0.0
176
     1
 90
        0
176
     1
290
     0
176
     1
290
     1
176
     1
290
     1
176
     1
290
     0
176
     1
290
     0
176
     1
290
     0
176
     1
290
     0
176
     1
290
     0
176
     1
290
     0
176
     1
 90
       50
176
     1
 40
0.0
176
     1
 40
1.0
176
     1
 90
        0
176
     1
 62
    18
420
        0
176
     1
 90
       50
176
     1
 90
        3
176
     1
 62
     5
420
      255
176
     1
290
     0
176
     1
 90
       50
176
     1
 90
       50
176
     1
 90
       50
176
     1
290
     0
176
     1
 90
       50
176
     1
 62
   256
176
     0
 40
1.0
176
     0
 90
        2
176
     1
  1
strokes_ogs.tif
176
     1
290
     0
176
     1
 40
1.0
176
     1
 40
1.0
176
     1
  0
VISUALSTYLE
  5
36
102
{ACAD_REACTORS
330
29
102
}
330
29
100
AcDbVisualStyle
  2
Thicken
 70
    13
177
     3
291
     1
 70
    58
 90
        2
176
     1
 90
        2
176
     1
 90
        0
176
     1
 90
        0
176
     1
 40
0.6
176
     1
 40
30.0
176
     1
 62
     7
420
 16777215
176
     1
 90
        1
176
     1
 90
        4
176
     1
 62
     7
176
     1
 62
   257
176
     1
 90
        1
176
     1
 90
        1
176
     1
 40
1.0
176
     1
 90
       12
176
     1
 62
     7
176
     1
 40
1.0
176
     1
 90
        1
176
     1
 90
        6
176
     1
 90
        2
176
     1
 62
     7
176
     1
 90
        5
176
     1
 90
        0
176
     1
 90
        0
176
     1
290
     0
176
     1
 90
        1
176
     1
 40
0.0
176
     1
 90
        0
176
     1
290
     0
176
     1
290
     1
176
     1
290
     1
176
     1
290
     0
176
     1
290
     0
176
     1
290
     0
176
     1
290
     0
176
     1
290
     0
176
     1
290
     0
176
     1
 90
       50
176
     1
 40
0.0
176
     1
 40
1.0
176
     1
 90
        0
176
     1
 62
    18
420
        0
176
     1
 90
       50
176
     1
 90
        3
176
     1
 62
     5
420
      255
176
     1
290
     0
176
     1
 90
       50
176
     1
 90
       50
176
     1
 90
       50
176
     1
290
     0
176
     1
 90
       50
176
     1
 62
   256
176
     0
 40
1.0
176
     0
 90
        2
176
     1
  1
strokes_ogs.tif
176
     1
290
     0
176
     1
 40
1.0
176
     1
 40
1.0
176
     1
  0
VISUALSTYLE
  5
30
102
{ACAD_REACTORS
330
29
102
}
330
29
100
AcDbVisualStyle
  2
Wireframe
 70
     5
177
     3
291
     0
 70
    58
 90
        0
176
     1
 90
        2
176
     1
 90
        0
176
     1
 90
        0
176
     1
 40
0.6
176
     1
 40
30.0
176
     1
 62
     7
420
 16777215
176
     1
 90
        1
176
     1
 90
        4
176
     1
 62
     7
176
     1
 62
   257
176
     1
 90
        1
176
     1
 90
        1
176
     1
 40
1.0
176
     1
 90
        0
176
     1
 62
   257
176
     1
 40
1.0
176
     1
 90
        1
176
     1
 90
        6
176
     1
 90
        2
176
     1
 62
     7
176
     1
 90
        3
176
     1
 90
        0
176
     1
 90
        0
176
     1
290
     0
176
     1
 90
        1
176
     1
 40
0.0
176
     1
 90
        0
176
     1
290
     0
176
     1
290
     1
176
     1
290
     1
176
     1
290
     0
176
     1
290
     0
176
     1
290
     0
176
     1
290
     0
176
     1
290
     0
176
     1
290
     0
176
     1
 90
       50
176
     1
 40
0.0
176
     1
 40
1.0
176
     1
 90
        0
176
     1
 62
    18
420
        0
176
     1
 90
       50
176
     1
 90
        3
176
     1
 62
     5
420
      255
176
     1
290
     0
176
     1
 90
       50
176
     1
 90
       50
176
     1
 90
       50
176
     1
290
     0
176
     1
 90
       50
176
     1
 62
   256
176
     0
 40
1.0
176
     0
 90
        2
176
     1
  1
strokes_ogs.tif
176
     1
290
     0
176
     1
 40
1.0
176
     1
 40
1.0
176
     1
  0
VISUALSTYLE
  5
3C
102
{ACAD_REACTORS
330
29
102
}
330
29
100
AcDbVisualStyle
  2
X-Ray
 70
    25
177
     3
291
     0
 70
    58
 90
        2
176
     1
 90
        2
176
     1
 90
        1
176
     1
 90
        1
176
     1
 40
0.5
176
     1
 40
30.0
176
     1
 62
     7
420
 16777215
176
     1
 90
        1
176
     1
 90
        0
176
     1
 62
     7
176
     1
 62
   257
176
     1
 90
        1
176
     1
 90
        1
176
     1
 40
1.0
176
     1
 90
        8
176
     1
 62
     7
176
     1
 40
1.0
176
     1
 90
        1
176
     1
 90
        6
176
     1
 90
        2
176
     1
 62
     7
176
     1
 90
        3
176
     1
 90
        0
176
     1
 90
        0
176
     1
290
     0
176
     1
 90
       13
176
     1
 40
0.0
176
     1
 90
        0
176
     1
290
     0
176
     1
290
     1
176
     1
290
     1
176
     1
290
     0
176
     1
290
     0
176
     1
290
     0
176
     1
290
     0
176
     1
290
     0
176
     1
290
     0
176
     1
 90
       50
176
     1
 40
0.0
176
     1
 40
1.0
176
     1
 90
        0
176
     1
 62
    18
420
        0
176
     1
 90
       50
176
     1
 90
        3
176
     1
 62
     5
420
      255
176
     1
290
     0
176
     1
 90
       50
176
     1
 90
       50
176
     1
 90
       50
176
     1
290
     0
176
     1
 90
       50
176
     1
 62
   256
176
     0
 40
1.0
176
     0
 90
        2
176
     1
  1
strokes_ogs.tif
176
     1
290
     0
176
     1
 40
1.0
176
     1
 40
1.0
176
     1
  0
DICTIONARYVAR
  5
80C
102
{ACAD_REACTORS
330
807
102
}
330
807
100
DictionaryVariables
280
     0
  1
1:1
  0
DICTIONARYVAR
  5
809
102
{ACAD_REACTORS
330
807
102
}
330
807
100
DictionaryVariables
280
     0
  1
STANDARD
  0
DICTIONARYVAR
  5
808
102
{ACAD_REACTORS
330
807
102
}
330
807
100
DictionaryVariables
280
     0
  1
STANDARD
  0
DICTIONARYVAR
  5
80A
102
{ACAD_REACTORS
330
807
102
}
330
807
100
DictionaryVariables
280
     0
  1
Imperial24
  0
DICTIONARYVAR
  5
80B
102
{ACAD_REACTORS
330
807
102
}
330
807
100
DictionaryVariables
280
     0
  1
Imperial24
  0
DICTIONARY
  5
1A
330
19
100
AcDbDictionary
280
     1
281
     1
  3
BUMPTILE
360
1C
  3
DIFFUSETILE
360
1B
  3
OPACITYTILE
360
1F
  3
REFLECTIONTILE
360
1E
  3
REFRACTIONTILE
360
20
  3
SPECULARTILE
360
1D
  0
DICTIONARY
  5
12
330
11
100
AcDbDictionary
280
     1
281
     1
  3
BUMPTILE
360
14
  3
DIFFUSETILE
360
13
  3
FBXASSET
360
C6
  3
OPACITYTILE
360
17
  3
REFLECTIONTILE
360
16
  3
REFRACTIONTILE
360
18
  3
SPECULARTILE
360
15
  0
DICTIONARY
  5
22
330
21
100
AcDbDictionary
280
     1
281
     1
  3
BUMPTILE
360
24
  3
DIFFUSETILE
360
23
  3
OPACITYTILE
360
27
  3
REFLECTIONTILE
360
26
  3
REFRACTIONTILE
360
28
  3
SPECULARTILE
360
25
  0
DICTIONARY
  5
80D
330
65
100
AcDbDictionary
280
     1
281
     1
  3
ACAD_ROUNDTRIP_2008_TABLESTYLE_CELLSTYLEMAP
360
80E
  0
XRECORD
  5
1C
102
{ACAD_REACTORS
330
1A
102
}
330
1A
100
AcDbXrecord
280
     1
270
     1
271
     1
  0
XRECORD
  5
1B
102
{ACAD_REACTORS
330
1A
102
}
330
1A
100
AcDbXrecord
280
     1
270
     1
271
     1
  0
XRECORD
  5
1F
102
{ACAD_REACTORS
330
1A
102
}
330
1A
100
AcDbXrecord
280
     1
270
     1
271
     1
  0
XRECORD
  5
1E
102
{ACAD_REACTORS
330
1A
102
}
330
1A
100
AcDbXrecord
280
     1
270
     1
271
     1
  0
XRECORD
  5
20
102
{ACAD_REACTORS
330
1A
102
}
330
1A
100
AcDbXrecord
280
     1
270
     1
271
     1
  0
XRECORD
  5
1D
102
{ACAD_REACTORS
330
1A
102
}
330
1A
100
AcDbXrecord
280
     1
270
     1
271
     1
  0
XRECORD
  5
14
102
{ACAD_REACTORS
330
12
102
}
330
12
100
AcDbXrecord
280
     1
270
     1
271
     1
  0
XRECORD
  5
13
102
{ACAD_REACTORS
330
12
102
}
330
12
100
AcDbXrecord
280
     1
270
     1
271
     1
  0
XRECORD
  5
C6
102
{ACAD_REACTORS
330
12
102
}
330
12
100
AcDbXrecord
280
     1
 70
     1
 90
1959938040
 71
     1
  1
A0576731-A59C-4CD8-9266-C655D007A3B7
311
504B03041400060808006D9F295A6263871C37010000A80100004F00000039454141383441352D363831442D343443332D423031412D4132383931383543333135392F4173736574446174612F446566696E6974696F6E4974657261746F7250726F706572746965732E62696E5D503B4FC33010362C88818181BDAA588D1F
311
B19DB84A835CA7658105985890494C1B292FC58950B78EFC6BB0D5B270D23D7477DF7D9FEE1B00F073325F8233EF071FAF7C7EB0AD1DAAE2A5D8D9C6800BDF59ED1FCDDE0EB7BE8C28654A1001792E18642A5130D92806A55E6BAC371B9D7071EEF7022CB79F66AAC770F3A97285AD6BD3DA6E72D7BE7122993566F464A6BE
311
0BA04B10E2C13B007F03172E6D8F9282CA2FEFA6EC17F7C6393B2E915C2B9530C5A148480E19D3115C61A2A0A2892409D711E1123D5BD74D43611D5298C7228E08545C6AC8749E404985805A709E631CAB6815A371175E73E399A6E6A335558D303A4978EFDB6DE93597F38C62CA212610CB5722175C2E68FC96A2B16A6C96
311
4E553B4674D69AC62EE7531F106E9E91141D07598ADAAEF47B683B7453EFF3D07563E609FFD92F504B03041400060808006D9F295A02D5CF48F5000000300200004500000039454141383441352D363831442D343443332D423031412D4132383931383543333135392F4173736574446174612F496E7374616E636550726F
311
706572746965732E62696EEB606060F80F0540260323103700495E20ED9E9A975A94991C9C9C919A9BA802147034303537333736D47534B574D6357176B1D0B5343233D3753633357531303077347632674768046931363471713532B5D435353131D635313332D475727372D13534373670367376B67474B5042A03DBCBA0
311
19D37FE8ABC6157B20CD04146B0062181F4C03F940F0C11E2409D1C1C020E0C02000E242808A038C8583FE600F9580337028045AC300B4871928DD805002D3F5006A0C0F420A89050A4F840C4C0F9202283365A703A620B208C40D2011909126C85248EC0FF62C401E28E6F88038B83CB1243943D7A928312F25350524434D
311
0000504B03041400060808006D9F295AB5A795FFE3790000DE7900006B00000039454141383441352D363831442D343443332D423031412D4132383931383543333135392F5265736F75726365732F41303537363733312D413539432D344344382D393236362D4336353544303037413342372F7468756D626E61696C2F30
311
2F67656E657269635F706E6701DE79218689504E470D0A1A0A0000000D49484452000001000000010008030000006BAC58540000000467414D410000B18F0BFC6105000000017352474200AECE1CE900000192504C5445818181B3B3B35A5A5A4848486060605C5C5C6464648383835E5E5E6262624E4E4EAFAFAF4A4A4AB5
311
B5B54C4C4CB1B1B1858585B7B7B7585858ADADAD7C7C7C464646787878ABABAB747474A7A7A7686868707070B9B9B96E6E6E6A6A6A8B8B8B666666545454565656A5A5A5505050A1A1A1BBBBBB8F8F8F9F9F9F4242425252527676764040403E3E3E9B9B9B7A7A7A8989897E7E7E9393939797974444448787873C3C3C7272
311
72BDBDBD3A3A3A6C6C6CA9A9A9A3A3A32020209D9D9DBFBFBF8D8D8D9595959191912626269999992222222424241E1E1EC1C1C1282828C3C3C32C2C2C2A2A2A2E2E2E303030C5C5C53232321C1C1C363636383838343434C7C7C71A1A1A0E0E0E121212484A484C4E4C1616160A0A0A4A4C4A787A781414147C7E7C919391
311
5E605E464846838583878987B1B3B18587856668665A5C5A626462818381A7A7A5A3A3A1B1B1AFADAFAD7072705C5E5C9D9D9BABADAB7E817EB7B9B7585A58BBBDBB4C4C4A8D8F8D747674B5B5B3B7B7B59FA19F606260ABABA9A5A5A39B9B99A9A9A78F8F8D6C6C6AC7C7C5451AD12700002000494441547801DCBD89771B
311
D7B5A70B8EE04C702641712605CE034890E220088028C93245451215B713AF388E7DFD9EEDB8DDCE6ABFF4B57D97137BE50FEFEFDBA74049B6AEED74869B7E87404D2814EBB7F76F0F67A8835CEEBFA0E42B854AA5B2BB5B6BCC951A8D52A93657A914FE0BEEE39FFE2FF395B9B9C6CAD2D4C4606F4B7FFF8D1B37EEDCB975
311
87F7CD9B4343BD134BABE7DB48E3FFA7A228ECD6F6574E4786C0FC8B5FFCE2CD5FFCE297BF7CF3CD5FFC92B52FFE58BFF9E69B776E0EF5F79E55CBBBF9FC3F5D3DFFB07F5898ABAF7CDA3B74E74EC0CE20230561BF096E97E05712BFFCC59BC80539DCE83DDD6E54FE61B7747DE17FB8980BBBFB2BBD4337DF487881AAE6C5
311
ACC6AF25207877B2B527BFF1CB3B77FA47561ABBD7F7FA7FE146A5B6BD74E3164C7F51449AE95DB412200EC539418717E7F2F11B376FF62E95FEAF1442BED0581DBCA1BD2780D23F506AFA16E1A7AD974EF17876F00DD7BCB187A1A97AE51FCED5BF2BC1F2BBE5B3C19BE27B43CF26DE00933658FE129B109C2FFF922CC22C
311
4260FA01BEFB462A77DEBC35F42F600C3F5B0795D2E9E02DAD5E650B4438A92801B65C35CBAB7B1EE5041CE69D3B6F1822DFB873EBD6AD3B6FBC71EBC6C86AE967DFC2DFA4CEBFF1BF54F6276EBC114E2F43FEC60B01A0D440A868B2920E5C4BC10D60931ADCB871F3268B21D3851B08E1D6AD9BFD4BF57F7577909FAB86F2
311
9B982571136AF01DF5FE32AC3BD9406CAAF2440A54CF176EDD01FBADA1FEFEFE21FE4C9858DFF4183458A9FD2B6708A5A5A137E0EE1D11A9EC0C7C58B2C73C0AD6B479BD76B7790CF899E287FA5B06FB7B07C9195B7851FA8794031EF1FC5F9406BBFB23375420286399B631E93B08022A785C4DBF9996EC3551874094D71B
311
6F487E80F6837E50F483BDBDBD83232323AC420A18C68DA196EDDADF68A77F938F78FD972BABBDB7B87FB164AC6FC2CB760365821ACB74AED44FFAD7E7431ECD7E08AC421F391D199998989A383D9D98E8E56F84A318C58D9BFD2DAB73FF5222C8EFAEF4DE7AF30D756E5108683DA471E70D0502099A7240F19E4089D3FD20
311
3E620F1B47BF43501E85031AE44B4B9F2E4D2D9D4D51D8970983FA861B3706FF950CA170DE82F6B312CC4F42C8966295F7D725ED29882415DC055F36DEA1FE96FEC141493F05FAA9A9A5A595B333DED5B3D5A533F62183323032F46EFF13EA0AAFA5FBF7C8976F8C10F7280A014832593B90004D52341980D907EAEB73411E
311
B2F1EBC9F507F92746C40E7AE0AFAE54292BAB2BAB67CAE0746264A277B06508168C94BF772BE9765F7BF0B548FE1E07F3B5A521340A5CB5297C4B12811B89E82191ECF3E41B3259C529F135E23CF4C7F961FB13537F5A02ECCAEA76B5BA5D3D3FDF3F2FEFEFB3AA22053E5008833428DC6C59FA2F770595F311F235D427F3
311
79BB8A121BD901B96076A388DC4C3C61C7933CCCD770FF375A6E0CE9F535FE2534BF5ADD3E3FAFD71BF57AA951B6D4CFEBFB8864758A26154430080B06ABFF557610ECC93726224F155D1471041E0D42F82F4891C926C1355B0831649FF365F46FF05300A7A790BD8ADEEB0D4AA9569A9BDBADCCD56AA55AE377F5F3F3EA2A
311
34983A1DE91D810543138D7F28E57FF4E2B5335A3928B76EA1CB9B00BF158C8F63A2E788826896D0B5E7C461949ECE089144F8EBEFC7FB4D8C9C4E9DAD60F7FBE572B416C2F2423ECF8B86C439E450DA970634ACFDA977629098D0B2FAF313A36B3869E37AF7853378CDA1171FBEBA95DF1E44FD5144A420588641B0055A79
311
ED91CC0DC41E27064512FB33F1F04D09D0D2DF0203A646A6CECE80DF28356A348CED8C4F1EF137B9319E1BCD29867CA556AA97F7B757567006A447FD375A26CAAFDED9CFDCFB2BB0BEEE8AA5911BC2C7F85DF88A3775389990AA72219D582409210F85A4E66F2987D875C30848023088FDF77E87F96FD7CBA5B9DCCEF4F4C9
311
FC7C676777577B7B7B67E7ECCCE4E8DEE85E81A6D55AA3BC7FBEB242589CE8ED4770E785D7DDE23FF2587EBF57F50B9E820527316488E5C32D50F979BCA58207297E2B6D658702FFCD211840FE43FC9F3A5BAD9E97E6F21B9FCF16BBBB3A3A5A175B5B1787875B5B3B86DFEFFC687A72674F19D46A8DFDF3EACA59E405375A
311
CE76FFA922C817CE86A89BDD92F400F2C55B7462F610459837D3A61ACF50C7471C8F2F2A9D38C3DA2F068007F80EFCDBFBE5DCC674B1D83EBCBEB8BCBCBC3ED0D3D333D0B3DE33BCBEB0D8DA35FBF9F8CECE68AE020BCE61C112A4C1138CD47F9AD13F7DC6AB9CF9CFCFAF9D0E01FFE6CD503F5B91C5218E2899CA15098714
311
848B04FCE5654884ABF0E554F11F6C21D73D5D5AADD64B7B9327DDAD8B0B7D7D6D6D07070763BC0F3E38E8EB4310EBEB8BC3DDB347E3E37B5842B97C4E44A0C630427E5CFDFB71E03F471E12CA9FF70E055AE141042DD81234B879EB4606361D9328149037D7D76A571A7E974FA20AD0323832713AB5BA7ABE3B3E3D3FBC30
311
307070B0B9B645D93C3CDC3CDCA41CFC6AAC2D64D0D579B4B1B397A7C1BDBEBD7D36657A3CD4B2F44F4909F2B9CA597F4245C59DEC354316F0587020D0C661742BC02869435FD12CF195C422DB3C5A3E2305C000CE6B7B27ED8B7D63079B5B5B878787C787C7C7C757C76C51B60ED60EDAFA06D67B965B3B672677080BB532
311
9E60E9B477847AE2E9EB53E35779FD37EFCD2D0DDD68AA355B6B0D81860502B8B68C801F5C697E9AD62F4B406244CB975560BAC756AAA577675B07C6D03778C17E7C95CAF1B3ABABE3E3ADADE3CDB1B1B6B681014470343EBA979F8B90383545727C63E43549D14FD0F927E5F1FDEFD7263058FE02EBCD1BDCBCA053496BD5
311
8E69BC44F9F854D4D979AE9ADB908824382AC1D4014E9756EAF9CE85B6B54DB01F02F8EA5908E0D9D5F1B3E72188C3C3AB67879B07C8A0A767B8B831FE5E7EB754DEAE5261460243FFF07858D8EF0D658BDC563A2C5EF5833C13C90B69248C4DD97842B61DFA7F210A2F6108A0F96B62E2D3B3F3DD939EA47E30ABF5AB2B90
311
3F4BE5F9B36757CF65021E616DAC6F60A1FB647274B4B05B2E5341B082D43278F67D8DFDA48AFF9A13F22B34C7586C9992BA6E66CABC190E313E7C811AA57304B421A75B289B9D174CC868C24548823E230B9A5A2DCD2CAFE1F98E61C015CA7E96B083FC59F3ED06EE60F360B3AD6F79787ED278D0A86FAFE00BA9220EAEFE
311
1D5DE1F7855939C3FCC1332426B377F692406E022C010DB437EF009803F0DCFD3B7C94440571D8F2C328F115F47FD324802070BAB43FBA80EFDB92FCA1F7E7CF9FA875CBB327CF9EB08C4DE4815BC4210E2CB7CF1CEDECEDCED5B757490968286899FAF95583BF46F9393CEE6A86D6F618CAAD9BFF0BE22B042412C5CFB505
311
56815CC5BBE33E9F61ECEC26A9BCB8145FD10590078F9C9E953B513FAE1FE387FAC246E14F9E3CE7F5F8194BD6594140876B6B84C5D6799C61A16434201E5237582AFD75C07EEED9863F463284E2E13425A036BD41061259289B6BDC1ED656FC8B8592C9D00701E27CEA749F0D8EF44EAD8C1F80FFF8F8F9D513191F680338
311
4C800097F24069C407CFAE88136B7DCB3D5D4A60B711F19070D83235F77331FD35E715966889038E2E0B346EAB7936C4162043E1A1F144093695443A570144898BC4079CEF1912809A3035A1D3F361235F90FFF1E3E0FB93C7E2750719F88E7D8E68123883ADB5B18185AE99F1D11C1238A792DC4BEDE8EC6FF503DF377E04
311
45F68FAF4E08D43082D02170F30131A154206CC559A8D9CFDD762B31273E4947A581E0D9BB71E33FFA07CD02CE2A6BE1EC80167497F2A81CFA3F7EFE58D0CF5D5D170DE4F89070B0BC4040CC17BEAC6B0586C3D3FF0309BC06F44B04A1E13729929B4DF73C44070692C810B08AC3012E8EE9EAE22067796288C193B2139B97
311
0B86F47FAD0F98382B1E035D9C32FD318A4FAFCB274F2E1FA772F94411B0CD42493C23393A685B5FEF3E1ACF554AF5F3552A478383374E6B2FDDFC4F6DFE38F4F4ED7A7FE838F488EA852482F412D3CB07E293D02C9F074F12E84C5AAC423271450572A385449844706475FD38DC3C22486A0639E5F1E38B0CFE93CB4B2591
311
0EF309A2224BD8DAD40C682C28341AD69047E8539A6AFC14EC573F7FAD10AE0FE6EB13E87B28E093B513B5803514DE408809BC12A14876DE0A25F643009E9176D9F0C330164285A7444DC8CAF0E9FE41429EE0A2F6A6DE91C0856C501272404A8468822E24C807030B1D33D40D4AFBDBABB411D093D88C86D7205E05FC57ED
311
D1F805FA4CED5920F0CED39157E007CE21757C5DE440ECBCB46CD283E378029B43FB077B4F47E60E9F61E8D01BE017D7E843EB49F50A2028F1E442FCC90C9EE308E4C0C2C94EAE30B75FAD3A0EAFA57FE9EF960F14BE15638840EAF3BA490BB6850EDB38EECAFD21A0C746D0C4234DBD035EFC7EDD121FA585FAB73DB89FE6
311
A03CF833AB0730E5E2F1A36CE3F202A128934B44E396961121E1F2C9F32BFCC0C140CFE22C1CA8E109B182919696BFB98120234F61B59F7BF46EC30CF067B21A33B0FB3E402448EE266CCD93135A8E823DB31F85E677434E608F53F8100BC0098EA2FD6BC01770E0F2F2D1E5452A711C4BB8486248FAD756D852026B6DC90A
311
2AA5C6B69E9068B8F27AFABFFEE8AB36F1D23985D5960014FD711940800B560250D2272CC54FF1D3A660B275AC3881E349689C1616E1E9044129D032313509DE4700BC867C71F128C400159407C761022BA8A040F40A244788808C60B3AD67A17576279F6F946923191921B0545FC2F12AC0EFEFBD7262B6935679FC7F8062
311
9160ABFAEC88E8430E76D82A8DE62ACE50BD4A42FBF03B387B37FD321B37E31C3F063D99703F5160E6C9E5A300CF32A91E0A085A29C0FC507F6C21012303C6104B82C1F1E156DB3229D1A855A32A8352C9077AF733A0AFE0FB3EF81FDF2F0F82C21B0EB06998866878B103305E31EC17F4FD43831E570A2118D1667632D4FF
311
FFB125782F96168A833DBE78C3F11F8383A79D49F58F1E3DBC780417AE6581381E8610604888E2913E12492881274822C221AD04CB0B1D273B8542837460898C686864FF6F801E8269F40AD0481DFAF5E6E9C1F3BE391C325004DF0746A4E4448F7B52C0D5EAD39EC46896B888C4210D68E99DFA2820DF7FF850EC407EB55C
311
3EBC5028611409BFCB8889C90F1C52355AEF98B18100094C9D0EF6F64FD47E5CBF3FF5293DDFB4B50DDD54F351446FA1F14580DC3902C085F593CB24ACC917B213BBC11B3F0A61042FD8B24F4FB9C4556D0CB9E1A880DE89934CE9607F18F81FDD950DD0E1D143F41D56110E227C250621FF098838042BC85B5B6BCBCBC31D
311
D37B34966E9FFD9936A2FEFEA9EBA4182E5CD3E17AE35501FCE0707E5525A7DBC64DFD077825BE37CE0BBE1BBEC061410C660B6E49912665E2B3749C7C9F93834022F74CDE6CA5EB501D9CBC04B768292C5CCB84478F3CA83074092C6082169015E5800D5839DC6C1B58EFE83ECA513BDE3EFB8EF1242D2D4B3FD55AFE03D4
311
2F8492AF8A3F21444FA2FA9ABBF525EAF84C09F0168527B0138A85D1EC0443C467B28BF844EAF76323BE13D7C11F72FED783837B970FEFDE7D7817E077C17EF7E2A1C2C0FE851FE4C008388C15E818958746129E1009D054B67530D6B3D8DA3D59D82D9D57CF70039FF50FFE0DE94089DB269C3655A4F25B38C49D0BD48E59
311
F1526887C18FC5272197F85CA72862A593A4843CD25F920487DDF7AA0441A2C0600D062001F103FCEEA3D8560CEC3EBACB01CAE5A51E420349F602191E5F901893142381351CE17047E764BE50DEAF9E4D8C38B6ECFFACEB141E54A6865A88A60133EE9CBB4C256930B0B168C1C3AB59FE1743FB422C7166082E934AFA5EFA
311
3E4BCE0B69362FA7041818B7FDECE1DDFB4D022007CA23E521F0700AAEB5888BBBF08023E128B4045381542FA256B0D04E28A0C3804E233A1BFB476A2F48FD135BAF9843BEDA3264EB42BA499601F16B566E72C7EA35908ABCB9176BBED43204C696AFD3D7B24B08D3AFA44BE243D88A6D9D0B6562B52F741E1610C0EFBBAF
311
2B0829289A640EC4C8A4FF66A24430786CEBE1E1E61AF9507BFB496EAEB64F8F49B4129EBDEC065EC1F8A3F228A3CD0950883B41BEC6D1944AE06147289600A7726313AC69A3F91197F1438BCB743E76F01F6EF1D1C854071670FFFE43FF1EDED702EE5A14C85D0C42DF90B86068800659AC88981855E3E774A71C0CAC2F76
311
754EE7CC87C808D1E1E0F6CF47FD4224731337BE1E39C5010823EE997B1491BBD99FC8D8EF77482BEB5EB2CF66499A8E0F7511B19B3EFBDACB6507BC78731B1B383D02FFDD7BE8DD9256F7D0BA7B46015941097B80018F700FFA024CC08078F51806100ADBFA163ABA8A3B95B9D2F92AC30BC908ED31FABE0CBEBFFF0279B6
311
75868F9AA24E9530B08C174055B7F48E4F58002F3E82F0BDFA003E8B431EB6C4A91E4D9B5FFB791265BA8827BBE5F1BCFA7F789F72F75EC800F8AE43FFAEC42F13009FB905A9A0132015D0068ED7682AC608BA6771038DEDB3B33082891FAB1ABF5614F93238079726B833958796B845B731FCB86316713C1DC581B1E19B42
311
4EE32674093F80776F7E27C6FBFAC85C536CD955B96EDA2A3FBF770FF4BE11845470EB3E42D022000E0FE07D161811020742162444668308801E133A4C163BE68F6826A5523071CA78B2FED51F28F8C70FE4190073A3E5D3259D7A288CD19BDE623F10021BAB0C6E327FD507B2741627727EA00D31856492F9F009D7F152D9
311
30704E642795C1C1B336E0DEBB7F0FDCB79318543B25341F36802D64A981A690B94259607DE0B19D466BF8C1C5E1CEF9A3FC5C639FD6117B4BAEAB453F8EFBDA500A67E8BAF76C8A06566E36EE1184E8329419161F83D843D5DE7D8221163E145F56921C3EE383978072129E290A9B7166E63D26BAB1FCDBF710009E405184
311
2390031845F20077CD079407C575F20364C4910ED2A574BC357630B0BCD8DE39335EB175646A698458F6A346F003A93002E846FFE0C459B8006E506D79BF902908A0AA05CB5E73530E33BA1D3C2EF99C712B7C8B41DF4D2A7830BE8707485FCFAEEB85A09AB6D39BBF7B4F23E00509C20DB04E240822A4B810E04D8D53D10D
311
504C059ED86BB8697F514777717A8F8144D48A4C89077F7EDB00E2D89DC02A7B975640A282C49A4AA84B70B12BFED8EA6584860DFB7EE23FCB00C6BAF7332FF259FA3C9346508813E372F1DDE425065BB61FDF8300F7EEDDBE8D0C6EDF46F7D8823478590AE23759D60DA6B7A9F125EDE8F4A5D2B37470D0B63C30DCDE3D3D
311
59A8D1501EB1B0A5377517BDD6E301F995E3F955F0F58FAC2E81CE172A8344AC03DC6781939D2484B8FFC15E8F3ACCD3954CE19576B942D0A029188EC7013FE59AE90B71292DE774F1F63D60230180B30A2EDC65291B6211B4081128856001A680015CE000708254891851D4B3BED0FA4D7166B466BFF1D2A924885AD12B38
311
7FC0FCE6819AC3AE06A7AA4B715F0927B74D119D4A668FB54B8A8C268D8B038A207D10A7B1E95E42195B695BE0240F7408B311257C23F581E987C180140C584A02B1670CB817CEC0A080F259F1360E58452013200E3EC107AC1DF4FD7B0F6D23F33347F9527D9F51E6138E31AF35F1BDAAEEEBA3D71BB402E2FB47CECEE96B
311
4DB85536772B07C82A34F3E66D0BCEC207FEB9E70643761276F7B50D5EE963CFF80C7AF4A2130F5BF8C4EBFB5F07B709840480DBD8007FB7EF3F90104908BA457D43AA2A6A02C91422285E5AAC143F3313A0CB74D9D164933B86C25587134E8D342B453FC982860D09FD13ABE72055ED020E85D3E312F74C25CB0293D978A1
311
C4001927C80B86FD06349126EC219F0C735C8053D8F5F310817EA01F1B7851F406144C211C6362C27DD51F1E310C0102280ADB891E9B085CC528A2B1369A46BA195B9A2B351862CE43174BA73FB7CBB430A5798F4C54B7333B96C3224A9863AD02B9FBD8E63092191924E77C199D92887DA594B6DCF0112857162FD0949FE6
311
A441F5E62E42FB2105BC405A2301A3424601DC807912CB2C39C604A27908021CDA30C4C8C2019A883B3A8BD393BB3546136EAF561980FB63E9E035FF73B96D09A905ACB2C11D79571C5159026227DDBDB81396EB03F14100BEB66DE1FA9EF82C3ECCBE318119C4269FD014E66361FC8BB0B4EA9A98EF3D8848A01360430284
311
335004C183CC25BCA82D2302EB03B8419241C64DF4F5ADAF77B533BE786334BFCBB8DA72BDBEFFC36103AFB30608A0B39B58D93F0BF42180841DD26BDC22CF0A770E90240006BAC65197D90920131C7B2EB3CFD3C71C6378A305EE8488FC1FF8D391E2BDDB0F6E3F45E7C8207C419800DB410073A3173942CA8D5242642A74
311
496FF115832A6314D9FA4257577BF7FCF8F8E8CEE8DEDE5EBE76DD3CF892BA7FB8B90F629431B5525E92A15A3A4A6FEA3FDD73136172060959206591F4C927196CF645AA285CF3014630121754261C0D31E1A7E3DA2DBDB54B04703BDE3A4209F02045C4BB0F529A14BED07098A2A1CD47513DA64B512F409BC01663090796
311
D787173B5AA141B1B39BB470EEBCF1E30F9D263ACC4D05110797CEF7B923B027F089F74D1D06F0A4D8C0CDA6604023FCA45B76C5CDE0BF3845ECBE13E0C0ED73700A8A753C1AC8AEFFF1B407FC8A20F42F0D94019121DE304077A027D4112283BB8FF0072444D68AAD111D6F591BC0061854BBC048EBBE9E81F6A33A95C21B
311
FD13AF3C7E7DCDFFEB0DE8903F77B41DF178E99C289895B0EA8CD640549D68935BA7C5294E0A1D66DA0CC419BD398E6265789CA1241441AC94532A3C19C95340BEFC68703077EFC1D307B71F3C500859C11494838E902203A2BE90EACC5135B80B078804340C920C2300BCC06F7A1C71B875DC572C9BD1D84BD5FB9363CA6B
311
A7D03E5C40FDFC54FC23C9B4B9DDD028787D89219038523BF64E638BB37CC25335937A00DFD32869C5B390C8C32FF25C8C47A7181B4A599A224A9DADB0E0406FEFF9F183B7448F081E3C55024FB33828784AB61704482CD0160C04174F9E33BA9291D58C2F1F1B1B3B5863B0D9F3E51C35C253D54A23E560E2C0CB3A6F7A81
311
382601C2079CAE96B7B1560D20A341E85A928A4E01083256420576C2ED477E2E565FD9223BCC691CF394D3D8E281501E0EE5C1C8159E92585D255CF30CC854C75318006EA4A01028EC853F9407C6053910BE105348324002260254886C156260F9189EE0F8C9A3CBAE9D5A992184568A69D5183A7DB97DB089FDC57AEE54F8
311
58FE54F577DBA85309640290F2D220952620750C5811FB772A7876D1E4040FBFC6474D51246D8B3FB378283FB514F8AB3C20B8BF7DBE5DE541C9A5D3D38DDB30E00151E02523081BC89C2214103E0BC1B3D0199A08E002681A2613A2616CEDF0F0F9C5DDC75DA395C25C0309C03DEC8091A4AFD3FEB504AAC6633930556DAC
311
86EE3561941E862C4A75DD6B6BB3A0C59BE153DFA73EDFCBC3CE2188D3D378FC976D0EF9A95B7C8532F527CE3CF539581E0FE501291E9139FFB65EFF5DBD8E0C18DE3077170A64E033FD278F18068028802F156C3809FDEB11B1019C208D020C9BA2870457F0F8E1FDC7EDD393E3B9FC9C4308E9315704233F960E554802C1
311
4716B0B45DAB5EAB5E25AB7830EBB8D25E6CA94E4AA01794FB1EE164FE9F040FE82C940A4BCEF913075D087E85A7237D3CF29C47E4E676777779528C4781761F0BFBC1D3A77880E40C9A2E5109180D5255317890394229F0F082010354082D574F1E3FBAB7D6553C2113DACB97BEB5526C7C6F69F9310A94C46CD89FF8F379
311
AD1AA035FD00FF3F320180F01417A6F255A3A8D86319FE0C0B0E06A0DCD33F79841339C01E5BBE1911AFCFF7C1E0A540BFBDBFCF2372352686D863F83F59CB6865F43104007EE06F52406F680341102048A01BB048823082CBCB0B6AC48C313F3E7CFEF8F2D1FDC3D6F6F9F9D9E98D9D7CAE5EADE2A6512FAD7AB526E17F60
311
0C85550DDE9ACFE9D97E694513103BC69F8A2813176032C890C1E9C49FC09C61670FF8705B1D7386260E7C8E7122C7F8208A55139E8C8D4763F7EBF5728DF9C34677364E3A3F9AEFDEC9CD95470788834F9FBEC512379890B38C94205B2557987C4186DF5C0837608DF0F9F3CB87B7EF6E920475752A01460E556919B2B642
311
96FB9FB70DD5F47232A0F77465BF140CD001F00ADCA175090E2665A14E6329B62660E02A1CB50C6025E3DA252A670B3F0FFAA5EAD94A509FE7036B159E0D1D9F2E76B7AE1FD5A606198D3A747AF450023CBDFD162278B9446688111009B4029B0F2180AE20A542D40610C073B47FEFE1416B2B12200F3C991C2F54EC249102
311
7A816B0A34A9D05C6F437AC23462385DADD75642EDDA738AF1600DBE07EE8437804D2D011A94DF71C2085EDD40266A407FFA1D1C00B0C03927E60338E3B9D8C47D1F8CAED578E06F7CFAA4BB63B175FA7C301B747CB377F45192003CB8FD34B12009224543D8604494011A80C1903CE0518C986208E1C5FDDB8FDA16168687
311
3BBABABAE74FA637BEA894A44078C19696F326E057D7F95D061A6B0394A9D5F2DCAAFE4C2388D8A6E9AB7695CB0BDD0A332430F1A9333DA41D1FFB97FA09AE84E738C75C407C260408F8DBD5EDED7DE1570A7BE333C54F16963B46AB0C2B71208EA3D16EF4EEDCD7005241166C005A73C03164792151205C007288AE337B4D
311
7103741BDE7B7AC913350B348B2D767515674EC6F72A0402BBCB41C81305AFCF05F2758D3ECAC8D26AB97606DB9581A4B7A8FFB068CD5C0604E6849046B70C2B60FF0CDDF93C13822B4E82FA0479A68220E66D9FD775FB3C1A9CDBDB9829B6AF2F77EC9E0678FB20ED8D1B1A1A39D10F9812E20D6281F5673121AACAA9C534
311
24000DAC173F7E18C3052EEE3E78E7F1160F5AAEAFB70E0F7775CFCE4EF384DDEEBEB9C0889D5243BDF557559FEDE5F17AB21E118C4C31A3DF6A96B56AC62180293910ECD6B721047664BCFCC6B2DD3C65CA0F0C823DFEF84083C7ECCDF05898EEF158F4FEF97EB9C123F1B9D1D1A3D9F9AEC5F5CEDA84A3C96C14A55584D6
311
2893D6A54D8D2028D05C8B1F124884543F3223B29D208B04910D3FC43F5C52196AEB5B5F5E58E8E82610F08C21BD443801233C0CE8BD1E40F84A1CA86001990048031ABBAB11EF83F9283EA89F181F2A0D9A9F62D94B7F625FD727E6A93F63F200F614F7CF100D4511C07DB45FC5F0CB4CA359ABE4774631FDAE85E599EA08
311
78A3C33D5AD6430CF4C055EE5FDB80629000D7855DED3F436F3B61B3DC7FFACEFD2B1BC6FB0696312CFA477CE87A87070C7998E04FBA78AE3F915A065E819FCF35B410321D9ABB308146A11AD5196CDDD7C477A171C8AFC74B45CBC6F641AB53C8D4ADA5870C02379BC0470CF83DB55F073E29CF5CE5F7A3F8FD62EB7AEB17
311
74C2C6780B9523F9287193FD23DDB79FBEA513B45200E2E0C1B51350163AC19043C600F2C1DBF7DEBA7BB9B5457BC0D840CF325EB0BBABBB786D301437000020004944415472B491ABCCEDAFC0591201CAC8EBFACBF367FE7B6E40E69F551BBBE7123E3C00AC560CE20C62436E8C3C54CC225EE08C0D74CE26148877689EDD
311
004FB2BFBFFFBB984035373A7954EC5EE8591FE531348654514DB1D1C56411DFA2A7C212BE5ED91278F2851A432244C6822C29C85A8B320ADCBDFDD63BF71FD32648E7D098CD018BC35D7FE89E250EF2AC75F96C15271602687965C844B8807C6E7729D93F22E81D39ABD62A0820C1FE9F11CFA7208125D33E96FD69E83AF6
311
052DD32D49FF0802CD9F9DFD39260389A950887A647CCC99BAB17132DFB5DED35138FB3A060F6295AA5E195BF0BB56495A5A4A8FA440026E46A047D40ED2520A441C302D240F201FB8F7E0EDDB0E12A04D8816215A0579E8FE1B1281E9F19C9900DE79842E2A7CCD48E9876EB01C75DBA0E0C8D44AB5512947A00BE7CF5DE9
311
E1A6A6BE43CF1A78783DFD5A404E4477336C1ED8B18908B2A847B2AFE9839E891137A6673BBB96FBBA2A4B8E9373B001F08369BA11BE8ABC4302FD2345FD6014A127068427D007BE28B41D9B0D40FFB7EE531FA673C8870A69135B1CEEE8D009C08042A5B4EDA314920B635BF941E7487E45256439DFE9D276295F87E69838
311
9CD49FB394FE19720412DEDDC40E9CE9C6DD605E0B719FADC416CB15AB3A61F9B5B9B9426E54F81D8B03DD950946D432B40CEDAB7BB5AF11213CBA73C9BCCCDAFBCF06127C7980FE6D1DC9B4DF14832D6568FEAEEBA76FBF438300B541064ED33F3AC0B0D10505306FD370AED02859234402F6C3FED006766DDED2034D90D1
311
19057225EEE3DAF787EBF30EC51ACB4F551678BD6728E1944730C095F13E4D81A4DFFBF67C5BEE37E62A85FCCEC6CC6C7BC77A5B477E22223ECA4FCC0F87E2A5E3EB782BDB25B8CFC6736A044DE5A7CDA604526361D650484FE283B77EFBD65D52C1C73C4F48E7D0D81ACF572F2E2280F98FB230508FA906B42DE240ED651B
311
301CEC83DE1790C9FD96B6CBF986BECF3BD332C18EF627A0B6EECD5B152E02088D03D828AFFAD26B05BF671B4F9A09A8CE0CD2707F67F2A4B3BB75B9ADA331C1305BBAC182FB4A79820B7EEAF73199B8404C0B81231CDCBB871B80FC41FF5860E8E108222A1A076C29E6E03B6F3FBD4F1F295DC457573C7ADED636D6B7B8C8
311
8413DDF3B327E1046AA51040B40CB50C7E3F1D2E44DAD34CFA604029BFFBE714DF0C069908027EB275F1F366C132E1A7450B04011CF82B2B647CE754F650FF6E25BF37AAF65B7BDA16CAA791F1D09F6CAB989EC5AB7809BE145FA459E8D3E4B0FB47DAEF093B946FED585B80FE1A0305FD5330FEDB4FDF79FBF6BDE81D8300
311
CF6815E5F9896552412A03F31FCDCC7CB5E32365550CD9365FDCCEC8752E943161D78047336F8AF6539840A1F2E764FDA2970999F205CD2BD1F5CF496571F76EAEFA0E1CF8FD2A55FD06391F9EEF8B9DC9994E72BEBEE1FC928E2F223EBA0FBFBFB4F2DF137BC894B8087643D64ADE6EDED67F7680FAC9060239E845FC94AE
311
93D880F994FBF71FBCF5F66F9F32C292EA900F9C1E6F1105E81C5B5F58A067A448143842008D7275EA3BBA3D2516FDF02FF79260020D6B3C714711F3CFB61BFF56A826E627E82256F7400FB387FEF23C1C1E77FD6A21EBB1B2B35F2F95E7760BE1FA3ABB3A981423477517EEE36FF96F122B942F6FB64D9502BD1B90891625
311
32A2FEFED255028FE653C9F46FA321E0B588B7DE79FBED07C44106CC85133CA65190543004D01D02D8181DDDA5A9C91A7110805B7875B689FC3902200FB192E7DFD936B37B57D9C338BD49E99E181F4E5FCAB2ABC1CA7AAB382CBC7D515457CFABE6FBC63D525E5CDF74B16378B9AD6774A58531912D232DF01BAA913DFB7D
311
3AAFF912984302B84D0500077800D26C60A4742101DE420C610C2E92FA93056022EFBCFD5BB6B38651470CD33BD87630C05831BA864C85997B8754B05167F0706499DC442FCD22592AEC2ABF3FF13F950039BF159FA9B36ABDB2778EFF83F70972B83BFD3F4899E64DD8346AA495CB155A7499F2CE39B0AAE755125EB84FD8
311
CF8D8E4F4E9FB4B72E8F1DBCCB98B31BC4607C2CFF21C8145FB48EA0F2159F86A3098415609554DEFA7B27EF1301033DD06D274BAF6821D220DEF96FA4CBB60B3CA241C021D38E1AA76B4406B4767576166766A6C7F77273F5F395291BBA19F64F2E3095C14F3E60371827741CB27E89543857D6D96BF9A47C6A9A26057840
311
332EB843717AAD171880217B71FCCC0355AED3D4819911F79D0EA8AD6DA31A83E36C5DC2D470295C011302387069158F6C9966022367ECF1D00BA9BB95C389AE7B6105A1FB640689033A7FCCFFEDB762189103A61C3A4FEFE0D6A6B5A19EC5755A443AE78BC5E9235B047890A65919A0D2F96AA3C01CEE913BB3ED239C3E0C
311
D8DDAB99E4348BF3F8B977B6C43DEBEFBD7721A839A63B94C06A10DB87FCBFA3C2932F8C26F88B6D6BB30C3C4E09AFE40FAB52EFAA1EC0316920E031A46D65A0FFE45A673432E907FBCF86717AC04F2CD0EF512D665FF53F05BFCDC43489F150890C60A8E0314E70A06F619D30D841189CA15D3417F3CD50191AE4396543F0
311
C42BCFD696C58DF163F5B46D708BD5FDDA5E5E5FDF9401BC4F7E00E8A17520833D1CBFF495B5D1CE037C664123EEE74737268B5D1D3DBFDA6AAD8C08DF2C0BC7A737E10AAB2A7B958990CEBF556CDBEE823CB09FB344143463C630CFFF585D330CF0320E921744A7918280FEEF981161008E9FBC78C830217A07B7D6985E83
311
F9A79884ABB5AB383B4D7D788F9FB3D867A2112A43F19042B33A108690CF6F472F8661CFAC971478757F6E6F2F7AEB82FEA85E5715941778B278281F28C268AB24BDB470EF3303E09C359E9DF1CF990D8A096106E6A66C8620DDE7D281DF0B2831F20439A30D68386CE13E002F7EDA8D7806162B205D6A19AA1FABFD6B1B40
311
0EC2BFFDD66FDF7E8755B4883C043F43046C1326136680404F1F934EBDDFDD39CB58A98DF1BD7880E0532E671FA1435E9D6EA5E9071000BE8F262E7C4044FD95D5FD526EB40A05A634775F32205C3D779FDC168CD5E56BF982508BF572BDA4F6F57D3304BE9EB18149461B12F760D7485891CA47CFC44909136FBF4931716A
311
2E100123FC6CCAA6A644F25EDF4AC980B14039009BECE8B798BF69A05DC5B6885CD23F8E13A46FF0C0A986D617F001C52241801E87C2974C31411DA3A5D7B6175472763D637D3E57C33B908F867F4A59CFCA7923375E5F027A983E18BD7BD4E6FDDBB2250C1529F4202EFAAF979DFFB1F2612E87EBEFEC58581EDB9AA95AD1
311
D7C1905F7305BF8182D5BBB524D47C4E3B81CD843220DE1E6536497C0962C225F75A2D6A998303B23FC501F0B3F736EE1FF01200FC8C99F5515207C9C40081DF304C0A17D06E26CCBC5B3C47459308178301FA8057C2C0AE9D99B05F038828B08400F2E3251254DD7EB8BC4853B101F99AB48E387457C96951E5DB670648BA
311
B70A7B04FE93EEC5F5B183F9739C98952C6845C380D401B8FC86E70A20744EC720E09D35955D96A9041720196D183AC2CFE6AEA816652D0234883D788BEC8F5DF2615261DB031C2381092401B48D8D2D870FECEA9C3D99DDB036C8A051058030E32190976718C89F031DFBFF2EEA3D88606A8A19BD0AE305BDFD12BA4FF46F
311
1A0002B07137989C748936E9DB2C91F43B07E4E4D16C3779CF5A4FFE8CC981F07C29E34B7C012AF0054FAEA4A6A3D49D3A16D2B3CF220A029003366663053C89B3FB1827080DEC2780076FBFFD8E39810CB0593CC68B5D9009F2D400418028B0BC6CC74067E7C9CC0C2690FBB084AA5254A12AF63543B35EB40D17B693F7E3
311
464D5094C00AA9E04E0E0524F5C35C5EC6BA94B21AAF2440725E2A9FF94FE7A8F0E769EB83FDEB039B631B18BF396F5C13CF89ACC02C387DA56DC3B1CD84B96CFAAA37B55FE723B611062258257D331F186AC93D8AD600B4FEF4AD777E4BF68F2168FF08C081A37AC13446C859964803961928476D78F68419390D830C1935
311
B5C2A0A22A3AB17D3D6428BF12DC373B8D464E04C0A496BB3B3B75639DCC2500E0F0B15FB6F47B5A7ED0183A87CAE8D535F2EDBD4B3B7FC762DFE65A07C30B2851DB890082ADC07131EEEFA3DB7DD5CD32C0860CA83CD4B7993A175F422A8149B1C1D94C1145059D9C78A8A572A90B7C8B1E3392FF77A80C50220880FF3669
311
004E90F101740D2B808181455A044904674E7482CC3EC85C4BCE339404C0B0BF6A5611E4F9B8157BAB6DE327EC9BFBA1B4557ECB609C1F45326499EFB90EE78F18227F09E563C9E63D847EDB3B68EB9C39E95AC4F7ADCF7D87F6752BB6912040281E4A0D8A8314E80D60470999B8A51FB1488A66A9F3F81FFA61C83F4FA696
311
9E472288FADFD61B005E0EA4284822E018911828E868614DA0C36E11F3A051070BF2F0840E35F200E2C0C80A776CC9E7E6841C0503D0EDF15ED9AFE527E798D23BEE5F0604E58DFB7099D739BF0BA5D332EF29F1535995BDBD0DE681C4F71DFE6A7AC5A13554AE6910963E9ABC9A0DB5B202225545F5CFACC942B5B93C2073
311
52B6E5310BF349AF200175D7DFDF78F6D683B7C87E087FA9B35812C4F8F13452CED610A2207541E6D659A739441F3833CD0C9C3C3DC2B0712F62333C4FA9327C9CA1124904B4FDE0FE21C119776CB0C212AAFBA5CAF80EB43772ADFE77CD9FA8A4144C54C2FB2304C65F62FC3678E4F6C68F30FEE1BE8383CE7DB86F58B1AE
311
0C51F0F055E188D02F00911DDB0991832228B3172B3E623E513FF1734FF414A611A603163F401BEA790FC9FF7FC3FD3DB02DC00184145B850D01D120424DC03C00FCEB7880EEEE939399F1F18DBD4AA54C939899304D913CC2D5CFBC55E50C7FBE4C0E14AEEF53D6843DFF56BE2D554637EA047D3C210E2C61077875FB5B40
311
E19F43AB7470CAFE1C0D3ED3B3B4778D1DF6D4F837C08747180FE8394F2CA1E0A46B6DA62CE2B2DABEDE0B1924098580FC16B369730E9E90541D3730D47FDE16EE1FFAD3419CDA05ED1F2715C607F2E81893AFC5936303F40EB776F1D808BDE393A3FA401E1C706E154C892860AD74A2949C409E28A8FB3349C764D13E4D1D
311
3468952B7B1B35001BF41142CAD58D6011C8B78961EACAB66E9AFBC627673B61FFDA4167950A274145BF11EA17BA9AA60815C2C43AE1F648E3772E53C94E6364AF826019E723069A8AA353A3BF7FB5359281700061FF64C28C10B9AF0B70B0B0D30A31CD1CFD22F68C76DA1E44558869257892363C091D313EFA46B57C3BEB
311
252E9C6BF5B4799EC58F1910F469E25AA17B343799DB3E33CF410061F96C6D63FA91B1000CEBB7D2971BDD39A2A76361E000F5DBC1688D47CB812DD60F8001AF25B328D173A9E4BAC18CE9F1F628704330741B2649B92E9714447C68559C6CD2F681919367E4811100750058809D0230C087A89FF3C80C23C4C60882E481F4
311
8D531764BABD5CCECA308DE2F63D3BB50373D630796126803C2D1FBAC148F7592881B395ED7D26B7DD38D7096AF98841CB37592561D9C6565317AFBE9FC4AF7371E060736C7635E0CBA1809FC80F544DBAA1F2F9393D970D44C0615A0C6930E758B9E63AE690F73045F0C8C0731DE9CD80F718E94652383458799E02C06D32
311
8010011C7090D8C5E5336A83D4059953877EA1E1D66FBE994F04608C4C991917230FB61F9AEE183A40AB9108D032449FD1A7283DD25ED15360EF7EA9303EDDC0043403531EDEAB10DFF87F5E2FD56DF0F1B701A9F614DB17FA0E0EDF6FD0B1622A81FA3D1DE5A33F551930335C353A87F9AB05C60455193448246944A232C5
311
D07636D864CDD7A50D0B4440CDCC465D1C418321F50E1648D500294065D869559EF3C40C8FCC6C323E989AD0F0C73142480B200842802C061008B480A9954AF282052B3AF67350FD0DD30D1F4075AC303A5D490250F5400ACF479656861E4C77AFF327F3EBECA4B57B6B6C8FF62602BF150744656A87DABD7BC6BED50527B2
311
120C001A0B3718C74F0C65CD34F275164D7968148DDF259AB8AD6CA81CDA4E8819509B996A7F642D987A401A2B04018C01E6C169A8700F9DE3B489DB2BC49C9B7B858A4F50D22AE15428FCA4A1EDB20C83492690CFE361CC7F8C8066FFD0D77AEE797977F468A36E0B0DFC87F90EE6348BC748F7CB73B5B9DD5C6EE7AB19AD
311
BF6DF359F1DC2A0F9E44F213F8041F64274C0859A2AB7C37440FEDDD2F95BE44065F22067E3EA0CC3BD8C0D8194EAB291CCEE20B9CD8E02950AD806080047A279F19024C837C848816719AC4A34DF8F0706CED904E8185753A458A27E4C1E37B5F30A104932BE140E0BF4E400160F320B054A8705042FFC47B4940810173F9
311
C9E97240C7FCC3F3813EA239B745DE9F1B1F3FC2F9330374DBD1A7B475923F9A2ED81716D18D1B577DAAB9D1A0458655AD3CA7E211867AE7C702DCACCD291E0F798013DC01BC326087775C0833E04EA3778FBCB8DA4687A0255CA0AD210C15661E4E92001A4449031D1DD27D327334BE830B64DAD90CBF537A45FBD4E94A7A
311
88888E715B7E74FCD040E818BDC1BF5AC609CCCC015DED23877080FCDC47BD8EF3A7B783A17D33F3ADEB6D6BC7AD75EA7C7852C5B6FDADA6AFEFC2D181C03F8C40DD8A4AB5024F0B72E34B57BC1182472DC80946789AFB711DB7F1193C03C893B0345F420246114D3EA71D04FBA731C0DAB0D3CD311B218F0D5A15ECC105D0
311
2F3AC32F13600084731A83220040019B03180634B5923D438300B05BAC80881F061095FED5D572A3323ABD83F1D37A2301A8C930AB3F66ADF7CBEFED30BAAD7D78A06DEB6A87F15491F5AB7E25842B6B34BEFC12C8A159F187C64B3CBD2356DE5FBAB98BBE9583F0E3280C0076DA15BF34C15238145742B07080B1EFB83382
311
F9FEF2239D003541041083C5AF9EF3C8944DC2030BC3ADEDDD9D27475800693049E05413BFB3FEB4308731512F13400D06F813368A0101D8D863EB3E75FCCADED124F532AD3F123F131AB46A93DF1ECE7F96CE9EB6C365C6D6A07EEC461FC919FE288AF7AE1A7D012D291EB073735FF26BBB1C99FB706E972192819B7A34BF
311
22424BEA1CC7958AC2E04BFC8E02DB90A4A1DD04811ACDBC181037864672C78F6C0EC3073A40CC49D5E813593B7002763BC6A909D31AC86F3F6E335C9E1C309BC58F16418642E2AF6B290A34FEDC0CFEE08FCA0F56700699CB73B9C99302AA17BD516D7F1FD755A2B32B3FBE7134D3BEC813195BD355020A7DBB541539CD2C
311
06E45F46FC0EE08293E6C0E1972176D9B678340AA1A4823404EF79B1E2347E47C35D0A2260730E0B513025DC0BD1C07E3366E9B9D17F767405FB531070700035618606F0B40C73C974CFD321B0C174A80C0F3AA54945FFEF348F5488895713E89B5C98DA501E06D8D24FF04FF0CD7ECD7BAA755A854EC6A180AD13BE094E8D
311
5D63BFD6DFA5F5D3E4DB1BA18FD8473DC6E17FFC9832B71A2A94D96E808BB53F9192955D62C82E282B05168AA0927D54AB20A20A74800B7CC9655C8B15F62377CA4C91641F9F4D0478F4FEFDCE273A002CC0A725EC165CE3A149F0333E8E9600B2C05A7D15FD831F0938DBE5D0FF13E3C0F0765965A0961C3FA86DEEB0E283
311
04747BFBA5FCDEE44C23544F7BB7BF7A132DDE34F99E44EC3FEEAE92F667A10F7E90B0E8C6442DF5A5318B0F816311DB2E6DC6F172C363FC800EE09186BB9EC82A24C0117700CD884AA42023B81EA6E0CF8B3056411110D78606EBC5AD5417B45BCC8E61EA01C4006AC233933E35D860BC1B6CB9C9CCCE7840D2E0C1C1FFC1
311
1CCE54D59300F2B47D66A10F09D8E24B71B9BDDF98FB62A3B897C53EC88D16D1FFE8C649B17BB8E760EB20B784F52F992544753F2CBF642CD3C9C70D8722C197142C567E74FB431EE248A8F3FC00377F5142144A82FFC28AC2970A780C85A7EE9146FA4B2981F3C93BCB0F3FBCB6DD3DE69C72B6073B99140DE28B8E919D9D
311
9E7C2F5FA99FC1FFD07E9AC0965CDAEA0A945FADE52C791EA989E8E7A21A355FB37E44405D171B98A6E946DB26AE71DBD01FEF07FD378F5B4B518724481820890E7486E3FCE61A60E096D577701890EE07CA5D7F2B086040749FCEF3F81972E510A86359C9BB579883035887542090614E5C4461705D7CA1CF84DB56483860
311
6CF1597E8119790D021080C935A908324EDE9F60A04B7830A33F0670CB08605B8D01BF9A3D435693FAB4FD84EF6754930640C1F9D74B052A7ABBA9F502B39DA3BF6BC7514EA4BEC71D752BFDC198EDA8DFE8F32B3EF811E4576B0A2074B99B070A069F60173E7427BDF285024E35A4418B7A412914F2800F1965C4F1120A2D
311
5D2C64400563D5942044807BE7C738EBF3034C4A6F4D70C04ED1F97673C039FABC4CFF18866E08200BB66BDC9CCDCC3FFD1E43BEFC52C317F0F5E64900FBFCDA4DEE68768FFF46350E0EDADB7B34DBBEDE3776BC55599AF84E312229F931E700D04478D66A0D88D09B2276141AF0F8811C5F8067DC04C0F90929F7F1AC9CCD
311
368488AFB965C97B855A3E2E93AE5B4866502E55991B82D4388614F2C36B8484A5FA06E3EFFA984A6AF17D5C2073299D9F12FD63826F67FC460E54030981684E9FBFC22009A3006962285FDF4FC84B699FB5BEF3736C6072F6844C15EDF25883037DE6BB7AFAD6AE164B367812FA8CFCA6FA25725D99AEC5C6EDEEC64ADDA2
311
BE0056002032E1D7A20A54CF444E360D520A5B69816C0A953CE0434A8A898BF18E2B704588C01BDB2133342F5404FEE698957C200EF54E31BE6DF4E888C9C67F5F3F1B41F922777E7FA6332677C20098C59F762F5DFE4A23F9801A3BB6F8A4F66E0D40EC867E92DEFCE84C714FC7CE8DD3DD3BDBF9C781B1C3B549FAD2C89D
311
711808CAB100E09700BB85240374A7209212F320CA577222A7020E7824500179FC7096C714884BDFD9499E027ABEB3CB0226CD293CAE6E0C41A6788F396606A073E28CBE5CC67D584D36CA39D37974FE1023253E3FFB007A26F657FFC901D851130DDC2BF54884F20D5D40A0B7E5C7BCC7CC87B84F2ED820192CCE1AABA1FF
311
24ADBE1D03635B5B3B53D4A5F84120125FADC36A0E792D3AD7E255792CD5241A4C84171F1104090017DA493D0A7790A7BDE6DF326180398E4B0DEADA5C2763825E43E05C388E184678C88CE6422606C017F030366981353DF03A753DBF6370879F79889DD0BF75408724DB53C5B0063AB6568D02DC47AE4627B58D7E367A60
311
00267E7840C23A0940B992DB98ED1C4731B4FB4DCFB6D3EAFB6CAC7646F0335C5031888CD74E2103380260AD47176D703960230370FBBF28813524C17FFFBD6288BB28E4F905ADB4A788B40B4A6201C1878BED224DE9906C4C79EF32EE679B9F5D3B5DFA137327320643909A823F62106CB8F9BFE4BFEAFF0FC7A6393EC7F6
311
4A698EFF8ACE31BA05ECE6DAB6DF124118D1D13F892F3D3530602E3F3ED3D59DFB821ECFA3D9AE85B1ADAB9E328DE738BF55D5DFD039445AE76D0194180F57B15BEE5F09C07F952F9A10372BC894CF7DA12CF6507E2A8916E0DF430C519485C55D61EFE209912D8C32866214E121611E22A0B1238DB18E86636A3BFAFD5B4E
311
E02FF1E505F902BDF424D0516907BFC95EF3A76B6B3872769D67E25B548F0DA46E2B93DFDFD5F2B9E9EEE1EE1DCC7FBE6380DFBF38A165CAC73DF912AD76A4690D2B766A3EB4AFA2D05BE543EA20B095FB17AE3F1928D84482049B659E671A4763CFA567C08824913D37F2F92F841FC244085C1681225C04AD6DE168483168
311
2CE0D6096B56101C0D4FB3A1BD3F11FC1105AECF5660BD3FEEDF162B0D9DEC6DB55AF27FC98050BDDEDFF63ED14B01336053A19DE9AEF5F5D9E9D9F9E19ECDADCD497BCC57681922F327EB41FF681E17C1921B04FBAE371AC69E53F98183E91B84897A5DB164158BD1D12FF6F6BEF0E02847727BF2628F9FD48B6FB11DF692
311
8C868B29590A0606F92140D0C08850DAA7DD8A5FE8A50389F61288AEB743E9C801BB67DBE0A7F64F63BC87770FDF57AA73FE1F5A84F8DD3AADDFC32087FBC0A7D645C327B97D65E7A8BBA76DFD9BCEE1B1CDE3F5F7CE4E6DF4013ECD7CB60BD1239E8A4E9A5722AD9C4FAC8F7FF17B214AF8801950430639A08E3ABD05A0D9
311
4E253BD5951C885B0CE750309070555FF21F2EF83FF53F4E15038B8D8A244740A5C9CBC120043DA0B323FB1DA0A4EDA268C05A304619505000BE10415DE898809DB6B66896E60AE347ED3D6DC707CB7D5B5BC374A158EDC343D0EA61C217D4878CBBDC1D85686782C3CF4272E7DCFB5E9EF628F5A95AC1AC0C6848F5771329
311
EF8DF2BB79EFEDEC8DBEC72EB7F245287FD4B31008AB38EA4D52F2BF57167159E3004CD8950E217DDD6F699FC763E9D1A0AECC701F7BD4430A3E030374066938F883C01DE40E7DAFD609345E33570F4CE6BE467FBD7F793B5AF2A9D331D86DBA7BF98067918F9FCDD609A0384B523F4413B574B818C6889FAEFC5E7B8F90CE
311
FD62BC2C85B2478D54DD076635BE434FCADE68B3ECF1C8708E27863DBEC352D87BCC7A92A8E135700CDE65BC114026DE5DB68275E656D2C0D4087293D43BB4C9C14EA83C0D806783B40DD7CD4F19EE9F33801F55A3F1FD600017A6CD5DE607783D5F74E34680E7DAB98D99F6E5B5ABC7F7DF19D8278322F6A97FDB2FADE153
311
9BD945DDF868EE2B8B70D9EDAA45D1BB0A5801198CF1DA891540474745BF0317F8A3703E02510AE94B084221F887FE950272D62D4232781054A87C58D015CD45EBF9B70E60820A2056E9D4D619E8494BBFA68B61EBDD8CF52CCBA124BACD4A4077E8420A7F36FCDAF661E577B792A7E1B7E337C7CF1FDEBB3B49F501F3C736
311
6C1730E793F51FA20A9C3D2E9F18E63DC277449054CEADA36DA0807467D45F8A744E1BDED725A033868703F1392BBE221158220588F30574A0B0893D0515B0B7C404AD0E7F40C11D504C49BD7DA39A85A19CD7357DFC966E5D92272FF06D59CA5A6A1C8AE30E52F1247C1F1D78F81887F9F3E387075B170F9F5EEE4A7F5BFC
311
69DF02FD8795FCFFAB472E7C88D563DA514861B85BD41594A75F5E866BE69471110A9F75C8609C7E6BF6C7C727431EE3E9E3773D2378C25226E82C08104A57ED273FE0921D6990E02B006BD038263BA360355E8DC446A380F0BA35FA9945A80CF60DFD54054202F91897C241C147D59F8E0FC67CD0F2BF377A3463F8BBBABC
311
FBD6833C57E214AC3F5AE9C2FDE88852968F20337972C7E04EE5658223008AE82D93BC37D8DDD900BD6B16EF221F0D4149045D740A8A215D4FC186C658E01994B8CCD317465828704BB630DA2243B3B4ADD3EA554A97408454148C04A1A0CAAC2E04033C04073851F54380E0BF2DFFA43FAD3D6B574F2E1E5EF6E5F4FEFBD1
311
CA87C161FCBCF5C7AAE2F726F814027BAE10F79BC3D765D61D1803952210A9AA07F8C6BB2105B61145B324F96014EF223D4A9261080239F03FF6F4DD4975C183B887E081F7A467A25EAA0C94028FEB808637768B07400A8235D4EF33143253198900E079E3FACB0C59B00F827A5785A6FFE2FCF0C0E6F1714F11CDE5140D93
311
1D707950631F3DE877F300002000494441540ADFB08704E252AADE1BD4E8DF55796A32B9B6F17737C67702E5C638682737286CB0E0A89B624D5BF28222432848C9AB8C07170C97B814FF492A61072407D638006F7C8400860444C01B1930A522788045633DFA9507267A3A42BA05925BAD705CDD3792FA23C1075C6EE768A6
311
73919EB6C3FCFE7629B7310AA794CC9C0D14A1FB88F95C845BF22543F57996E0B26C9E4C2ADF187F979F8A55F11B47BC26594C52588518D25E6C2B1CCED231EA1B748F093E5726A21A54C91EF95789041030C20FD5AD68613432E19A4D0DA2505B6BD843516E10BB00AF9AC315EE9FDB39CC1F9EA59CD88F9CD071D470C86C
311
4647FDEDDBB1CDAB81DA94034747A779F4CED497CFF817348F69F52E55490840E48840BA72DB71F3E84F6DA2F4717AA928F153DA6E4C7E8E00363CEC9A2E1C8E65F298FC4A52F087FCDEE5CBA38A80CBE11FF7BC2AFF249203FFAB77A128A001B1987BD334AD9B901890A8C2005B6B248196AD09C0025ED841325B31845032
311
E327C531C839E66DBAB39566B631C2FF0A1DA5A3CC47E665AD8751B47CFE33899DF047C9F3C365E3B11278D49DF939298E09002F6430F9958803309827A7C791048CA070061B7E9A64C557D235F83EE24822E5EAB805F9862F20FC58F483DC0EF02181F572930205107E00E523861895A2811309808F2B6C14B2AA579E8937
311
53C155D2F54302007E9FF36AC5FEDBCAD47E182D91A73920CFA5C18E01F8FFF4C3F1FF553BCAD0E58DEF85DD63B91BE38ECE1A9FFC4AD4A1FBA30D462C328C5A0340DFD393D3D3D3C0659195C96990F391EFF4175213BC74C020922D4830FE215E76940962BC0713A3B82784C0CB6623DC40D6E1485BAD454F6892200B2250
311
96127FBD82D2B12006BAE2E329C771E25FEBC0DAB3B5395289D56D7A8A89081B34EE06F80F819EFE75C67DEEE95D227E283FE98A7B9F1C97D2D05B4D07A469153C3DA3048EA68FA667A6D90E291C7D7E2D063E4D044964D055F2DBF3E31BB851AE9F78A0A7314F0AD24901F581D74A6929142039C65AF5830D1C809536CDC0
311
5E4BA51038F79D713DA930CF18BA3010E385351CF47F74D439BCBC793556A1F99814926AF12835E251C59BEA3C083EC2B2760FEBDF4304C9EB87B35769E1EB24B648542CFA4EBA9EF93CD42F03C08F249A2C98897D8E2225E90077823F4A52171A61219998CED6FA050992B6B0A74A2220ED12123004FB977084208F8E2AFC
311
80F456CB110BCA647A3A0F854085D84FE0052BE31FFE7F925610BAFEC06FC33F9931BF063F39DB3D1BB20EE357F594045F4226131578582CB055A59A073AE0413989D215019B6EB8A21CF154D71164E0D8F4E730C2CD382D098DA5261456A425643686BC8301710F2C50665881399156AA2B4C3191BC555728384800CE1004
311
0F746A3D8A80A5F0E500A93456FEC52833BBB45203DACCA37FE1D3EE4B9BF0EC27ED47D89B8266F11EA2DB8B5A8BB93EAEDF0C06B7AD0402B9EAC6E787365535AF19F15158308A9D9785C1BC1C01377F8C6B4D07B50DAD25649764A91DC9812C7B34CA98184084F7C01055466B48058CD44085AF26648520C85C41C6780546
311
2D8425680425559F4440F3ABBE1F3F81B1EC72708767DDC8FFB6465796C8FE310FEABE0C9B242A74137EC3E0427091967023299BE5D6D4D0C6D15747DC2AEA4ECC57C72856E827D33CBD319D70FF854369EB841282F84B7CA4881447ACFCB257E252E00FBB3272120A75B99119840858486615636E0E0334031AAA8C08A62E
311
080053A0AAA4158431EC727A084021D41CF5D630C94184F6FE7432E8F5F9A4FCDF3EA7CF136FC2988093F98ED622E38E4976E1BF0CF49D2889E6DF3566719FE1F9B47A2D3BF89C69155DCF24F88C609EE551160F0415900B4C48FB013D8900A9192A700748002924771A3686A0A580FE4009E00ACC090253E280B90AC15048
311
E047020483A038A60ED232831F2CC90498648690D960C48E439F18F4DDBEB0B6F5AC7B7B89F6230243B4FA160A7B9327F3AD5D937C8BFFE5FF8B3A5E64283BEF8EAB9F71159514CFED62DBC880614AA1F7994CCFAE7D8C87057F451733699B8DF87056E1F0654B5021E38097E4E23221B810DE20559AD183A61C2C88A648DB
311
096081E9801CA00BC1DA0124E08DAAC15FD2936905CA8DA1C40E42B13F1764E0C4015EAD7F8BFEC99A310B1B7C0BCC7746D3C0702759C89EAD57122092122D1F857067684A578F1DAB7EAC400841F493A468113282FFE42316CC74C756B1C880FE78795C692813CF4644480EE9B02991BCA257A71861F00666D94102884876
311
18D120D0E80D7773E2B7DD180E100EC98B221C94BFC4FF531A09B986230F1CD08378A8E4D0FDD7D9B1BC75F5C12EAD7FF83F3ED19EB018620303C217A6A35D826E72ABF2D8E2BB1B783F6E48D2E3F360806E1D192085D022103473A10375B63853EC54F500B5B064DBC20945B88160DCF7E4F83A0200BF6FAEAC88E9F54D22
311
D898E43F378D20B51B5D6B1457000922202800DD401A9266483029C0D6D57ED80D42A0E6E08835F0F3AC73D7FAE6D56185F04FC44472B854EB7D9CBF7134DF3DDC35A9F6B38417DD6F508B37C1A718B0D054124176F7222F62DFB327F34D451799D56216880193254FF782D7DDE26C271BF38C6E422E271CE4AB8823C9510F
311
021126A7A944E00DB4031D013C88EA0746C96D4574069BD5439C4110403B40020C30B07A604F1E41D19C21A93FD9002DFC35F23B1E7B98E95E38387E3603FE7393680410D702FF9ED5A3C5E5CE68B5827D721FA78F3A9A0C08A79722D9C9B418F46C0057BB1640C70AA4A03D29CECF33987596D53CFB27B32C3BE304C540E1
311
4BF8464E080918268D254838C91A01F0FFB99154FD8A9C0495EAA6534A6C464440B4A71E16100E7405088122A35F7A511DC003D002E6C8E7E15F6D1D2FD09014139EC11FDC89394621F77B9F88EB5A583C41E2FEDBC8F82334494C0BFA97FF3C3A34ADE60385B60E5A30CF036E5E75370BE3B83AE73B3B7DC0BB337DA00452
311
99ED0C66681E4AE223D01B1BC3BD4C921E2005FEB5114739040758189BA8A320067B62A3995E4720055065AC2B4A8006BF8CFCC907C0063EACE41813C5F017065AD46CFDC6FF1BFEE052932CA3478C8E5A6F25DC8503D40F61FC1B047E4DFFE8E84407C81F1AC7B5C79DA358551CD0D13785A9AEB38D6EB68A0A8087FC6543
311
E7471082873CDCE5CBEA1EFC5CC0579469E225428E9A43D6A6000B4219DE52E8DF00A55F4BF5035960661C2DB88AC1F67C2890A93FC420193C8326409E7B595FBBBA9AE1D1511B3F6D65B09AC10A71C2317201A603E88C56CC68C91279E83F5C147787EFE6C675F00941D23EF092920330982DF38C65EDFCA89DA98E8ADDEC
311
CD77CB86D85118F3DD9884820B1128010D02F1060F582871CC8FF42024C02239273A1CC3BF71E770DFB7E96081682803188118B50310BD620234F230B12711B063E0F0490FCDA9248B580D3D3DE944A30CFCF2A1E0F6E59E8FBEA289CCCC943785BB8880ADA9C2FD70F6A13F5418444E3A669273C006C4B4EEEC067827539F
311
FBEA9CFF04D84E7F170480037005AAC8829084329899F90B5E013927F8E646514B4824B01D11F72C012CEACD163B6358A4454A4221D06E68A71062520649BF9E9127D0772D6E5EADED52FF216BC2FC513C7D3C5CC4C8AF009811826AE20203B076A2AA66D8D32E317DEE0EFC000FCE16D9E0BEB17C74AB009256C5D8AD1CBA
311
BBDA61402612C675FBD72D07E633B1A42F2421208CE01397560811204306617A5141706105C9F4984C459F2D0F6C392FA05BED808512B0B9A8A9FC6CED89640EA347D31F0DF76D3D9E61E800FE9F7601BE4C9614A1C58E6C839F13A12D0EB426DE6386B82369A9E6A7F1F9146EB578A2EF4289AA109B4F6CEFEC0463E0072A
311
05CC9DEDEDFE08407B173B8AA65399C80B2911252E6290C82CC1B8909140C11B7AE161B42B93905045D017E00CED6D27AAA15F2C2179F1E83D411A7020B9408D202381E7E5DEE5A9E7E5CDE3B186433F488AC81554BEC09BC579018ADD1DCB3D9D70F02B14BF9159A4DA376225FE43DA224FED327941705DA582B2FD1BB5DC
311
0540667B650BECDD1D5DDFB0C7F36DEE2B94F6EE2EE4E426F20A1174C31DF153321A24114C4FFF25E505475F6906D4149B21F1BD9D9DF7B059F8E0FD83323CB97991FE80EE131A9003B81C491B218B1D42C0C0D593D9D548003839DC29A740298B0C23F0CE14BB167BD61989AEF0B985C8FAC8F923A73F31953989F0F6C96C
311
A6C4D0A9A88184BEDBBBDA3BBADE77CD8E2FFEDEEF46184A86671D7DDC51417477BE9F04804F305AC82C2D018A21EA903866A0F959FBD4139916D036635EE03DDB7408BCF0627A03027AD314C09B0A27F0A79490D53839D0DAF1416995CAB24101FA63F75029D57A4CBBA9FB4D120ADB17FB5A999FC9420DFE04FA670430B9
311
0FE7F589F7FE8D50A4B5F004CE5F07EB4EA007F8AEAE8E8EF7DB3BE2F81F42166C7246FA9E62D02C8209BA1024414C483498B50229FD923F2414040B2081390AAC353B5283EADA12A30B1080866D746B9ABF5BC107F33C2A015B275480759334B83AB02175EFD0DEC785DFC505E0064F4EBA5A97073A74C5C9FEC97BD25D81
311
9E28AEE661FD2732B8BBFB1BF13441B3C1F45E8AC1752BBF80C113DE960E0AC7D9D02C58C80505A19BA0E84B14402601A590A4AE00A825E98C3212342302EE10FC5100681F86834A2804BC409D70270A2091DCE874B16BE0706C974EB3D26EFEDFFCA6C4579AA4DB781708469F055532A7046C6BEB0CF39F3ED2EC4FBCA3D0
311
0EA91CA68FD2B87B5C191E0EB2C300F00A1C9881F263571C6CFD83D079D09F176FAD839340CF030F70458F81F09AEE1329505150CA0A00576B56C06D58070B23086F685E44232D9D53DE3FC3731044F286D19F459351863F749F1104198D6E14BBC68E17CAE70D7AFD958E350BEBBC70C9C4DFBA075240DA27D40AD7DB063A
311
097DD3F041EDB3E4B682A7A12A548F3393DB01945547175879989302521EEB1431B08759B632B174E0F700E774FCA1BB83F95029ED1A084288C8893520E49415E00DA080AE8027C34206D35491D050A4C6B080F6A20889A2FF82379AB6234F6710C05F9080ADF002B9C9F9C583AB220F45D618D7E7F7547FB27CED8A8B7A7D
311
24EDA4988B0C1C2A1AFB53FDC61BF3DE50D63C560F0120B0372F0839DDDAF13E583B868717C1CB8CC71D1D7F440CC82184803144196EFD58BBE00B7EE77DE8C015942357FB06FC906A5E2B8882CCF9FFE184B0035A5CF186A962A63F84B3AAEE3D5A2C830008807568B6A9F424086D2095A3E262DBF124350082C4B5DF4704
311
A9D2C93553DE47BD6766B69349610716999FA25854F759CA9792599D3837ACF6247CE8597B0F960FA3EC45B61715050260C5844FCCFEC9666BC71F875B17E3BCB4CB151405D7D08F846B4CB952248B4603CC402B609E90F0044A007FA800EC46D07A51232B00E5683C55D5096E1374DA4FCBBDE2C25A5B8D26008227CA7758
311
033D7D70DF12CAF7F247939F93F1CC63047D63ADA0B7CC8771B234D8095FCDB577B586D1834062035670E204B245EC093FCBE15626C10D210CB38A13F50E10A0D5C0814B0C4B30AA9858516001669002229618F100767AA3D6D2528595FE7A398C2D2300ED0013A0AE60B91644A057327BD3C36BEBF48C91279B45F8BD1454
311
94674AFB211A91977CB838DF35DCB3D6D6AA2FB2784B591ED785DFD7DB77747DAC9D2F7674810EFC2895F9ED8007EC7885101679C06F21E4B1C8A6120956F80518D1DAF1717BEBFB5803E20C6F2A11B2E48AFF4AD2810A70054623E341B3D1ACD92DA91150DE631EEB2C28882D092049C0DD38E262A7BD6F98549930C9D44B
311
7C37028AEA9F8C5628A2BEF5704C0DCB2B428181B1BE766F43014498D2E57791E4C8DA6BD2ABF5003F0C40202E2E32EDFB02852D16C30B7F646B98FDF86C7891690043128B0A0DE6B4EA27F08C30CA34C9D0AA0852A5997F8D11A6EE84E040B20472020256F4AFEBBB74E6705A12083B249089218E6452C8E5A69717E904A3
311
F5EF3D5D08EC1F4D4E85086B238CFFC11AB9AE972CB775616C6D1DE04DDF073B4DE3747C41FBAE6072901CAD0237100670C5A00C2C3CE063610ED824826C1F6650700E88C00B62468903A0D71D3A390255AD7040048348C56C4647413C2C2561216E0C469203EF06A5B101AD40D0E207F78B124747DB5B4BBB4E88B1C373C1
311
14E0470B345156EDDBCE1B4DBDF81DBC400746B0B54E05F693707B89A5E430982C2AC7D10DFF11D5B102B9505034B35D07E8E5F585757F088B390F2D4C85CF7218E8418BB4F25B885053D07D5A908326809F31D6CC6B77CC948413B28664484439D118DBAC27DB5AC40C1AD166F25E6A2F0AE82100C0BF220405323E1FF80D
311
FC518CACA8DE1003F3C9FAE9C7B2D60703A0004F8EAEAD2DE0F5485452D15B77B4B67F4C2403B8D8F9C533558ADE058A9E177A1698F75DC0EB4C800F74C0270178C8579C1FACD025F0560844502D2BBC01E620030CB93636C1041636A693949CD80139FD15BE107F905590A292840F8860706D07E2970A2F15E5B13B87C314
311
3CB2930374CC46A6F9B9D7A5CCCC14E11B9E879A49FBE27ADBD6DA82410FBB94FAA8487D61B51F4BE0A03FD08743C31020D6628ED20305A22C2C2FAFA7ED1E7881C438AA5B9035F20759E243C51F34D0D5F02F11403B9E204CC1686C0B6C9000470561519CBE1B0E4FBEAB37A39EE4B84C05F023858779341991F36D9D9F35
311
1E7BB3B5ADF00148D9D05784F9AD8B037D48C01BFA83D4247F03BB768BEEF973A14E610090D4B96B1EEC5C5E66928F28EBEB6CF578B067DD83086081579848E60DFC7684044D8174993C39F886043481F6A2B743B18749E52447CD4D230513032D20D20206E536E15BCF7B7D211634F98FF9986287F33F9A94615A5A0A7CAC
311
F8DF5DCC1AC6EF9AF1945EB78E0A2FED1DA2ACC00EF983F9A012260BD722EF61C9DBCDD8719703ECF839029010CA0B9F100B1D2842153E01A1A3837AB579516A31982FD2908A09100DAE591016CBCD4B011A2F4DE299E1338CE065DC4841BF9895D8C81714800CD08F5AD39601BC929B55D291F6CDCEF2AB40DD5D98F4E6F1
311
07C47AEE4A09A079C05316F479DAF4C2BAB83221BCC0CE23FE3D3D4C7BC9AB673D89A3677D6020F6E182332028012FA0FBE0B2668FB85485902A8E7FA0BA2105C213E20BC2169211A4BABA7D693C3F1DA961F203694853137073AD5CD25F1C017DE0477626D7BA55B88F83B5EE513C41D814639FD1BF759171F4577D3CAB0C
311
3DFF68B2D3B1F8478C18F67BEBB2598FA76A4545E9E961BACF657E0791D2373030E0EC9FAEDD17BEA7703A738185D08236C407448A4CB504CBF01FF43859D3115488EA01B55078000DF085911805790DE1B41B6F8CB2889C3834FE02AFE07D85143C6C008438A944EA63E047023A7EF37E13B0903AFEA7BBAB9579330FAFDA
311
ACD540022980B65A75FBA17D388F1E6576405CCE7032D95BDA420E7DC0EFA320879E5F8B3B04C1D2D9C1114210C19FCC49DC6A855E12010184DB8968109ED016E4683CD552A36B3AFA13BFC2114068935A7E774CD2C7225642B73325938052D8634ABC18DC9442BF9E0402E85B42F9F3273672DA8E8F1070405D1DC3248487
311
574CD98092B8B956E6AFE1566530B78FAE05B4A0DE51FBAF85DD075C7E11939F80E015A58D1F87E400CFFD2306C4D1D3C634380A201545A92BE01F445800BE12302AB477BD6F62600D211232EB061448A0D2B877BB940D63D059C37E0569A83DE93E214F4BD86209FF6F479C640AFF8AF6D1BFD987D029A94DB7C329B4184D
311
4BB013BF912FB88FEEF913071A8D82B651BC10DB067A7EC52FE1B421883144C00F64FA23A11CF708BF16CA59F18D4C04B8085964B2D8DA4A855187000BE440BC816FFB13374640B0EB1D0998AF38A1AEF503F14302E2811081FC12EA6CD38A63B33035125F40F170C0B0AA45E9FCA38FC6D688D48563B5C4B4B7C359D3C7AE
311
0EFB16ACD5E2FAA47EF8307044B4EBE1C71E84E742D81431FB06B90B600B9C239E277A57C94C427EE10E7826980C0136600D916A06058CBE8604DB4D314FBC014EDAACD0820F14BF75449B70339490FE5A0491221BF95F949DF1235380E969AABDBE2D32EB4403D3FDF17F42F9A0A7C28ED75BE86BDB7C7EC80C76F86B8800
311
F77B305EB88F00A4352E0F8089EF811EA02A3DF08F7DA008F803BE4B4EF5F41E56087099E920708C3D720916444440FDFA013D4E1201414123A09290F5BD7AB729298209C4306D007BB0829FD4EC3A6D7E4F00B67DF38CA0764F832F0448E58439B952CB4F70DF964AFA74CCFDBABBDF273E2FF4F56D3DBFF2A78D42FFF275
311
5DF307066497F44062AADFC0CC546F6DCCFECECFA232E14F408F05477D311B683A35BC245FCF8A5CD2AF20022C21022266905A5BCC8B20235D6FF04019CC04058AC80023662E25F342063165956320BE50370F2A657BACC817DDA3DDD3EFE04028645780A768FE38DBA88BF2EF3ADADFC7FEACA952E5A77568ECF0C971DF32
311
BF1D24F8486B22A649EC81B1B60315CBEFC026091CA45F858D7D04C1B437079431E63E38F880758842E780A9E03791C0FAAFE10012588C3C592FE35461A6047802BA18686887023A422A49599399893103942CF6DA53A8E387825FA0678B261F139F801E2B17C901D0F5217E07AC2401A87D0480F753FBED44FE949C93A1D0
311
42B879FCE499B3D861AEB23F9C1F372F0C24D0B7D6E70FE1AAF60F84BAE642D82F0A9F53E22783915518494FDBC0AFAE7DA282E5050B703570E06319A015E00D693A6BEFFAE493941C3B08C13B96BD20D0115A9565701DC58568A3009DA13E965765C03091F0FF339F7309D44F6E61F837F1B1FF920450EB8FC48F9B40158B
311
E89C81A597CFB0DAF5F5755D3886DC13D4479599B583758CBF35663AA234F133F91D3BCCFCE0A794367F385C59B19431780F1C099131384056616E15A1563B50021D369C593FB292685A68A8B2A50A0A2085CF05434617E05FC24A6B077B990014421A68401AC4D65788EE25F737EB780D08A6E38F060F2ABD889E1B889C44
311
852C2FF368C1E3E710D73B6589EA83F7417B341ADA1F639A23D15298F087AD0326410E116C3A1B325218433C71AE62C07C1480F1C045629724A076A4BB8D622D24690486727F56108D07046DAB065000678E04C4F8C342DE27F4AC102D854F2D08D59B4ED0E4F697B0FF62F113646BC5B7F3131D4EA8BF8B265EA3F2026E70
311
61B96F6DF3D993276B2180B8E57067587428579460551049049B074CF8B1066C7E14C705F0B39298C0997C17F701097023BAC31081390196801FB0C2A12380042927503D5A01CA127F9841B460310639C674BC8CDF1A320501448E0068905B07F6E5602F8C1F07786253438CEC51AE61FDB25FF71B09893AC026A9EAE3F30F
311
369F5D5EAEA5801FBAD3C98B38C13EE017B054F81A56F05259DBDA64FE270B1FC4C77200FE276FE814B916E222575ED717A62A92956504605268408CFE13FD61F84252228376060206802B9550F00B9D47E6AF1022538A752CF4FFF1F5931384A9FF8700EDD4FFA2B93FCBFABB3EA6C607FF714B0B8B04EBBE83B52B246092
311
AB018C0D0002FC490849F1E214AE6FC42009D6D86616C835B65DB9862EFC4480C14137603C3089D0A5588FA27E693DD184131BA4E88C35045ACEF1CDE1A82323C20B842F2419604821196EE8185BC834AD44F8E9B7549A32900196E9ECBBE20FFB4706861AACADBBFD9B56A23FFD3AB8BFACC18B1B5AC0ECD7B6AE2E2E9CCD
311
2BE8AF1B1BC3A813B94107E82DE67A42E7CC7D4A6116700B5B2EE3C338A09B840F07C40A64800D7C605AC42B72227C4C7020AB1F20056E26F542717F56534261DE3766AC10A6ED2D006DD03BA9DBA507AE0510A8B385C92363B9154167F1230C40D76AF6F3BE0CA08F8BA2FFBBCEFB09D0986550E0F0EAE2F2780CDF850CB0
311
F88CFC2815FE87BD83909F474F45DD47F1C821DB2107A8817FD45384F57891B65F2543D0C1E20A89B4A8DF806862AC27C60F6A054627FD344250718AC0FA21CDC4E28DBF2650D1B39D8B8A420C348A4F846E2BE824BF8C45E1DB8EEB52F576F47A75FF95F90FCE0FD3A7A08D48D5B9AFBE3EA658E1676FE3372FB57F0AD8D7
311
0ED4AEBA3D4C2BE0AAF1C3AD63A6004D12900CFC481A47430C9EACB390038642C8C41B13303166614210592736B8603AD4FAB17189DBB32F3915F0C380795A089A15228460BDE8E52203527D41B5470901B088D84FF8B3FE2BA7F4FD30ACAB3DE0B7E2FF95807AB0010FFDE3A048F7360F9F3FB9380EE537F16F8673131325
311
D3351A3F664022020811A0FE8C019CA17370725CBFF64132025DA1BE2555102212E80A907FB43ED80A991A8AAC183932C19AE17524B06590B6AD286EB99BAD18FF4BD64BAB519202F992A963648ED30E7521F909F090C0213E367A77D8836BEB6F34D92EDA624183070248351F1A079E5D3E7A9EE81F2CE6678F92E299EE31
311
2B6C0572C0A7B5EEE07853612403813152C7125E2022A20C18F855DBAFA399817FC97FB6E1CDCA31D348434ACD0012F0D32A5456B4007E6E92D72B1A4E9971223A42C1042819E4049C0C5801300C0013FA48F8944FBAE71DAFC27F1826FA2304ECDF3F6C10FF47D5C7E49748DDD687DE8E91C09394EE0682A4F84CFD6067EE
311
DF43E67EA46CB2F4070160439245F00343D03BF25D7E2F26FC400A896DBF19FB8D4D0A66DA669C3D608F9CD048A0533621B25690EE19D5D15248E390F042B12C682511B02BFE3E5700E4C9A9B2107A8F45248FA48234FD23005ED1F4EFE80D1320836F04003BF42856D478D1DCA3ABEEE3C68F9F30C3A16E5C238EA5DE3FF3
311
7DACC2F8B7980033F47FAC34421EF0418A045394802CE032D61C70023D788136788613887C0011A4EA316E005718AE191F8D0D841B9C679CD2FC478442D005429166F5A24403B1E6ACF3298F388B6D0BA933D92339D48969A5C11F09B4FF017A9900A4F887010C474717E10F36468032FF33F4AD610517777104CD920C3CD1
311
5FC5F3B3A0C75BBCA3B00F2724863C10BCD4A0E00736C7981F2F72E4B001438B99714FCFAF713A2603BC710376A1715FC602022202E06FDEBBC680A3DF1C4C095A12C50B554FE7623B50374FB2129DDEA4C392C9188077658C87F55FF92FFA507FF03FC8DFD3F31BDAB46DD51AEB03F7E1B38B8B87CFF47EA1479C3EBAD5C6
311
B382C221C0F1B358B39D76D9D3142C4A20935F541E492E0EF081BA41B3620A8E172B584EA1485632E22A8221CEDAC6110AFA4B6D43E2B76A18AB240BB24337721C9321D2C033B2D3E2641A55A400A28403C12D1DADE39AD23FC5FC08C47A64DC3FF6DFF76B5235124022D7E6D6D5F3CB870F9F31C96FE477FAFE54100068A3
311
A87FA5908A2C08011CF31309C10025B089FEF9C510522B8DC07C30AA469841723A10C08E27F00F7FBC181C083F2809EC3B2B328E294AEAD5A071B3A95C81D2DE3F930372D022C9C793535B92FDAD5426E90490C3C81D000017C6494441544698C416520C1C40C71FC204B22448FD9303782FBA67089A1A7D4CE38E89050FEF
311
5F1E078A4DCCFADA058032C34C1CBC2E1202B1F8962B1A8024F0EB7A11F209E96FB369D4B64202FE7BA230AD24C46413536EAE955B341B726C593B5D4630C0BE822480908522B0D85430230352618DCD4F7BA6D568BF4343801480006658EA3EDCBFFA9702B4FDE9022163C43F9B72B58001A23FCE6F0B3FF0E4E1DDFB9801
311
A6FC42FD0132CC1F2224F89933107AD30B6C9131A53818AE944BE25A70810821C38F098411980E46D108F483DC63F49B91B852351604091D60546702F58A3872A1716411B642C7629C267E64E77719F46B0548FD6BFFFC86A38DBFADFCDF700228C124C8664FAA02BFB1F92B09800876FCE4F2D1C3FB4FD0A44E0106A8DB80
311
79751CBF0BD9340066C3D52BC64706467C05B5A54401BE4A1B0132A55EAC1CCCB10D378A3DFEB9812022327745EF2102886A9142C812A1A2C9708027BB55B7006357459F9C2080E0BC34489FC629510F3017B62D5073E2A2C64048A0A42580E413BA9E08274091A398EA80B5BF31C87BF5ECF8F1C5DDFB4F22AAC181F070AA
311
FDDAE5650C4000516440D8806786D874215149E69ABEC43FF0EFC820FEA112B0522003C84BE03FB76623513B6D840820358B084119B0CEC8C00AE888826339A54091F5FCA513AFE147975BB1A86FC50618D9D74502F0C7C8815AA306602FEE3A5E79E0D7DED1B221001118B73182CD439A092FF801105D1AA14E1918EC282F
311
6260869D55108065988BD67F68E5581720A708051F7C8070F582389C682BE53F2AFD85853F2A013D21564028E06E79B7A71E43212180A81541EBC88F451E02385100491AB0C4A3BC5309A95911E66D04C0B448366988ECD204C2FC930F8CEE8FA410EE4C25B58DD1B6EBAD83F6196670F7DE635282C0A56A851AB035831725
311
F0471A10FE52097089C80495804100318405F0DFC2136004B4C40705EC9154315129205EC357930035688F61AC02188250CFA9A980233925F16A117A48CA54DAB6400221976B75D863330942E20EE3B00B08FBB71AA813B0E502FD2B023DF70114E0D7DF2E2EEEDE7B789504200112075478F2FBD6897835C91F0C20782401
311
E801A2F9142700B74805703426023A81CC0BE88B537D0003E0C5181D29EB8D83050964DD2580910A1E7A8138F76253DC01DC2F3824391AD748276C0B0CDF12366625D038603D0003E0266CB42704C8CE7FA7F11B4D59C0BF454A78F8FCF1E50513715D469607031272358F04E0003C90107223A581218F10008B10247CD20D
311
860FF0BF48801040B361808148714764028EAC137E871501EFDD97C89B52107FF1235B0928C562530082573CE137840EFEF82A0BDC602736C595912FBEC69E6A3A26903B3A300C5A098A9E3F1810CDFFBA019D97B4E7A7A075850F2E92569BD960CA7B8304995FD006FC4213BB1448A6F4BFBB3A9F9FC4962D0A1369129B10
311
073771FEDA38B1737B663A71C088D8848027FC3008DAC4E4397A6F76271DFFFCF77D6BD7F1F67DA51E0E08875A6BAFBD6BD7AE52CC04A0B4A2206F650EC412841A48258258E8662C3838FBE21E25172C2A15A4F78D82DCF68A005DCF07047C183E1CE47731BBCCB5469D9169E0D588945BEB637E87802A03D88FB82486210D
311
28FB3B858D13DC7CE75F5E6F3B03C1744D30CC58C7C7A256146853A05243060B850072A7010CA47CFBF9A1E24F414037B8781E8E9F219A774B36481CB43E48A79819D638C8760D672FAC19FB9D3FC5EA9158DBD0159C27860409682E8FF2595652FE189D2CC2D7C023E944158355806FC320087CC74116030CC376C559C098
311
B93A041C5DDA48AF33827D2327DC761D19C17CC62780D82A170E6CE7415A5E7FE825E053048F88D2AC2A561CA4D4C60098DA28EF1A01382772484698F60C8DD24BF396EA76260542810A625978C03580A9CAB91D10249BE579B0377A3DD15749A45F24C4D81FF3D7D7996F6A1690288008C0FF6CC186DA9D5FC95BB09B1301
311
004B016E707FDFED306A1BE8FA208828F00BF342186839839F1F6FA338DC5A0200FF383DE92614C03A4508DA18F4D85F9354F7E867AA77A42FF49BBE6757A1A7454448D0BFC3C220714FE43A3D8F1547BE10F0BC5A05985AC3C28829A06FE24CD062700601F4AF12AF99099B08E7071DC4626A97C920C3FF96E190C9D1FD7C
311
B6163E800D79E5F3F10A9306C02B799E80F1AB380E0571A584C0370A220C3125000B500900D96FEA40409F980E2083E4EDF4D8D2480AE5667222E020BCDAD4EF19682120818FE18EC7FD6AAD67C03F7DF1955E697456F517AC4F24700C30171C67E9168B109A4F60AFA60F98BE30941BF776DBC7C70792A2FBE98AAA97224F
311
8BEA39B47BFD14A8CD03320DA2B676E3AA397E652E30A42CE2987B7DA1EF7F75242413800A04C0270C62A13372400B435ACD84B8B5009208F5AC73EB149FFF3508E21C2201E0338BE07E50EB47E7FF6D97724A601028C5519073E7978EC88834410450E074DD58AD13A4900103A6444A9CB99103229F0EF8C0C78161EBC681
311
37240734CDCFC349807851E0EB46CE864D2E405ED341B71A390CF2DE20CF5193189E1901E866D0230409684B193D17E2928534D04240937D3C84477494FC5E0FE0B448E35AFC19007926C1C6A6E622FDB8A12E30993C6710E070397C4B26304C0AE38218D19F01FFB15BAE1C0E7E74DF75F2406E373C414E848FF8E500EFAF
311
3C1029C9C0ADAB2313A7426CA9B2C1B9E30032C84EF31A09A88A386F136E8C2F1D582EA0459207015F10F1F001F0B1B7DF7222011EA2001F00BFD36BAEE0850928B08C077030FE3806C880EAA74BCE0863A952812E6008B3A89199C1EE918AF96AF583F1A073B0A355B9D861AF1460DCFB3BFC6B7EFDC834B09700CBED3510
311
E48DC7129041C991F06BA5006CA6B5B34EE21501374E8DFC910042036111EC9C7CFA1C05D48A7270F7F835BF04A4194DA4CF76CEC66718C84CD020D04C412AC848F03E3C61A1C8D50D0EA6838A00376054D3DF61A0E393E1F8B058A6C994093476D601A4A06F0CFD3C0A6BFA910E75CC10400A80FDA93AC9B5EA4303F6C0D1
311
88B559086091CC5910137772E14F2376D03181B5CFE74C0EA38440D0AC256D6C4D104CE05302FCC00B60B9CD4D71E08BD40C144A025E60D4C1F45FE846A2105D717EEA84808A5DD90A168E133640311CF05DD870768683F5D2F1800F485AEBE5CABD8FFA3C0BEB33702493AEB551B1EB035EF5C8E5757FA7832141F88E8578
311
A363802B560007AF93D7D470B478C4D00B412D634C9140C4F9275C00DCE8DFE3C7F8C0AFBC5B2CE82E3C3BDF393D4375D50C43CD1C17E3777CD2C170725B7B42B41DF15BFC344DAD089C1E9118522B4A2C60B794E4E8F33081BB7C8CFCEEA0B2015E49D586429C6C78646180B7710E06018A3082243C275F077FBE412C17DE
311
80D3E6B9462C5204C5D980D1DF84A864401C483CD01B143F4A4868087A0F780F37230200A4FBF6AED325114C367C22512750A5C7C3E32D545CE20A0904183BA10015DCAD89864B3E1EE97EBAE8B204266A48E010511838E2FE413FB116E60880C2D8440AC3880DDA6DF6618C138CF1CB2A09637E18D00F80CB0DC05322E31E
311
ADB8081C29410903F06BFCDF5AB46024E4A75828056440503C707856EF0C037623DD4922A400E8A6BD75E4D2800905F18450A00CEE88860C8964C7B3F90F56528BA18F71CFBBBCD2D05797E168FC37DB26DBE0DD2EAEF39686C18440820013C1444055402A541400DD362A0A402F1FE51246404E098249FEE30708C10CA0B5
311
4601053159480C00BAA9B1223A773234FE72FD5C3BD81804D8D196FE3D5315A0C981D88D04FA01DFC185CA93F9120E1F480B08063364A0A318F08DF95056E4C91F1150D31B011200383502E079EE43CC18603AE2F88FD139C802A739F208E88D06DC78267C448C27C4113C19B0F51B0E9C1C021CF8F9167C6B1F2E10E46100
311
2910105D1042792D1CA303F469714C018C23D72179E165049C40E801CB96CF334562E5807291D1E0C70FE6CAD91656715F0E5C5E70F8D7F83290549B1BAA6F781D25180EBCA93EC84E72A74081CE3020789B3790E1A9E478E658C099BECFF01E530E80EC5FE31204ACFF70AF8177A03059240CD074978A002A878BF883FEEC
311
81DD684E406CA630ACFDE87292822A11953710F000885D6F68A67ED40CD772B0828359B753F7CE23D9479AB9845771B389D6A77130F8C134EFC83947392029B10E4425440A84AF0E54825228FC1634D369874739C837A9DDC83C20D320C36042610ECDFA750303710224D01202488012CA847424F8D53F78AB6BECE9B3B35A
311
7F32396AC6B7444566327DBB4DF06FD9616744F4D3A397EB3B0A3FBA8D763702883ED742FE5CD24146D8E353ACCF811C806AE09914D8446E93840FF4D6C963FF32BFB6AB015D1D3B0C9A0968776F021F21404B6260CF84A14F35180CE20B5E85BDA2EC91FD5A7DBA7E5705F4F0F97AF26CE18E3BA078138202400A62930FA6
311
CC7882F911A92F33E547E64990B0F27323D73B6222863F86425153FA8009361C675554C25382CE148420C8DCC47A20122806CA178A0918C14CBD33440289078A00EC6070184CA9907FD0A1270478E0B325B67C2193694EDB7DD0F3C238447C8A11485562FB4902134E6AC952FD5320A4F7C780882DA9684285CD81D278C0E8
311
FF8DEC9F45D22DC3C2CA99C2728110888799575B6834BF22B0F01EDE72D7F21B672C40F0A972999E2200B7C91403F9BB3D09C01990819238CBAE5E7510D7D57450507E3DB04AAA0A3C280064E0775380C8C16EEA4834346A04BF0CE847B4B3AF760D06D24BBB267C32E2C9257DE5EB748AD101AF1FD33265E2B674EED8C01A
311
0AC901392211011AC810560F77778E85B13BAFE3E25C95B70919A4862C15928BD8989664AD8638101D009A80F00BDC41AF27602A4BDA0C077E550048E7F1011410F01405045E1C140B4D0E70E0F6E034171C3D6FD12004FCC1FA304312518910356628A4A326EC9ADF5DFFD1B2C0399503F14B4F8E3E0E4E39A06ABCB56A80
311
14687E86E462BDDE5124615ECDB412B7314F62E6E0C76ADEC0F717B360E741960104CF1706CFA18E0605004B01AE007869B095ED92144A807841EFF2811C047889A04901C809062057192688C92346F97F279449F89B113500BAD282D1DA80A55C27EFFE02C8D4F395003F285B617BBF0831F49B055342DDDD414378E8888E
311
92C16789F269A27C9A221FAA4A0DFDDB9F935B2ECC04DC51481558A69301E0460B02665AC4DD30C03D480866C3409400051811876014C0F294C542821AB045011A3E3F09001FF304E3A0BED05CC11A811B865001769507FC01ADC611F400CF68C7B093606E30F3C7E0F00C1D10C31951C1E2D7252181DA00345842A1913071
311
5C736EC9ECE686A712FDB31E4D3E50AB336E5666D7B212C0113C4A4406029709B43D0228F3FBAF49921B19CA0C82A2D5BC4A2079809240F37D3E10F9637607C3983F0458508A98B8B4EFC92AC13530180CF55359500080061DF59B98BB3FEACEE881DC8127F182A885A86FB12B43C590A4380504E32305E3148BBEEB2D2782
311
029765428092545BA5C2C681FC5F8E869C0EE1034A822FF09A12C94084505AA868080303473F8161F7AA0A6610745E280BE4427FB770106F8800EADABA19F453210435BDB2348471B13B65F2FCB554827632C4C44467333E4127095D22092ED492009930413251B5408345065065E415266E20279A40B3F520370BE2050C83
311
60E6BB4601C1673B9BFE007EF5200B6483CD195400A783E6DEA0653515B0FCE8E86D1618FC1EFC15C2E727F24F2A2DAB57326D8D0877D4E298894E7A0C3C7D9CE8A0E2D17AA2020FA1097D6372F2A9F955060FDD467AD0426368C24A8340FD0D6687A76316DEF5179ED9042005A2BF02A5DD810A4DEFA4A8F700EFC50FF4FB
311
8C06410F0303C106ADF8852ACC6A2CA9046E9ED070739339857222CC009E206479886EA26227BF7A341A15C351A8404A6C10080A2140FA4B4E8D9B9A11645899332363FD69887F436A660566964250FD752E787B64BCF8E6C8190DF8EA0C854C062D8A5A1346F810414313E606ECA0AC3A01D6928544029D5F42E202C0CB38
311
6F880F7842A31287061F32F3CBE09F2950783394F2F2B23D85386C6F51943E99DD10C8A0000BA9569A14805693274BD0E4F4DC3F28E331EEA91C4F33ABE057889BFB92819187840A08E57A276A8BFCB75B0342668C70C565C8059996D209C2800941A21FB82B2F520BC2E6FE6F1A8827043DE17000DACC8193E78BBB8DF146
311
7978C06F6AFE986123E3A95272CAC122046F4C65C4B88FED2F1CD1D918F7CDBF8903BF1A90057D42F4DC133AF804ACBB58446A0DB78806FC053FA1E45D0AF1112613CC0DD976C5E70AD3282F42725C0D02AC8588DE451B1C01ABF063E7748A3882F0DD484BB78D037F9812240EB88B6034C0AD53E5116D4C6D920C6A89F084
311
E6D0598AD7EB6930CC7B293E27A666E5CDFE9A3FA52FEB3C97976FDAAE9A60008FCA6B33099CF9880D35D419FC687D424378E3099441E110C5B3C6DC311E6653514A67A530D863326C4D8430E0C28024803B5B069B0E60C10EDB6DF087034171DF01F1F3404B27B1056D8C0E56E7CA6056E7798147BE4C2F01CED5987E413A
311
C6A724876DE3F599E0601CE7B9CEF3BEB3671E12DCE8AF9631B8031D3F360B6955DC2342B2A0E4632A00264C0DA002220CFEC3E10D9BADC8904D88DC51928593AA16C91DF6FFF82B3234404C7214D0F8608E0052283EFB2B0563F1D072936C4017706010BCF1B16CDE0C1FA9C777E44E1F5259B0C9BBC8794A82A6C182A3AF
311
56B16921405351FDDC91B5BAAA617860E8D76C97C377FE701A4EB4378FA97C2C8E3CC8950886C6FD93AF70A1F5F676B7ED16CBC56AF5D09110EEB8607CC08A795882358280DDB98AFFE7087C6EB593D62F041CDB4018935238E73F1098100D0C8769818F777057F64C703C6530E142FDF5C837AE1CF66C94C4887D3A3726AB
311
990DEA248F73B5D32C8E04F6714B1E67C53FC52040252E605B322407CBF8C7F05453462A295ABF4D95592DDD76AC23512E9A2DF964715C80DD752CA8E263AC36F02C3C28A133EB22AC8D099BDEFDE28C3E8FFEE3815D5D00C17C00511058354D62443C1A546280E43572A9C661A34FA5891F8E7570608C8DF21DF51DF9D2A8
311
4D4501F41B8CD4F4C9DEB2F901E810C0E4CEB6EC08DFB06341C864CF8D0EEE779A606545E1E64AAF30A4324C20FDD3BD558BD966BA994FA915CD162B1978642AD01694E533EC190368A68234657085B5F88E27A0805E04B8BB6A00A51646EE3C10A50FF007FF410F1963CA69BE2002F0F902E701AEC995FD41F83A3F0C3809
311
A3288A083003A6CC2A20E6D703EE48E3777AC07ADD51EB6101603A9FCF17B3D5928F6D742EE7E4CF38AE2B03C5FB39C81D7B2978FAFE85AF3D2710B0582C970F0FEB0E4D1103B8BE2B4D560CA10002FC8F334C891C07B44FE06B2E3ACE5E1E2D1FC32203110ABF9CA0E8381F68EC3C06701328E5A38278A5FCD944CEA5283D
311
A933DF2A2448BD23F1C5D8BE04CC2DC3B43B3EEC29F8B5FF926D11D3E97EBF7FA1BD1E5E5F5FE6D3D972F548547783146ECD84873F377C5820F7F9FCE5E07378D6CBCB7E036DF7F7104079A05B77C6942D1BA95D47424BFC3DB6411009A42E207871B7EE9B06614BBD20F22F7523FB985F3F7068E37600273A3ED0C1CCC380
311
F6EC4AF01CC1CF95E4848B7BF950AD14C44F10460221E02D21D01DAE800F323704C00035DFE97CB37F797D3D1C0E4FBF35EE1E5E9E0E879FBF3DF6F474780A01FB3DAF01FE0C0798218007C2090A3008BA7682A338F4A8804A06CBFE6A80CEC766F49853F15B2F45FCEA3F8250012841315016E75E797EFEEC4ACA6C79F515
311
CF1738F7C36E2406071051043817C9E8C5888D49D0332E800062FF54FA562BF7446CC0BFDFBF8603D1FEFCC9F7FFB5A7F000430755C2D3F72F2D02A022820897ABDD44594475BDCCA4A10AF34C06B08B4AB58BBFAE30999DC66C7CE903A83CF8EB006EEEAA063430F84B05F0ECF644825F5E95073870E72A0771AB89B08002
311
2A0C5A9FAF34C89286257FB7BEA000EC65B59750C68E0815B0D9834B15606328F80709DE09018AC2A7817F83F96DB3D562C10A0A31300230CD4200B87F85808BAF64D04600254047F9C14DE93464009E7F5AABB4FDD6D55142A2C0BF1541FCE19C20C899BF4F76AB54B84CB97F88F48ECC029FD253F0C70DF4816B9AC94BCB
311
D653B1A283C4001A0337955E4AFED3FB790B6B1F5EA0B5514074103A38D84280EE0F5F9BE974EAB2D16AB1EA969684B6E4166CA28264B300474C7308D20013B204A65F82970718D05678B3315D442E1C0A327E2F56556040C005D2FAB1326A68A07507C9E46A3648555A7080F5F50219A00E6222E3E0862CE95B5680930530
311
742F1D041805E69B788161F015944D041182B861A2C17F3AF01CF5BFDF6C343F9171F5B004BF59C016719164B888EA206A02AD05E8464D06B48E4381A0E9345FD171625AC22198F57C003BEA5510F81FF78D31C9B033D0030000000049454E44AE426082504B03041400060808006D9F295A28BB58AF800100009E0500003D
311
00000039454141383441352D363831442D343443332D423031412D4132383931383543333135392F536368656D61732F436F6D6D6F6E536368656D612E786D6CBD544D4FC23018BEFB2B96DE15493C78601010A34B880709DEDFB52FD0D8B54BD70DF6EFED3AC0B12E6442E2716BFB3CEFF3D18E26FB440405EA8C2B1992E1
311
C323095052C5B8DC842437EBFB673219DF8DA659866649B798C078B48AE6410122242F2A4994AC7F93815DF85C049C8564CA0A901499DD886B2EB9B1E02448F358701A9235880C49A0119892A20C89D1B9FD768815CAD268CB5E0355B40B1E47F3E37A2020464BED06AA57CE8FCC20C3C3446D46761A2632A8C1283D07031E
311
FF2AE7CCB1BFEEE916E406DFAC8E36FFD99A9D60A6944090EEDC3B670C7DC13DE86B6B2C5C240D6E503BB85ACD579D513F1B9F9A69DC9CC22AFA80C426D40AF0B21EA168559156B6276F0F726A6BFF04DCD513A87A62CAD41FB24FCB2858B3952E3D852084DA25B9303C15687973CC8E8AAE11DF2836C38C6A9E765E8C1BA1
311
BFB1DC29CDFE518C8B5A7655A4ED7E77291ABEB80DBD82EC866ADE1B8D05AF9E35CF09D7A061F38A986D9EC412B8F0F65E5D81534D9B231D1E5A8FE577A241F3A5FD01504B03041400060808006D9F295A1004A04F380500005C1700003E00000039454141383441352D363831442D343443332D423031412D413238393138
311
3543333135392F536368656D61732F47656E65726963536368656D612E786D6CED585B6FDB36147EDFAF20F41EC7F69A2005E214768278069665709ABE0A3445D9DCA80B44CA89F7EB7B0E2FBAC4B2A32643D10E33505411A9C373BEF39D1B2F3F3D27926C79A144964E82D16018109EB22C12E97A12943A3EB9083E5DFD72
311
39558AEB07B6E109BDBA7C5CDC902D959360CE535E0866DF07A7579733AAB85D5AF234E2C51DD5B081CA7A87DEE56E47E2D6689E735AD0947194500A22A249308DB6F82682A3782C52A141BD80E4E54A0A3609622A150F48C16994A57237097451C2DF462738529D3AC5FCFFB5B401988BC78824973CE1A9A628D91CB968BD
311
BAC335B9A4BB379C6ABF5D2474CD7B9F773F7F78C349F055EF13FE2CF856F0A7379CE2BEBCCE6456F8E316A9E66B5E18E4AC77BF5812F5937FDEF0F5BFE3E3C785576D96659253EB54863A87AB5D98ADFEE24C3B8E38FE48BAE2C062631799EDC8BDDD833C6E88585B9287340B23AEA990CA49B1A473421E81F856D06D9125
311
E45E6F001C4F7F85D6DECA8C6A835753A250DA50DF92F743409CBC3BFA4C6EFCE2618D302A0CEDDB264D93950002937BC66489A18D0A345DD650415124BE376A745EA9F0E016108E328D14C979C1302CD6BC0A4191B2C2C49112FFC0DB51401288D6A44C26C1B87A160AB6A11E5BD862514BE8B3DB750607BABFF6F781D6A7
311
4EED6EA7AC28FB3BA68C87AC94B2138A99DB41AE7147A71F56659287340123812054CAEC8965690A74E111C5BCA7260158B0963EC50C07E38FEDDFC5C5C70AB6A915F446D44E46C321E46087E23E221E2BC0DA6EB440EE6F44E80CE5AE2E2D2F31AD7AB71B8B139AF730773909401FE0D8DC3FCCFCC3D438DC1176062076C3
311
CB4A9D953ACC72CA84867CDA0361E0910F4EF3B109A07D332211C72556825745A215835F47678059E337068E3ACB0E2EA2B507175B0818FD1082EB4D26186F85BAD33464988F1420E1B9E43D522F8452A450106B04F01362BFF1B2BF5059B60F687C9F663A54396722163C7231012E7480FE916910E6572B6D8F4A54CBF92C
311
5CD324A163C8508058D3F16A399B13B348C6830FB5FD47257A1B8D2CF08253EE776B3A72D782D895363D96020B6C18D3C86359B3C6D45E728B4B9D716893D091E4D533045F495D2EFEF633FF5A660A520A5790765FE52E12F0AC82685E7FFA0398D65528850A132894DDE9F837B1DE48F8A74D487795A482C7122A6DAE377B
311
DC5DC212A465ECD8B03E7E2E208EC88DD9DA89456CFBC477FB798C74389668AB1A75C820AB7568FCBE0B5F94DC9AFF0D038D9F77E49D45B8278FC7177D0DDCE732FA0BCDDB42720FA90E87115FF76375C5696F368AF83103F6A5911FFF03561EE06AD10ABE933AA9DEC398588888137017449E09C377051FCAEED1E8BC3BFA
311
9CB27DA2CFDBF533459F374FC0C4FDECCBF3E06CDC6874E0710421EEAA6CEDBFEE60EB913607436C3F5BBF713F6F42253B9A4A0FD64C08416FA986EB02254B1846D82E7CE2584EBE31E340E9A8247483F07D5B84AE3A5AE0D4C5B202EE585468BA84105B1F5EC00C16FADB133FB7399F390FCF245CBF9027A137FD26D1D651
311
058D44D9B331A93985CAC2046CB4ED9E0314977128A42C13DB06879A273052525D16BE833B8706BD1269FA69F2B9B109BB55D30D37679986D85848B86F026CF21E74809100180B0D280C36F6015A7DFBD06AEB6F8D503BDCD7DD6DABBBEF54E1FF5EDF0E3AD53C03509B5B816FE9F51BC8026F44DAB82BA989F200C4220B24
311
166C3037854094FD46C5648D9C42F8B07E53687D824917FED3CE56F3FBA68BE3C6853FCD64F4A00BB85831B1243346654A134805AF5CF39A9DFE22C9906A6EAFE8303A5F4AC4FBE637489CB62EA59B9D529255F326CCC28ECB77F812A7D6E63DF957504B03041400060808006D9F295AF702076DC3010000E6040000450000
311
0039454141383441352D363831442D343443332D423031412D4132383931383543333135392F536368656D61732F52656E6465724D6174657269616C536368656D612E786D6CA554CB4EC33010BCF31596EFF405481C9AA2A64851255E4A816BB438DBD4926347B15BE0EFF1236982021512B925E39D9D9D59677EF3510A72
311
C05A7325233A1D4D2841C954CE6511D1BDD99E5FD39BC5D97CA9359A0DDB61098BF9CBFA961C4044344599637D0F066B0E22C074BC98C7A0319C58A9B254B2435ED23BC2F388AECB4A6089D280B18D139496815152EDDF046711DD82D048498D902B293E236AEABD7DF74D5D839F69EE1D9F48E1F3BF448FC9E6BF144F351E
311
38BEFF9D662D0D16587B77825FAF2195BF515C395B563BC5197A0AE68DCF363BA831CF7C7C8D7F0DA23D42898037B451BA833673DA92BC82D87F636ACFFB0CEC96F4EA30EF9A0FEAB85D91CAED89348D80E9B178DDC3ACFC71D06F2528A182138DD8672E4DC6DC57CF91467432BA985E4DBE3DB399079353607C0A5CDA0B70
311
D4E65A122FA41BAEEF6C272908D315B076451BD55EB0FF9E092E11ACF8C6B5306028F9D5F15EB95426D31532BEE5D6EC700FBA0C1E94211D7ADC8341143D429D2671564059C2EC72108B4EE3847890CC4697DDF8A708DB01FD7AD8209A41EFC2DCFD7063A504821C7869545188D6C16DF801342CCE6B276363DC8EFA4AFD0E
311
86ED0677C3B77747C7FD3FD617504B03041400060808006D9F295AAA7D0DDB51000000570000004700000039454141383441352D363831442D343443332D423031412D4132383931383543333135392F4173736574446174612F41737365745461626C654F66436F6E74656E74732E62696E536160607034303537333736D4
311
7534B574D6357176B1D0B5343233D37536333575313030773476321702AACB4D2C492DCA4CCC492C28484D2C4ACC4B4E050A82012F90744FCD03CA26072767A4E6260200504B03041400060808006D9F295AC55C663656000000680000004100000039454141383441352D363831442D343443332D423031412D4132383931
311
383543333135392F4173736574446174612F53747265616D56657273696F6E5461626C655D8CBD0A80300C06F73E4B29FE6CDD8A2E82A083B8B7F209014925C9FBA3AEAEC7DD2555D896CB85E51C2A1BD834F6A1F56EC4494C4695278364ABB24ABD2146F88CCEBB89D5321FF8F3F43D672A3B44DF3CB6A1710F504B030414
311
00060808006D9F295A7146E301350100009E0400003600000039454141383441352D363831442D343443332D423031412D4132383931383543333135392F4173736574446174612F636E782E786D6CCD94314FC3301085FF4A6489317112A982568E2B044B2790A818D8AECEA55875ECC8BE20F8F7D8490650115387AEA7EF
311
EE9E9FFC4E6C3F7B937DA00FDAD9865545C932B4CAB5DA1E1B365297DFB16C2B85778E7E602CB3D063C352994971F46E1C96528B1D8C26558DB6A7A5781F02D21E0E069FBA0767092D0596290321342CA877ECA180915C8BE154B440505485C7E046AF304E22DDE332497904C296C9BAAC577959E5E57A5FAD37ABF5A6BE7D
311
133C91521C9C330BAFE332EF869BBA54F35E264BC11320C5E8F542A5D730F997CAE2A0ADE0919422908FAE2C1DF435C40E1806A31550348F3B45487984107AC167580A9E5CF8E5C52376DAEAD4B28BD2809C7F8E02D193C62BF4E43FB597F7666703815578CD8E9C6BBCBC0F2FD32F7A9D6339E5E6FAD272AEF10239E1D329
311
89B14997457E03504B03041400060808006D9F295ACE280277E7000000600100006700000039454141383441352D363831442D343443332D423031412D4132383931383543333135392F5265736F75726365732F41303537363733312D413539432D344344382D393236362D4336353544303037413342372F7468756D626E
311
61696C2F302F636E782E786D6C4D90C16EC4200C447F25B2D4630289B46A7745D89FE8A9978A126F8A966004A66AFFBED072D8D358E327CB33EAFA7DF8E10B5376145698270903064B9B0BFB0A856FE30B0C57AD12113F60300473E00ACD06ADF64425766BC39B29BEB9DE857B37770C989C7D8F6187C17A93F30AD97EE261
311
26539836CCF769336CA6794A98A9248BF500BB03FB019BD0306EA017B99C46398FF2FC3A9F2FA7F365797E53A2915A7D10F9CEBBC098283E2DD2521D43FD472AD100AD4A729D6A21403F3CA7445D6A9539D5FC1DE29F582113A377D670AD499065E4B142680E25FE61AD44CB5BE5AF8CAAAD1BFD0B504B0304140006080800
311
6D9F295AA233C2345D000000800000006500000039454141383441352D363831442D343443332D423031412D4132383931383543333135392F5265736F75726365732F41303537363733312D413539432D344344382D393236362D4336353544303037413342372F7468756D626E61696C2F636E782E786D6C4D8B490E8020
311
1004BF42E6EE76F3C0F216234B883063108CCF170C074F95AE5473F5C4C06E932E4F28601967600677D21E9D8092EDB002539227A2FCCB80E1168D80A6417297A89C5D6963B7129A0D1E8F2EE73AA7B62BBEB8B27DE50B504B03041400060808006D9F295ABE89762363000000880000005B00000039454141383441352D36
311
3831442D343443332D423031412D4132383931383543333135392F5265736F75726365732F41303537363733312D413539432D344344382D393236362D4336353544303037413342372F636E782E786D6C4DCC3B0E80201004D0AB90EDFD75167CCE820A4A845D83603CBE602CAC26799919AEEEE0D965E2E908050C6D0FCC
311
E04C8BC355404EB6198129C92351FAD580A10E464065907C8D948F8F166375F655BDC3FDC3B4E530A176BE7057BDC43B2A593FE403504B03041400060808006D9F295ACD6AF7F47D000000A30000003600000039454141383441352D363831442D343443332D423031412D4132383931383543333135392F5265736F757263
311
65732F636E782E786D6C4D8CD10E822018465F85FDF71466806E80237C1197E858088DA4F5F841F3A2AB6F3BFBCE11C367F3E86DD3CBC520A139114036DCE3ECC22A21EF0BEE000D4AA418F7BF1BA0306D5642C5A0C49A627E1E68B6CB947DA5DE85C70135A19CF1B6C19AF6065FCDD8E1FEC218368CD29110AEDB1B2FC6B9
311
2A657EBDB235AFBE504B03041400060808006D9F295A204643260B010000550300003400000039454141383441352D363831442D343443332D423031412D4132383931383543333135392F536368656D61732F636E782E786D6CCD93BD4E042114855F654262390C33C94677C3B08585958D5AD921DC5DC90277C28FD1B717
311
468ADDC44E8BEDE0E4CBCD39072EDF7F3ADB7D408806FD4C46CA48075EA136FE38939C0EFD1DE9F68207C4748691CE4B0733A93211FC18302F4DD27090D956D51A7F6AE23D3A87FE59BD8393A45356C63893B85EA9CC0935C413D532493AD200117350502624E3A04D500164024DC4C4A64DCFC69E6D5FC6ED6EB3DD4DB7AF
311
7CA8A4E06F88B6F1C62708B8DC4C4C6139FA6288F1A10282E7601A55531071EE8E963EF85008C1630AA58546A6AFA5907259AC513295B28615FC61041F6AD88BC80FE0211875AD992FECFD5BE827F01AC26379A960A4BDD6ECBFB9FC5B05C3BA01E51BD48510DF504B03041400060808006D9F295AE3603EBE7A000000C200
311
00002C00000039454141383441352D363831442D343443332D423031412D4132383931383543333135392F636E782E786D6C6DCD410EC2201085E1AB90D9DBEACE05D09878023D01A1D34A8419C380F1F82DA68B9AB8FDFEC93C3D7C52546FCC12980C9CBA232824CF63A0D9402DD3E10C6AB03A3397DD192872090D3406AB
311
E7CCF5B5D18893ABB1690CF4DCF02282E5EA8A5BB96FFE536F285CB347F95BEFFE81C9ED5AFF9D5B1FB575BB00504B03041400060808006D9F295A8A1F9DF77D000000A300000007000000636E782E786D6C4D8CD10AC22018465F45FE7BD76C1A0AEAB0D5838CE686E434DC8C1E3F8D5D74F5C1E13B47F69FD5A3B74D9B8B
311
4101695A40363CE2E4C2A220EF33E6807A2D538CFBDF0D501857ABA062D0724931BF0E34D979CCBE52EFC2F380E26E0CA786E10B27374CE9D0E16B4B0C36672E086743479828C6A92A657EBDB235AFBF504B03041400060808006D9F295A1E7A0675A400000032010000130000005B436F6E74656E745F54797065735D2E78
311
6D6C95904B0EC2300C44AF1279DFBAB0400835ED02B8011708C16D239A8F121795DB93D22D20B1B467DE8CE5BA9DED281E1493F14EC2A6AC4090D3FE665C2F61E2AED883689BFAF20C9444F6BA2461600E07C4A407B22A953E90CB4AE7A3559CC7D86350FAAE7AC26D55ED507BC7E4B8E025039AFA449D9A4616E739AFD7DE
311
8C8338AEBEA54A820A61345A713E0B17153F7257E37E705E3371913892B25F02FEA0F1FD83E605504B03041400060808006D9F295A3DEE336E64000000790000001B0000006175746F6465736B2D64657369676E2D7061636B6167652E786D6C35CBC10E83200C00D05F21DCA56CA76D41FC96062B120735B69A7DBE268BB7
311
777961F8D5AF396893C2ADB70FE7ADA196782C2DF776D7A97B5933C430F15651E5469C55D70F80A4992A3ADC954792C525AE70A1E4D6AD9816CC044FEFDF01FE3FDE907802504B03041400060808006D9F295A0B3F8EB5F8000000960100003700000039454141383441352D363831442D343443332D423031412D41323839
311
31383543333135392F4173736574446174612F636F72652E786D6C8550CB6E833010FC15B477830DA10991719490F2053DF566D90EB5126CE447D5CFAF1DA8D49E7ADAD5ECCCECEED0D3D7FC283E95F3DA9A1E4889A1504658A9CDD4430C377480E2C4A8B336FCA24161F8AC7AC830303A391B970D12D60465326AAC541BC8
311
BD57010AF1484D0F5E7CA899973C86C4F0F772E1E2CE27559272E5311AA3969B54CBE4A66F5A3960F5482EA4C5031AAEAF03DA75A93B373546E378D9BFEC1A3C1E08A65516331AF4FCB35D38C58392498FEB16618270F746BA63DB1DEBFD3BAD3293511F5CFA795B9ABF0376CE575F79E0B45AA77F5CE322FF778DDA84A6DE
311
5C57850746D291CF01A3554E29956784A9E644D937504B03041400060808006D9F295A274421D4F30000008E0100006800000039454141383441352D363831442D343443332D423031412D4132383931383543333135392F5265736F75726365732F41303537363733312D413539432D344344382D393236362D4336353544
311
303037413342372F7468756D626E61696C2F302F636F72652E786D6C8550CB6E833010FC15B477830DA1099171D4D0F2053DF566D90EB5126CE44794CFAF1DA8D49E7ADAD5ECCCECEED0D363BE1577E5BCB6A6075262289411566A33F510C3051DA03831EAAC0DBF6850183EAB1E320C8C4ECEC66583843541998C1A2BD506
311
72EF558042DC52D383175F6AE6258F2131FCB55CB8B8F24995A45C798CC6A8E526D532B9E98B560E583D923369F18086B7F701EDBAD4BD363546E378DEBFEC1A3C1E08A65516331AF4FCB35D38C58392498FEB16618270F741BA63DB1DEBFD27AD3293511F5CFA795B9ABF0396BC56F48F5B5CE4FF6E519BD0D49BDBAAF0C0
311
483AEE3960B4CAE9A4F28C2ED59C24FB06504B03041400060808006D9F295A6BF1BFB7F9000000960100006600000039454141383441352D363831442D343443332D423031412D4132383931383543333135392F5265736F75726365732F41303537363733312D413539432D344344382D393236362D433635354430303741
311
3342372F7468756D626E61696C2F636F72652E786D6C8550CB6E833010FC15B477830DA1099171D4D0F2053DF5E6DA0EB10236F2A3EAE7D74EA8D49E7ADAD5ECCCECEED0D3D732179FCA796D4D0FA4C4502823ACD466EA21860B3A407162D4591B7ED1A0307C513D6418189D9C8DEB06096B8232193556AA0DE4DEAB008598
311
53D3831757B5F092C79018FE56AE5CDCF8A44A523E788CC6A8E526D532B9E98B560E583D923369F1808697D701EDBAD43D373546E378DE3FED1A3C1E08A65516331AF4F2B35D38C58392498FEB16618270F746BA63DB1DEBFD3BAD3293511F5CFA795B9ABF0316AE71F9305CCFB47A4CFFB8C655FEEF1AB5094DBDB93E141E
311
184947DE078C5639A554EE11A69A1365DF504B03041400060808006D9F295A35835C8F0D010000B10100005C00000039454141383441352D363831442D343443332D423031412D4132383931383543333135392F5265736F75726365732F41303537363733312D413539432D344344382D393236362D433635354430303741
311
3342372F636F72652E786D6C8590DD6E842010855FC5708F022EBA6E908D3FF5097AD53BA2AC4B760523D0F4F10BAB4DDAAB5ECDE4700EDFCCB0EBD7F24C3EE56695D135C0290289D4A399949E6BE0DD0D9E4172E56C33C6FDB281448B45D620CA80B379337E3DA4D168277554B599E4210A6BA503C9F80C4D0DEC78978B48
311
8577C1611FE92AC68798658AD3DDC799F76A3AA26A0ABFA99B921BE064C02DA6A8835DFFD6C15315BA2627080E435B16A71C0D678C5816C39C39B5FCD0C74D0A27A7904784428421AADE7175A1D585941F2C8B4ECEACDBC2CE07346E07788368599439860DAD02AEEBCFB0224501BB82D21EA1B2C9DB92657BF00FD0AFD3FF
311
40AFB4CBC901DC1316701CE67F3D7096C50386F2BA6EA8F1D8FC1B504B03041400060808006D9F295A9F63E9E8F9000000960100003700000039454141383441352D363831442D343443332D423031412D4132383931383543333135392F5265736F75726365732F636F72652E786D6C8550CB6E833010FC15E4BBC186D084
311
C8386A68F980AAA7DE2C7B43AC041BF951F5F36B072AB5A79E76353B33BB3BECF435DF8B4F705E5BD3235A12548091566933F528860B3EA0E2C499B336FCA2A1C288197A9461C4D9E46C5C36485A13C064D458051B28BC87800A794F4D8FBCBCC22C4A114362F85BB90879131394B45C799CC5A8D526D52AB9E98B0687783D
311
D2336DC9808797D701EFBAD43D3735C1E378DE3FED1A321E286155167316F4FCB35D3A100154D293BAC58462D2BDD3EED876C77AFFC1AACCE4CC07977EDE96E6EF107F036FA393E059B54EFFB8C645FDEF1AB5094DBDB9AE0A8F384D473E069C5539A5541E11A69A13E5DF504B03041400060808006D9F295ACCBFEAC5F700
311
0000940100003500000039454141383441352D363831442D343443332D423031412D4132383931383543333135392F536368656D61732F636F72652E786D6C8550CB6E833010FC15B477830DA1099171D4D0F203EDA937CB76889560233FAA7E7E6D42A5F6D4D3AE66676677879EBEE67BF1A99CD7D6F4404A0C8532C24A6D
311
A61E62B8A0031427469DB5E1170D0AC367D5438681D1C9D9B86C90B02628935163A5DA40EEBD0A50887B6A7AF0E2AA665EF21812C3DFCA858B1B9F5449CA078FD118B5DCA45A26377DD1CA01AB4772262D1ED0F0F23AA05D97BAE7A6C6681CCFFBA75D83C703C1B4CA6246839E7FB60BA7785032E971DD224C10EEDE49776C
311
BB63BDFFA0556632EA834B3F6F4BF377C0DED63B3DAD1EB33F9E7191FF7B466D42536F9E0F850746D289EB80D12A6794CA1A60AA394FF60D504B03041400060808006D9F295A3CD6C58C02010000D80100002D00000039454141383441352D363831442D343443332D423031412D4132383931383543333135392F636F7265
311
2E786D6C95914D52C4201085AF42F59E24E4479329C2541CBD812B77187A32D44C2005C4F2F88289A5EE7405F5F85E37AF9B1FDFE71B7943E7B5353DB0AC008266B44A9BA987359C690BE428B8B336FCC0801839630F4906C12767D76597466B029AA41AAB7017A5F718808CB778E9C18F179C6526D710097FCD16395EE584
311
19CB364EF0A0E72FEBE850065420CAA26C68C168D13DB3EED07487F2FE85E789147CD52654E5DE0CE75754C42E214602D1543CDF9E23B66AB5435AC54FEAB34607A27B1A86B61E1A7AD7B2475AD7A78A3E146CA043D976AC6D4E156BBA58249A05F7C1C5D1EC45D210FE6ADF8CBFA2AD8BFA67B4CDE141B0EF50799AB3E0F9
311
E712E29976223E00504B03041400060808006D9F295AAB8D91B307010000B201000008000000636F72652E786D6C8D50CB6E833010FC15CB77C086D084C8386A68F9829E7A73B143AC808DFC88DABFEF3A50A9BDF5B4ABD9999DD965A7CF794277E5BCB6A6C5342718293358A9CDD8E2182ED901A31367CEDAF08B869111B3
311
6A71823167A3B371D9A0C19AA04C428D956A0385F72A60344CD0B4D80F57358B5CC4000C7FCB1731DCC4A8729AAF3CCE829E7FA483532228897949CA3A233423CD1B6D8E75732CF7EFAC484CCE62D472B3D212DCF5452B07929E9E694DBAAC7B79EDB25D03DD735592ACEFCFFBA75D45FA0325AC4862CE7C7070F3B6047206
311
E4C53DF9B2621D71F661EDB411209444D64C5F98C38634F8133A2EF21FA1B50955B92D5C151E730A811E03304E1F84F2782FD4F46DFE0D504B010214001400060808006D9F295A6263871C37010000A80100004F000000000000000000000000000000000039454141383441352D363831442D343443332D423031412D4132
311
383931383543333135392F4173736574446174612F446566696E6974696F6E4974657261746F7250726F706572746965732E62696E504B010214001400060808006D9F295A02D5CF48F5000000300200004500000000000000000000000000A401000039454141383441352D363831442D343443332D423031412D41323839
311
31383543333135392F4173736574446174612F496E7374616E636550726F706572746965732E62696E504B010214001400060808006D9F295AB5A795FFE3790000DE7900006B00000000000000000000000000FC02000039454141383441352D363831442D343443332D423031412D4132383931383543333135392F526573
311
6F75726365732F41303537363733312D413539432D344344382D393236362D4336353544303037413342372F7468756D626E61696C2F302F67656E657269635F706E67504B010214001400060808006D9F295A28BB58AF800100009E0500003D00000000000000000000000000687D000039454141383441352D363831442D
311
343443332D423031412D4132383931383543333135392F536368656D61732F436F6D6D6F6E536368656D612E786D6C504B010214001400060808006D9F295A1004A04F380500005C1700003E00000000000000000000000000437F000039454141383441352D363831442D343443332D423031412D41323839313835433331
311
35392F536368656D61732F47656E65726963536368656D612E786D6C504B010214001400060808006D9F295AF702076DC3010000E60400004500000000000000000000000000D784000039454141383441352D363831442D343443332D423031412D4132383931383543333135392F536368656D61732F52656E6465724D61
311
74657269616C536368656D612E786D6C504B010214001400060808006D9F295AAA7D0DDB51000000570000004700000000000000000000000000FD86000039454141383441352D363831442D343443332D423031412D4132383931383543333135392F4173736574446174612F41737365745461626C654F66436F6E74656E
311
74732E62696E504B010214001400060808006D9F295AC55C663656000000680000004100000000000000000000000000B387000039454141383441352D363831442D343443332D423031412D4132383931383543333135392F4173736574446174612F53747265616D56657273696F6E5461626C65504B0102140014000608
311
08006D9F295A7146E301350100009E04000036000000000000000000000000006888000039454141383441352D363831442D343443332D423031412D4132383931383543333135392F4173736574446174612F636E782E786D6C504B010214001400060808006D9F295ACE280277E700000060010000670000000000000000
311
0000000000F189000039454141383441352D363831442D343443332D423031412D4132383931383543333135392F5265736F75726365732F41303537363733312D413539432D344344382D393236362D4336353544303037413342372F7468756D626E61696C2F302F636E782E786D6C504B010214001400060808006D9F29
311
5AA233C2345D0000008000000065000000000000000000000000005D8B000039454141383441352D363831442D343443332D423031412D4132383931383543333135392F5265736F75726365732F41303537363733312D413539432D344344382D393236362D4336353544303037413342372F7468756D626E61696C2F636E
311
782E786D6C504B010214001400060808006D9F295ABE89762363000000880000005B000000000000000000000000003D8C000039454141383441352D363831442D343443332D423031412D4132383931383543333135392F5265736F75726365732F41303537363733312D413539432D344344382D393236362D4336353544
311
303037413342372F636E782E786D6C504B010214001400060808006D9F295ACD6AF7F47D000000A30000003600000000000000000000000000198D000039454141383441352D363831442D343443332D423031412D4132383931383543333135392F5265736F75726365732F636E782E786D6C504B01021400140006080800
311
6D9F295A204643260B010000550300003400000000000000000000000000EA8D000039454141383441352D363831442D343443332D423031412D4132383931383543333135392F536368656D61732F636E782E786D6C504B010214001400060808006D9F295AE3603EBE7A000000C20000002C000000000000000000000000
311
00478F000039454141383441352D363831442D343443332D423031412D4132383931383543333135392F636E782E786D6C504B010214001400060808006D9F295A8A1F9DF77D000000A300000007000000000000000000000000000B900000636E782E786D6C504B010214001400060808006D9F295A1E7A0675A400000032
311
0100001300000000000000000000000000AD9000005B436F6E74656E745F54797065735D2E786D6C504B010214001400060808006D9F295A3DEE336E64000000790000001B00000000000000000000000000829100006175746F6465736B2D64657369676E2D7061636B6167652E786D6C504B010214001400060808006D9F
311
295A0B3F8EB5F80000009601000037000000000000000000000000001F92000039454141383441352D363831442D343443332D423031412D4132383931383543333135392F4173736574446174612F636F72652E786D6C504B010214001400060808006D9F295A274421D4F30000008E010000680000000000000000000000
311
00006C93000039454141383441352D363831442D343443332D423031412D4132383931383543333135392F5265736F75726365732F41303537363733312D413539432D344344382D393236362D4336353544303037413342372F7468756D626E61696C2F302F636F72652E786D6C504B010214001400060808006D9F295A6B
311
F1BFB7F9000000960100006600000000000000000000000000E594000039454141383441352D363831442D343443332D423031412D4132383931383543333135392F5265736F75726365732F41303537363733312D413539432D344344382D393236362D4336353544303037413342372F7468756D626E61696C2F636F7265
311
2E786D6C504B010214001400060808006D9F295A35835C8F0D010000B10100005C000000000000000000000000006296000039454141383441352D363831442D343443332D423031412D4132383931383543333135392F5265736F75726365732F41303537363733312D413539432D344344382D393236362D433635354430
311
3037413342372F636F72652E786D6C504B010214001400060808006D9F295A9F63E9E8F9000000960100003700000000000000000000000000E997000039454141383441352D363831442D343443332D423031412D4132383931383543333135392F5265736F75726365732F636F72652E786D6C504B010214001400060808
311
006D9F295ACCBFEAC5F70000009401000035000000000000000000000000003799000039454141383441352D363831442D343443332D423031412D4132383931383543333135392F536368656D61732F636F72652E786D6C504B010214001400060808006D9F295A3CD6C58C02010000D80100002D00000000000000000000
311
000000819A000039454141383441352D363831442D343443332D423031412D4132383931383543333135392F636F72652E786D6C504B010214001400060808006D9F295AAB8D91B307010000B20100000800000000000000000000000000CE9B0000636F72652E786D6C504B0506000000001A001A001D0B0000FB9C000000
311
00
310
504B03041400060808006D9F295A000000000000000000000000370000006662782F39324130453035332D323743322D343238442D394237342D4646304636394435333235432F617474726962757465732E62696E504B03041400060808006D9F295A000000000000000000000000350000006662782F3932413045303533
310
2D323743322D343238442D394237342D4646304636394435333235432F76657274696365732E62696E504B03041400060808006D9F295AF270F1330600000004000000360000006662782F39324130453035332D323743322D343238442D394237342D4646304636394435333235432F747269616E676C65732E62696E6366
310
60600000504B03041400060808006D9F295AB5A795FFE3790000DE790000420000006662782F39324130453035332D323743322D343238442D394237342D4646304636394435333235432F7265736F75726365732F322F305F67656E657269632E706E6701DE79218689504E470D0A1A0A0000000D49484452000001000000
310
010008030000006BAC58540000000467414D410000B18F0BFC6105000000017352474200AECE1CE900000192504C5445818181B3B3B35A5A5A4848486060605C5C5C6464648383835E5E5E6262624E4E4EAFAFAF4A4A4AB5B5B54C4C4CB1B1B1858585B7B7B7585858ADADAD7C7C7C464646787878ABABAB747474A7A7A768
310
6868707070B9B9B96E6E6E6A6A6A8B8B8B666666545454565656A5A5A5505050A1A1A1BBBBBB8F8F8F9F9F9F4242425252527676764040403E3E3E9B9B9B7A7A7A8989897E7E7E9393939797974444448787873C3C3C727272BDBDBD3A3A3A6C6C6CA9A9A9A3A3A32020209D9D9DBFBFBF8D8D8D9595959191912626269999
310
992222222424241E1E1EC1C1C1282828C3C3C32C2C2C2A2A2A2E2E2E303030C5C5C53232321C1C1C363636383838343434C7C7C71A1A1A0E0E0E121212484A484C4E4C1616160A0A0A4A4C4A787A781414147C7E7C9193915E605E464846838583878987B1B3B18587856668665A5C5A626462818381A7A7A5A3A3A1B1B1AF
310
ADAFAD7072705C5E5C9D9D9BABADAB7E817EB7B9B7585A58BBBDBB4C4C4A8D8F8D747674B5B5B3B7B7B59FA19F606260ABABA9A5A5A39B9B99A9A9A78F8F8D6C6C6AC7C7C5451AD12700002000494441547801DCBD89771BD7B5A70B8EE04C702641712605CE034890E220088028C93245451215B713AF388E7DFD9EEDB8DD
310
CE6ABFF4B57D97137BE50FEFEFDBA74049B6AEED74869B7E87404D2814EBB7F76F0F67A8835CEEBFA0E42B854AA5B2BB5B6BCC951A8D52A93657A914FE0BEEE39FFE2FF395B9B9C6CAD2D4C4606F4B7FFF8D1B37EEDCB97587F7CD9B4343BD134BABE7DB48E3FFA7A228ECD6F6574E4786C0FC8B5FFCE2CD5FFCE297BF7CF3
310
CD5FFC92B52FFE58BFF9E69B776E0EF5F79E55CBBBF9FC3F5D3DFFB07F5898ABAF7CDA3B74E74EC0CE20230561BF096E97E05712BFFCC59BC80539DCE83DDD6E54FE61B7747DE17FB8980BBBFB2BBD4337DF487881AAE6C5ACC6AF25207877B2B527BFF1CB3B77FA47561ABBD7F7FA7FE146A5B6BD74E3164C7F51449AE95D
310
B412200EC539418717E7F2F11B376FF62E95FEAF1442BED0581DBCA1BD2780D23F506AFA16E1A7AD974EF17876F00DD7BCB187A1A97AE51FCED5BF2BC1F2BBE5B3C19BE27B43CF26DE00933658FE129B109C2FFF922CC22C4260FA01BEFB462A77DEBC35F42F600C3F5B0795D2E9E02DAD5E650B4438A92801B65C35CBAB7B
310
1EE5041CE69D3B6F1822DFB873EBD6AD3B6FBC71EBC6C86AE967DFC2DFA4CEBFF1BF54F6276EBC114E2F43FEC60B01A0D440A868B2920E5C4BC10D60931ADCB871F3268B21D3851B08E1D6AD9BFD4BF57F7577909FAB86F29B982571136AF01DF5FE32AC3BD9406CAAF2440A54CF176EDD01FBADA1FEFEFE21FE4C9858DFF4
310
183458A9FD2B6708A5A5A137E0EE1D11A9EC0C7C58B2C73C0AD6B479BD76B7790CF899E287FA5B06FB7B07C9195B7851FA8794031EF1FC5F9406BBFB23375420286399B631E93B08022A785C4DBF9996EC3551874094D71B6F487E80F6837E50F483BDBDBD83232323AC420A18C68DA196EDDADF68A77F938F78FD972BABBD
310
B7B87FB164AC6FC2CB760365821ACB74AED44FFAD7E7431ECD7E08AC421F391D199998989A383D9D98E8E56F84A318C58D9BFD2DAB73FF5222C8EFAEF4DE7AF30D756E5108683DA471E70D0502099A7240F19E4089D3FD203E620F1B47BF43501E85031AE44B4B9F2E4D2D9D4D51D8970983FA861B3706FF950CA170DE82F6
310
B312CC4F42C8966295F7D725ED29882415DC055F36DEA1FE96FEC141493F05FAA9A9A5A595B333DED5B3D5A533F62183323032F46EFF13EA0AAFA5FBF7C8976F8C10F7280A014832593B90004D52341980D907EAEB73411EB2F1EBC9F507F92746C40E7AE0AFAE54292BAB2BAB67CAE0746264A277B06508168C94BF772BE9
310
765F7BF0B548FE1E07F3B5A521340A5CB5297C4B12811B89E82191ECF3E41B3259C529F135E23CF4C7F961FB13537F5A02ECCAEA76B5BA5D3D3FDF3F2FEFEFB3AA22053E5008833428DC6C59FA2F770595F311F235D427F379BB8A121BD901B96076A388DC4C3C61C7933CCCD770FF375A6E0CE9F535FE2534BF5ADD3E3FAF
310
D71BF57AA951B6D4CFEBFB8864758A26154430080B06ABFF557610ECC93726224F155D1471041E0D42F82F4891C926C1355B0831649FF365F46FF05300A7A790BD8ADEEB0D4AA9569A9BDBADCCD56AA55AE377F5F3F3EA2A34983A1DE91D810543138D7F28E57FF4E2B5335A3928B76EA1CB9B00BF158C8F63A2E788826896
310
D0B5E7C461949ECE089144F8EBEFC7FB4D8C9C4E9DAD60F7FBE572B416C2F2423ECF8B86C439E450DA970634ACFDA977629098D0B2FAF313A36B3869E37AF7853378CDA1171FBEBA95DF1E44FD5144A420588641B0055A79ED91CC0DC41E27064512FB33F1F04D09D0D2DF0203A646A6CECE80DF28356A348CED8C4F1EF137
310
B9319E1BCD29867CA556AA97F7B757567006A447FD375A26CAAFDED9CFDCFB2BB0BEEE8AA5911BC2C7F85DF88A3775389990AA72219D582409210F85A4E66F2987D875C30848023088FDF77E87F96FD7CBA5B9DCCEF4F4C9FC7C676777577B7B7B67E7ECCCE4E8DEE85E81A6D55AA3BC7FBEB242589CE8ED4770E785D7DDE2
310
3FF2587EBF57F50B9E820527316488E5C32D50F979BCA58207297E2B6D658702FFCD211840FE43FC9F3A5BAD9E97E6F21B9FCF16BBBB3A3A5A175B5B1787875B5B3B86DFEFFC687A72674F19D46A8DFDF3EACA59E405375ACE76FFA922C817CE86A89BDD92F400F2C55B7462F610459837D3A61ACF50C7471C8F2F2A9D38C3
310
DA2F068007F80EFCDBFBE5DCC674B1D83EBCBEB8BCBCBC3ED0D3D333D0B3DE33BCBEB0D8DA35FBF9F8CECE68AE020BCE61C112A4C1138CD47F9AD13F7DC6AB9CF9CFCFAF9D0E01FFE6CD503F5B91C5218E2899CA15098714848B04FCE5654884ABF0E554F11F6C21D73D5D5AADD64B7B9327DDAD8B0B7D7D6D6D07070763BC
310
0F3E38E8EB4310EBEB8BC3DDB347E3E37B5842B97C4E44A0C630427E5CFDFB71E03F471E12CA9FF70E055AE141042DD81234B879EB4606361D9328149037D7D76A571A7E974FA20AD0323832713AB5BA7ABE3B3E3D3FBC30307070B0B9B645D93C3CDC3CDCA41CFC6AAC2D64D0D579B4B1B397A7C1BDBEBD7D36657A3CD4B2
310
F44F4909F2B9CA597F4245C59DEC354316F0587020D0C661742BC02869435FD12CF195C422DB3C5A3E2305C000CE6B7B27ED8B7D63079B5B5B878787C787C7C7C757C76C51B60ED60EDAFA06D67B965B3B672677080BB5329E60E9B477847AE2E9EB53E35779FD37EFCD2D0DDD68AA355B6B0D81860502B8B68C801F5C697E
310
9AD62F4B406244CB975560BAC756AAA577675B07C6D03778C17E7C95CAF1B3ABABE3E3ADADE3CDB1B1B6B681014470343EBA979F8B90383545727C63E43549D14FD0F927E5F1FDEFD7263058FE02EBCD1BDCBCA053496BD58E69BC44F9F854D4D979AE9ADB908824382AC1D4014E9756EAF9CE85B6B54DB01F02F8EA5908E0
310
D9D5F1B3E72188C3C3AB67879B07C8A0A767B8B831FE5E7EB754DEAE5261460243FFF07858D8EF0D658BDC563A2C5EF5833C13C90B69248C4DD97842B61DFA7F210A2F6108A0F96B62E2D3B3F3DD939EA47E30ABF5AB2B903F4BE5F9B36757CF65021E616DAC6F60A1FB647274B4B05B2E5341B082D43278F67D8DFDA48AFF
310
9A13F22B34C7586C9992BA6E66CABC190E313E7C811AA57304B421A75B289B9D174CC868C24548823E230B9A5A2DCD2CAFE1F98E61C015CA7E96B083FC59F3ED06EE60F360B3AD6F79787ED278D0A86FAFE00BA9220EAEFE1D5DE1F7855939C3FCC1332426B377F692406E022C010DB437EF009803F0DCFD3B7C94440571D8
310
F2C328F115F47FD324802070BAB43FBA80EFDB92FCA1F7E7CF9FA875CBB327CF9EB08C4DE4815BC4210E2CB7CF1CEDECEDCED5B757490968286899FAF95583BF46F9393CEE6A86D6F618CAAD9BFF0BE22B042412C5CFB50556815CC5BBE33E9F61ECEC26A9BCB8145FD10590078F9C9E953B513FAE1FE387FAC246E14F9E3C
310
E7F5F8194BD6594140876B6B84C5D6799C61A16434201E5237582AFD75C07EEED9863F463284E2E13425A036BD41061259289B6BDC1ED656FC8B8592C9D00701E27CEA749F0D8EF44EAD8C1F80FFF8F8F9D513191F6803384C800097F24069C407CFAE88136B7DCB3D5D4A60B711F19070D83235F77331FD35E71596688903
310
8E2E0B346EAB7936C4162043E1A1F144093695443A570144898BC4079CEF1912809A3035A1D3F361235F90FFF1E3E0FB93C7E2750719F88E7D8E68123883ADB5B18185AE99F1D11C1238A792DC4BEDE8EC6FF503DF377E0445F68FAF4E08D43082D02170F30131A154206CC559A8D9CFDD762B31273E4947A581E0D9BB71E3
310
3FFA07CD02CE2A6BE1EC80167497F2A81CFA3F7EFE58D0CF5D5D170DE4F89070B0BC4040CC17BEAC6B0586C3D3FF0309BC06F44B04A1E13729929B4DF73C44070692C810B08AC3012E8EE9EAE22067796288C193B2139B970B86F47FAD0F98382B1E035D9C32FD318A4FAFCB274F2E1FA772F94411B0CD42493C23393A685B
310
5FEF3E1ACF554AF5F3552A478383374E6B2FDDFC4F6DFE38F4F4ED7A7FE838F488EA852482F412D3CB07E293D02C9F074F12E84C5AAC423271450572A385449844706475FD38DC3C22486A0639E5F1E38B0CFE93CB4B25910EF309A2224BD8DAD40C682C28341AD69047E8539A6AFC14EC573F7FAD10AE0FE6EB13E87B28E0
310
93B513B5803514DE408809BC12A14876DE0A25F643009E9176D9F0C330164285A7444DC8CAF0E9FE41429EE0A2F6A6DE91C0856C501272404A8468822E24C807030B1D33D40D4AFBDBABB411D093D88C86D7205E05FC57EDD1F805FA4CED5920F0CED39157E007CE21757C5DE440ECBCB46CD283E378029B43FB077B4F47E6
310
0E9F61E8D01BE017D7E843EB49F50A2028F1E442FCC90C9EE308E4C0C2C94EAE30B75FAD3A0EAFA57FE9EF960F14BE15638840EAF3BA490BB6850EDB38EECAFD21A0C746D0C4234DBD035EFC7EDD121FA585FAB73DB89FE6A03CF833AB0730E5E2F1A36CE3F202A128934B44E396961121E1F2C9F32BFCC0C140CFE22C1CA8
310
E109B182919696BFB98120234F61B59F7BF46EC30CF067B21A33B0FB3E402448EE266CCD93135A8E823DB31F85E677434E608F53F8100BC0098EA2FD6BC01770E0F2F2D1E5452A711C4BB8486248FAD756D852026B6DC90A2AA5C6B69E9068B8F27AFABFFEE8AB36F1D23985D5960014FD711940800B560250D2272CC54FF1
310
D3A660B275AC3881E349689C1616E1E9044129D032313509DE4700BC867C71F128C400159407C761022BA8A040F40A244788808C60B3AD67A17576279F6F946923191921B0545FC2F12AC0EFEFBD7262B6935679FC7F80629160ABFAEC88E8430E76D82A8DE62ACE50BD4A42FBF03B387B37FD321B37E31C3F063D99703F51
310
60E6C9E5A300CF32A91E0A085A29C0FC507F6C21012303C6104B82C1F1E156DB3229D1A855A32A8352C9077AF733A0AFE0FB3EF81FDF2F0F82C21B0EB06998866878B103305E31EC17F4FD43831E570A2118D1667632D4FFFFB125782F96168A833DBE78C3F11F8383A79D49F58F1E3DBC780417AE6581381E8610604888E2
310
913E12492881274822C221AD04CB0B1D273B8542837460898C686864FF6F801E8269F40AD0481DFAF5E6E9C1F3BE391C325004DF0746A4E4448F7B52C0D5EAD39EC46896B888C4210D68E99DFA2820DF7FF850EC407EB55C3EBC5028611409BFCB8889C90F1C52355AEF98B18100094C9D0EF6F64FD47E5CBF3FF5293DDFB4
310
B50DDD54F351446FA1F14580DC3902C085F593CB24ACC917B213BBC11B3F0A61042FD8B24F4FB9C4556D0CB9E1A880DE89934CE9607F18F81FDD950DD0E1D143F41D56110E227C250621FF098838042BC85B5B6BCBCBC31DD37B34966E9FFD9936A2FEFEA9EBA4182E5CD3E17AE35501FCE0707E5525A7DBC64DFD077825BE
310
37CE0BBE1BBEC061410C660B6E49912665E2B3749C7C9F93834022F74CDE6CA5EB501D9CBC04B768292C5CCB84478F3CA83074092C6082169015E5800D5839DC6C1B58EFE83ECA513BDE3EFB8EF1242D2D4B3FD55AFE03D42F8492AF8A3F21444FA2FA9ABBF525EAF84C09F0168527B0138A85D1EC0443C467B28BF844EAF7
310
6323BE13D7C11F72FED783837B970FEFDE7D7817E077C17EF7E2A1C2C0FE851FE4C008388C15E818958746129E1009D054B67530D6B3D8DA3D59D82D9D57CF70039FF50FFE0DE94089DB269C3655A4F25B38C49D0BD48E59F1526887C18FC5272197F85CA72862A593A4843CD25F920487DDF7AA0441A2C0600D062001F103
310
FCEEA3D8560CEC3EBACB01CAE5A51E420349F602191E5F901893142381351CE17047E764BE50DEAF9E4D8C38B6ECFFACEB141E54A6865A88A60133EE9CBB4C256930B0B168C1C3AB59FE1743FB422C7166082E934AFA5EFA3E4BCE0B69362FA7041818B7FDECE1DDFB4D022007CA23E521F0700AAEB5888BBBF08023E128B4
310
045381542FA256B0D04E28A0C3804E233A1BFB476A2F48FD135BAF9843BEDA3264EB42BA499601F16B566E72C7EA35908ABCB9176BBED43204C696AFD3D7B24B08D3AFA44BE243D88A6D9D0B6562B52F741E1610C0EFBBAF2B0829289A640EC4C8A4FF66A24430786CEBE1E1E61AF9507BFB496EAEB64F8F49B4129EBDEC06
310
5EC1F8A3F228A3CD0950883B41BEC6D1944AE06147289600A7726313AC69A3F91197F1438BCB743E76F01F6EF1D1C854071670FFFE43FF1EDED702EE5A14C85D0C42DF90B86068800659AC88981855E3E774A71C0CAC2F76754EE7CC87C808D1E1E0F6CF47FD4224731337BE1E39C5010823EE997B1491BBD99FC8D8EF7748
310
2BEB5EB2CF66499A8E0F7511B19B3EFBDACB6507BC78731B1B383D02FFDD7BE8DD9256F7D0BA7B46015941097B80018F700FFA024CC08078F51806100ADBFA163ABA8A3B95B9D2F92AC30BC908ED31FABE0CBEBFFF0279B675868F9AA24E9530B08C174055B7F48E4F58002F3E82F0BDFA003E8B431EB6C4A91E4D9B5FFB79
310
1265BA8827BBE5F1BCFA7F789F72F75EC800F8AE43FFAEC42F13009FB905A9A0132015D0068ED7682AC608BA6771038DEDB3B33082891FAB1ABF5614F93238079726B833958796B845B731FCB86316713C1DC581B1E19B424EE32674093F80776F7E27C6FBFAC85C536CD955B96EDA2A3FBF770FF4BE11845470EB3E42D022
310
000E0FE07D161811020742162444668308801E133A4C163BE68F6826A5523071CA78B2FED51F28F8C70FE4190073A3E5D3259D7A288CD19BDE623F10021BAB0C6E327FD507B2741627727EA00D31856492F9F009D7F152D930704E642795C1C1B336E0DEBB7F0FDCB79318543B25341F36802D64A981A690B94259607DE0B1
310
9D466BF8C1C5E1CEF9A3FC5C639FD6117B4BAEAB453F8EFBDA500A67E8BAF76C8A06566E36EE1184E8329419161F83D843D5DE7D8221163E145F56921C3EE383978072129E290A9B7166E63D26BAB1FCDBF710009E4051842390031845F20077CD079407C575F20364C4910ED2A574BC357630B0BCD8DE39335EB175646A69
310
8458F6A346F003A93002E846FFE0C459B8006E506D79BF902908A0AA05CB5E73530E33BA1D3C2EF99C712B7C8B41DF4D2A7830BE8707485FCFAEEB85A09AB6D39BBF7B4F23E00509C20DB04E240822A4B810E04D8D53D10D504C059ED86BB8697F514777717A8F8144D48A4C89077F7EDB00E2D89DC02A7B975640A282C49A
310
4AA84B70B12BFED8EA6584860DFB7EE23FCB00C6BAF7332FF259FA3C9346508813E372F1DDE425065BB61FDF8300F7EEDDBE8D0C6EDF46F7D8823478590AE23759D60DA6B7A9F125EDE8F4A5D2B37470D0B63C30DCDE3D3D59A8D1501EB1B0A5377517BDD6E301F995E3F955F0F58FAC2E81CE172A8344AC03DC6781939D24
310
84B8FFC15E8F3ACCD3954CE19576B942D0A029188EC7013FE59AE90B71292DE774F1F63D60230180B30A2EDC65291B6211B4081128856001A680015CE000708254891851D4B3BED0FA4D7166B466BFF1D2A924885AD12B387FC0FCE6819AC3AE06A7AA4B715F0927B74D119D4A668FB54B8A8C268D8B038A207D10A7B1E95E
310
42195B695BE0240F7408B311257C23F581E987C180140C584A02B1670CB817CEC0A080F259F1360E58452013200E3EC107AC1DF4FD7B0F6D23F33347F9527D9F51E6138E31AF35F1BDAAEEEBA3D71BB402E2FB47CECEE96B4DB85536772B07C82A34F3E66D0BCEC207FEB9E70643761276F7B50D5EE963CFF80C7AF4A2130F
310
5BF8C4EBFB5F07B709840480DBD8007FB7EF3F90104908BA457D43AA2A6A02C91422285E5AAC143F3313A0CB74D9D164933B86C25587134E8D342B453FC982860D09FD13ABE72055ED020E85D3E312F74C25CB0293D978A1C4001927C80B86FD06349126EC219F0C735C8053D8F5F310817EA01F1B7851F406144C211C6362
310
C27DD51F1E310C0102280ADB891E9B085CC528A2B1369A46BA195B9A2B351862CE43174BA73FB7CBB430A5798F4C54B7333B96C3224A9863AD02B9FBD8E63092191924E77C199D92887DA594B6DCF0112857162FD0949FE6A441F5E62E42FB2105BC405A2301A3424601DC807912CB2C39C604A27908021CDA30C4C8C2019A
310
883B3A8BD393BB3546136EAF561980FB63E9E035FF73B96D09A905ACB2C11D79571C5159026227DDBDB81396EB03F14100BEB66DE1FA9EF82C3ECCBE318119C4269FD014E66361FC8BB0B4EA9A98EF3D8848A01360430284335004C183CC25BCA82D2302EB03B8419241C64DF4F5ADAF77B533BE786334BFCBB8DA72BDBEFF
310
C36103AFB30608A0B39B58D93F0BF42180841DD26BDC22CF0A770E90240006BAC65197D90920131C7B2EB3CFD3C71C6378A305EE8488FC1FF8D391E2BDDB0F6E3F45E7C8207C419800DB410073A3173942CA8D5242642A74496FF115832A6314D9FA4257577BF7FCF8F8E8CEE8DEDE5EBE76DD3CF892BA7FB8B90F629431B5
310
525E92A15A3A4A6FEA3FDD73136172060959206591F4C927196CF645AA285CF3014630121754261C0D31E1A7E3DA2DBDB54B04703BDE3A4209F02045C4BB0F529A14BED07098A2A1CD47513DA64B512F409BC01663090796D787173B5AA141B1B39BB470EEBCF1E30F9D263ACC4D05110797CEF7B923B027F089F74D1D06F0
310
A4D8C0CDA6604023FCA45B76C5CDE0BF3845ECBE13E0C0ED73700A8A753C1AC8AEFFF1B407FC8A20F42F0D94019121DE304077A027D4112283BB8FF0072444D68AAD111D6F591BC0061854BBC048EBBE9E81F6A33A95C21BFD13AF3C7E7DCDFFEB0DE8903F77B41DF178E99C289895B0EA8CD640549D68935BA7C5294E0A1D
310
66DA0CC419BD398E6265789CA1241441AC94532A3C19C95340BEFC68703077EFC1D307B71F3C500859C11494838E902203A2BE90EACC5135B80B078804340C920C2300BCC06F7A1C71B875DC572C9BD1D84BD5FB9363CA6BA7D03E5C40FDFC54FC23C9B4B9DDD028787D89219038523BF64E638BB37CC25335937A00DFD328
310
69C5B390C8C32FF25C8C47A7181B4A599A224A9DADB0E0406FEFF9F183B7448F081E3C55024FB33828784AB61704482CD0160C04174F9E33BA9291D58C2F1F1B1B3B5863B0D9F3E51C35C253D54A23E560E2C0CB3A6F7A81382601C2079CAE96B7B1560D20A341E85A928A4E01083256420576C2ED477E2E565FD9223BCC69
310
1CF394D3D8E281501E0EE5C1C8159E92585D255CF30CC854C75318006EA4A01028EC853F9407C6053910BE105348324002260254886C156260F9189EE0F8C9A3CBAE9D5A992184568A69D5183A7DB97DB089FDC57AEE54F858FE54F577DBA85309640290F2D220952620750C5811FB772A7876D1E4040FBFC6474D51246D8B
310
3FB378283FB514F8AB3C20B8BF7DBE5DE541C9A5D3D38DDB30E00151E02523081BC89C2214103E0BC1B3D0199A08E002681A2613A2616CEDF0F0F9C5DDC75DA395C25C0309C03DEC8091A4AFD3FEB504AAC6633930556DAC86EE3561941E862C4A75DD6B6BB3A0C59BE153DFA73EDFCBC3CE2188D3D378FC976D0EF9A95B7C
310
8532F527CE3CF539581E0FE501291E9139FFB65EFF5DBD8E0C18DE3077170A64E033FD278F18068028802F156C3809FDEB11B1019C208D020C9BA2870457F0F8E1FDC7EDD393E3B9FC9C4308E9315704233F960E554802C14716B0B45DAB5EAB5E25AB7830EBB8D25E6CA94E4AA01794FB1EE164FE9F040FE82C940A4BCEF9
310
13075D087E85A7237D3CF29C47E4E676777779528C4781761F0BFBC1D3A77880E40C9A2E5109180D5255317890394229F0F082010354082D574F1E3FBAB7D6553C2113DACB97BEB5526C7C6F69F9310A94C46CD89FF8F379AD1AA035FD00FF3F320180F01417A6F255A3A8D86319FE0C0B0E06A0DCD33F79841339C01E5BBE
310
1911AFCFF7C1E0A540BFBDBFCF2372352686D863F83F59CB6865F43104007EE06F52406F680341102048A01BB048823082CBCB0B6AC48C313F3E7CFEF8F2D1FDC3D6F6F9F9D9E98D9D7CAE5EADE2A6512FAD7AB526E17F600C85550DDE9ACFE9D97E694513103BC69F8A2813176032C890C1E9C49FC09C61670FF8705B1D73
310
86260E7C8E7122C7F8208A55139E8C8D4763F7EBF5728DF9C34677364E3A3F9AEFDEC9CD95470788834F9FBEC512379890B38C94205B2557987C4186DF5C0837608DF0F9F3CB87B7EF6E920475752A01460E556919B2B64296FB9FB70DD5F47232A0F77465BF140CD001F00ADCA175090E2665A14E6329B62660E02A1CB50C
310
6025E3DA252A670B3F0FFAA5EAD94A509FE7036B159E0D1D9F2E76B7AE1FD5A606198D3A747AF450023CBDFD162278B9446688111009B4029B0F2180AE20A542D40610C073B47FEFE1416B2B12200F3C991C2F54EC2491027A816B0A34A9D05C6F437AC23462385DADD75642EDDA738AF1600DBE07EE8437804D2D011A94DF
310
71C2085EDD40266A407FFA1D1C00B0C03927E60338E3B9D8C47D1F8CAED578E06F7CFAA4BB63B175FA7C301B747CB377F45192003CB8FD34B12009224543D8604494011A80C1903CE0518C986208E1C5FDDB8FDA161686873BBABABAE74FA637BEA894A44078C19696F326E057D7F95D061A6B0394A9D5F2DCAAFE4C2388D8
310
A6E9AB7695CB0BDD0A332430F1A9333DA41D1FFB97FA09AE84E738C75C407C260408F8DBD5EDED7DE1570A7BE333C54F16963B46AB0C2B71208EA3D16EF4EEDCD7005241166C005A73C03164792151205C007288AE337B4D7103741BDE7B7AC913350B348B2D767515674EC6F72A0402BBCB41C81305AFCF05F2758D3ECAC8
310
D26AB97606DB9581A4B7A8FFB068CD5C0604E6849046B70C2B60FF0CDDF93C13822B4E82FA0479A68220E66D9FD775FB3C1A9CDBDB9829B6AF2F77EC9E0678FB20ED8D1B1A1A39D10F9812E20D6281F5673121AACAA9C53424000DAC173F7E18C3052EEE3E78E7F1160F5AAEAFB70E0F7775CFCE4EF384DDEEBEB9C0889D52
310
43BDF557559FEDE5F17AB21E118C4C31A3DF6A96B56AC62180293910ECD6B721047664BCFCC6B2DD3C65CA0F0C823DFEF84083C7ECCDF05898EEF158F4FEF97EB9C123F1B9D1D1A3D9F9AEC5F5CEDA84A3C96C14A55584D62893D6A54D8D2028D05C8B1F124884543F3223B29D208B04910D3FC43F5C52196AEB5B5F5E58E8
310
E82610F08C21BD443801233C0CE8BD1E40F84A1CA86001990048031ABBAB11EF83F9283EA89F181F2A0D9A9F62D94B7F625FD727E6A93F63F200F614F7CF100D4511C07DB45FC5F0CB4CA359ABE4774631FDAE85E599EA0878A3C33D5AD6430CF4C055EE5FDB80629000D7855DED3F436F3B61B3DC7FFACEFD2B1BC6FB0696
310
312CFA477CE87A87070C7998E04FBA78AE3F915A065E819FCF35B410321D9ABB308146A11AD5196CDDD7C477A171C8AFC74B45CBC6F641AB53C8D4ADA5870C02379BC0470CF83DB55F073E29CF5CE5F7A3F8FD62EB7AEB1774C2C6780B9523F9287193FD23DDB79FBEA513B45200E2E0C1B51350163AC19043C600F2C1DBF7
310
DEBA7BB9B5457BC0D840CF325EB0BBABBB786D301437000020004944415472B491ABCCEDAFC0591201CAC8EBFACBF367FE7B6E40E69F551BBBE7123E3C00AC560CE20C62436E8C3C54CC225EE08C0D74CE26148877689EDD004FB2BFBFFFBB984035373A7954EC5EE8591FE531348654514DB1D1C56411DFA2A7C212BE5ED9
310
1278F2851A432244C6822C29C85A8B320ADCBDFDD63BF71FD32648E7D098CD018BC35D7FE89E250EF2AC75F96C15271602687965C844B8807C6E7729D93F22E81D39ABD62A0820C1FE9F11CFA7208125D33E96FD69E83AF6052DD32D49FF0802CD9F9DFD39260389A950887A647CCC99BAB17132DFB5DED35138FB3A060F62
310
95AA5E195BF0BB56495A5A4A8FA440026E46A047D40ED2520A441C302D240F201FB8F7E0EDDB0E12A04D8816215A0579E8FE1B1281E9F19C9900DE79842E2A7CCD48E9876EB01C75DBA0E0C8D44AB5512947A00BE7CF5DE9E1A6A6BE43CF1A78783DFD5A404E4477336C1ED8B18908B2A847B2AFE9839E891137A6673BBB96
310
FBBA2A4B8E9373B001F08369BA11BE8ABC4302FD2345FD6014A127068427D007BE28B41D9B0D40FFB7EE531FA673C8870A69135B1CEEE8D009C08042A5B4EDA314920B635BF941E7487E45256439DFE9D276295F87E698389CD49FB394FE19720412DEDDC40E9CE9C6DD605E0B719FADC416CB15AB3A61F9B5B9B9426E54F8
310
1D8B03DD950946D432B40CEDAB7BB5AF11213CBA73C9BCCCDAFBCF06127C7980FE6D1DC9B4DF14832D6568FEAEEBA76FBF438300B541064ED33F3AC0B0D10505306FD370AED02859234402F6C3FED006766DDED2034D90D119057225EEE3DAF787EBF30EC51ACB4F551678BD6728E1944730C095F13E4D81A4DFFBF67C5BEE
310
37E62A85FCCEC6CC6C7BC77A5B477E22223ECA4FCC0F87E2A5E3EB782BDB25B8CFC6736A044DE5A7CDA604526361D650484FE283B77EFBD65D52C1C73C4F48E7D0D81ACF572F2E2280F98FB230508FA906B42DE240ED651B301CEC83DE1790C9FD96B6CBF986BECF3BD332C18EF627A0B6EECD5B152E02088D03D828AFFAD2
310
6B05BF671B4F9A09A8CE0CD2707F67F2A4B3BB75B9ADA331C1305BBAC182FB4A79820B7EEAF73199B8404C0B81231CDCBB871B80FC41FF5860E8E108222A1A076C29E6E03B6F3FBD4F1F295DC457573C7ADED636D6B7B8C88413DDF3B327E1046AA51040B40CB50C7E3F1D2E44DAD34CFA604029BFFBE714DF0C069908027E
310
B275F1F366C132E1A7450B04011CF82B2B647CE754F650FF6E25BF37AAF65B7BDA16CAA791F1D09F6CAB989EC5AB7809BE145FA459E8D3E4B0FB47DAEF093B946FED585B80FE1A0305FD5330FEDB4FDF79FBF6BDE81D8300CF6815E5F9896552412A03F31FCDCC7CB5E32365550CD9365FDCCEC8752E943161D78047336F8A
310
F6539840A1F2E764FDA2970999F205CD2BD1F5CF496571F76EAEFA0E1CF8FD2A55FD06391F9EEF8B9DC9994E72BEBEE1FC928E2F223EBA0FBFBFB4F2DF137BC894B8087643D64ADE6EDED67F7680FAC9060239E845FC94AE93D880F994FBF71FBCF5F66F9F32C292EA900F9C1E6F1105E81C5B5F58A067A448143842008D72
310
75EA3BBA3D2516FDF02FF79260020D6B3C714711F3CFB61BFF56A826E627E82256F7400FB387FEF23C1C1E77FD6A21EBB1B2B35F2F95E7760BE1FA3ABB3A981423477517EEE36FF96F122B942F6FB64D9502BD1B9089162532A2FEFED255028FE653C9F46FA321E0B588B7DE79FBED07C44106CC85133CA65190543004D01D
310
02D8181DDDA5A9C91A7110805B7875B689FC3902200FB192E7DFD936B37B57D9C338BD49E99E181F4E5FCAB2ABC1CA7AAB382CBC7D515457CFABE6FBC63D525E5CDF74B16378B9AD6774A58531912D232DF01BAA913DFB7D3AAFF912984302B84D0500077800D26C60A4742101DE420C610C2E92FA93056022EFBCFD5BB6B3
310
8651470CD33BD87630C05831BA864C85997B8754B05167F0706499DC442FCD22592AEC2ABF3FF13F950039BF159FA9B36ABDB2778EFF83F70972B83BFD3F4899E64DD8346AA495CB155A7499F2CE39B0AAE755125EB84FD8CF8D8E4F4E9FB4B72E8F1DBCCB98B31BC4607C2CFF21C8145FB48EA0F2159F86A3098415609554
310
DEFA7B27EF1301033DD06D274BAF6821D220DEF96FA4CBB60B3CA241C021D38E1AA76B4406B4767576166766A6C7F77273F5F395291BBA19F64F2E3095C14F3E60371827741CB27E89543857D6D96BF9A47C6A9A26057840332EB843717AAD171880217B71FCCC0355AED3D4819911F79D0EA8AD6DA31A83E36C5DC2D47029
310
5C011302387069158F6C9966022367ECF1D00BA9BB95C389AE7B6105A1FB640689033A7FCCFFEDB762189103A61C3A4FEFE0D6A6B5A19EC5755A443AE78BC5E9235B047890A65919A0D2F96AA3C01CEE913BB3ED239C3E0CD8DDAB99E4348BF3F8B977B6C43DEBEFBD7721A839A63B94C06A10DB87FCBFA3C2932F8C26F88B
310
6D6BB30C3C4E09AFE40FAB52EFAA1EC0316920E031A46D65A0FFE45A673432E907FBCF86717AC04F2CD0EF512D665FF53F05BFCDC43489F150890C60A8E0314E70A06F619D30D841189CA15D3417F3CD50191AE4396543F0C42BCFD696C58DF163F5B46D708BD5FDDA5E5E5FDF9401BC4F7E00E8A17520833D1CBFF495B5D1
310
CE037C664123EEE74737268B5D1D3DBFDA6AAD8C08DF2C0BC7A737E10AAB2A7B958990CEBF556CDBEE823CB09FB344143463C630CFFF585D330CF0320E921744A7918280FEEF981161008E9FBC78C830217A07B7D6985E83F9A79884ABB5AB383B4D7D788F9FB3D867A2112A43F19042B33A108690CF6F472F8661CFAC9714
310
78757F6E6F2F7AEB82FEA85E5715941778B278281F28C268AB24BDB470EF3303E09C359E9DF1CF990D8A096106E6A66C8620DDE7D281DF0B2831F20439A30D68386CE13E002F7EDA8D7806162B205D6A19AA1FABFD6B1B400EC2BFFDD66FDF7E8755B4883C043F43046C1326136680404F1F934EBDDFDD39CB58A98DF1BD78
310
80E0532E671FA1435E9D6EA5E9071000BE8F262E7C4044FD95D5FD526EB40A05A634775F32205C3D779FDC168CD5E56BF982508BF572BDA4F6F57D3304BE9EB18149461B12F760D7485891CA47CFC44909136FBF4931716A2E100123FC6CCAA6A644F25EDF4AC980B14039009BECE8B798BF69A05DC5B6885CD23F8E13A46F
310
F0C0A986D617F001C52241801E87C2974C31411DA3A5D7B6175472763D637D3E57C33B908F867F4A59CFCA7923375E5F027A983E18BD7BD4E6FDDBB2250C1529F4202EFAAF979DFFB1F2612E87EBEFEC58581EDB9AA95AD1D7C1905F7305BF8182D5BBB524D47C4E3B81CD843220DE1E6536497C0962C225F75A2D6A998303
310
B23FC501F0B3F736EE1FF01200FC8C99F5515207C9C40081DF304C0A17D06E26CCBC5B3C47459308178301FA8057C2C0AE9D99B05F038828B08400F2E3251254DD7EB8BC4853B101F99AB48E387457C96951E5DB670648BAB70A7B04FE93EEC5F5B183F9739C98952C6845C380D401B8FC86E70A20744EC720E09D35955D96
310
A9041720196D183AC2CFE6AEA816652D0234883D788BEC8F5DF2615261DB031C2381092401B48D8D2D870FECEA9C3D99DDB036C8A051058030E32190976718C89F031DFBFF2EEA3D88606A8A19BD0AE305BDFD12BA4FF46F1A0002B07137989C748936E9DB2C91F43B07E4E4D16C3779CF5A4FFE8CC981F07C29E34B7C012A
310
F0054FAEA4A6A3D49D3A16D2B3CF220A029003366663053C89B3FB1827080DEC2780076FBFFD8E39810CB0593CC68B5D9009F2D400418028B0BC6CC74067E7C9CC0C2690FBB084AA5254A12AF63543B35EB40D17B693F7E3464D5094C00AA9E04E0E0524F5C35C5EC6BA94B21AAF2440725E2A9FF94FE7A8F0E769EB83FDEB
310
039B631B18BF396F5C13CF89ACC02C387DA56DC3B1CD84B96CFAAA37B55FE723B611062258257D331F186AC93D8AD600B4FEF4AD777E4BF68F2168FF08C081A37AC13446C859964803961928476D78F68419390D830C1935B5C2A0A22A3AB17D3D6428BF12DC373B8D464E04C0A496BB3B3B75639DCC2500E0F0B15FB6F47B
310
5A7ED0183A87CAE8D535F2EDBD4B3B7FC762DFE65A07C30B2851DB890082ADC07131EEEFA3DB7DD5CD32C0860CA83CD4B7993A175F422A8149B1C1D94C1145059D9C78A8A572A90B7C8B1E3392FF77A80C50220880FF3669004E90F101740D2B808181455A044904674E7482CC3EC85C4BCE339404C0B0BF6A5611E4F9B815
310
7BAB6DE327EC9BFBA1B4557ECB609C1F45326499EFB90EE78F18227F09E563C9E63D847EDB3B68EB9C39E95AC4F7ADCF7D87F6752BB6912040281E4A0D8A8314E80D60470999B8A51FB1488A66A9F3F81FFA61C83F4FA6969E472288FADFD61B005E0EA4284822E018911828E868614DA0C36E11F3A051070BF2F0840E35F2
310
00E2C0C80A776CC9E7E6841C0503D0EDF15ED9AFE527E798D23BEE5F0604E58DFB7099D739BF0BA5D332EF29F1535995BDBD0DE681C4F71DFE6A7AC5A13554AE6910963E9ABC9A0DB5B202225545F5CFACC942B5B93C207352B6E5310BF349AF200175D7DFDF78F6D683B7C87E087FA9B35812C4F8F13452CED610A2207541
310
E6D659A739441F3833CD0C9C3C3DC2B0712F62333C4FA9327C9CA1124904B4FDE0FE21C119776CB0C212AAFBA5CAF80EB43772ADFE77CD9FA8A4144C54C2FB2304C65F62FC3678E4F6C68F30FEE1BE8383CE7DB86F58B1AE0C51F0F055E188D02F00911DDB0991832228B3172B3E623E513FF1734FF414A611A603163F401B
310
EA790FC9FF7FC3FD3DB02DC00184145B850D01D120424DC03C00FCEB7880EEEE939399F1F18DBD4AA54C939899304D913CC2D5CFBC55E50C7FBE4C0E14AEEF53D6843DFF56BE2D554637EA047D3C210E2C61077875FB5B40E19F43AB7470CAFE1C0D3ED3B3B4778D1DF6D4F837C08747180FE8394F2CA1E0A46B6DA62CE2B2
310
DABEDE0B1924098580FC16B369730E9E90541D3730D47FDE16EE1FFAD3419CDA05ED1F2715C607F2E81893AFC5936303F40EB776F1D808BDE393A3FA401E1C706E154C892860AD74A2949C409E28A8FB3349C764D13E4D1D3468952B7B1B35001BF41142CAD58D6011C8B78961EACAB66E9AFBC627673B61FFDA4167950A27
310
4145BF11EA17BA9AA60815C2C43AE1F648E3772E53C94E6364AF826019E723069A8AA353A3BF7FB5359281700061FF64C28C10B9AF0B70B0B0D30A31CD1CFD22F68C76DA1E44558869257892363C091D313EFA46B57C3BEB252E9C6BF5B4799EC58F1910F469E25AA17B343799DB3E33CF410061F96C6D63FA91B1000CEBB7
310
D2971BDD39A2A76361E000F5DBC1688D47CB812DD60F8001AF25B328D173A9E4BAC18CE9F1F628704330741B2649B92E9714447C68559C6CD2F681919367E4811100750058809D0230C087A89FF3C80C23C4C60882E481F48D531764BABD5CCECA308DE2F63D3BB50373D630796126803C2D1FBAC148F7592881B395ED7D26
310
B7DD38D7096AF98841CB37592561D9C6565317AFBE9FC4AF7371E060736C7635E0CBA1809FC80F544DBAA1F2F9393D970D44C0615A0C6930E758B9E63AE690F73045F0C8C0731DE9CD80F718E94652383458799E02C06D328010011C7090D8C5E5336A83D4059953877EA1E1D66FBE994F04608C4C991917230FB61F9AEE18
310
3A40AB9108D032449FD1A7283DD25ED15360EF7EA9303EDDC0043403531EDEAB10DFF87F5E2FD56DF0F1B701A9F614DB17FA0E0EDF6FD0B1622A81FA3D1DE5A33F551930335C353A87F9AB05C60455193448246944A232C5D07636D864CDD7A50D0B4440CDCC465D1C418321F50E1648D500294065D869559EF3C40C8FCC6C
310
323E989AD0F0C73142480B200842802C061008B480A9954AF282052B3AF67350FD0DD30D1F4075AC303A5D490250F5400ACF479656861E4C77AFF327F3EBECA4B57B6B6C8FF62602BF150744656A87DABD7BC6BED50527B2120C001A0B3718C74F0C65CD34F275164D7968148DDF259AB8AD6CA81CDA4E8819509B996A7F64
310
2D987A401A2B04018C01E6C169A8700F9DE3B489DB2BC49C9B7B858A4F50D22AE15428FCA4A1EDB20C83492690CFE361CC7F8C8066FFD0D77AEE797977F468A36E0B0DFC87F90EE6348BC748F7CB73B5B9DD5C6EE7AB19ADBF6DF359F1DC2A0F9E44F213F8041F64274C0859A2AB7C37440FEDDD2F95BE44065F22067E3EA0
310
CC3BD8C0D8194EAB291CCEE20B9CD8E02950AD806080047A279F19024C837C848816719AC4A34DF8F0706CED904E8185753A458A27E4C1E37B5F30A104932BE140E0BF4E400160F320B054A8705042FFC47B4940810173F9C9E97240C7FCC3F3813EA239B745DE9F1B1F3FC2F9330374DBD1A7B475923F9A2ED81716D18D1B
310
577DAAB9D1A0458655AD3CA7E211867AE7C702DCACCD291E0F798013DC01BC326087775C0833E04EA3778FBCB8DA4687A0255CA0AD210C15661E4E92001A4449031D1DD27D327334BE830B64DAD90CBF537A45FBD4E94A7A88888E715B7E74FCD040E818BDC1BF5AC609CCCC015DED23877080FCDC47BD8EF3A7B783A17D33
310
F3ADEB6D6BC7AD75EA7C7852C5B6FDADA6AFEFC2D181C03F8C40DD8A4AB5024F0B72E34B57BC1182472DC80946789AFB711DB7F1193C03C893B0345F420246114D3EA71D04FBA731C0DAB0D3CD311B218F0D5A15ECC105D02F3AC32F13600084731A83220040019B03180634B5923D438300B05BAC80881F061095FED5D572
310
A3323ABD83F1D37A2301A8C930AB3F66ADF7CBEFED30BAAD7D78A06DEB6A87F15491F5AB7E25842B6B34BEFC12C8A159F187C64B3CBD2356DE5FBAB98BBE9583F0E3280C0076DA15BF34C15238145742B07080B1EFB83382F9FEF2239D003541041083C5AF9EF3C8944DC2030BC3ADEDDD9D27475800693049E05413BFB3FE
310
B4308731512F13400D06F813368A0101D8D863EB3E75FCCADED124F532AD3F123F131AB46A93DF1ECE7F96CE9EB6C365C6D6A07EEC461FC919FE288AF7AE1A7D012D291EB073735FF26BBB1C99FB706E972192819B7A34BF22424BEA1CC7958AC2E04BFC8E02DB90A4A1DD04811ACDBC181037864672C78F6C0EC3073A40CC
310
49D5E813593B7002763BC6A909D31AC86F3F6E335C9E1C309BC58F16418642E2AF6B290A34FEDC0CFEE08FCA0F56700699CB73B9C99302AA17BD516D7F1FD755A2B32B3FBE7134D3BEC813195BD355020A7DBB541539CD2C06E45F46FC0EE08293E6C0E1972176D9B678340AA1A4823404EF79B1E2347E47C35D0A2260730E
310
0B513025DC0BD1C07E3366E9B9D17F767405FB531070700035618606F0B40C73C974CFD321B0C174A80C0F3AA54945FFEF348F5488895713E89B5C98DA501E06D8D24FF04FF0CD7ECD7BAA755A854EC6A180AD13BE094E8D5D63BFD6DFA5F5D3E4DB1BA18FD8473DC6E17FFC9832B71A2A94D96E808BB53F9192955D62C82E
310
282B05168AA0927D54AB20A20A74800B7CC9655C8B15F62377CA4C91641F9F4D0478F4FEFDCE273A002CC0A725EC165CE3A149F0333E8E9600B2C05A7D15FD831F0938DBE5D0FF13E3C0F0765965A0961C3FA86DEEB0E28304747BFBA5FCDEE44C23544F7BB7BF7A132DDE34F99E44EC3FEEAE92F667A10F7E90B0E8C6442D
310
F5A5318B0F816311DB2E6DC6F172C363FC800EE09186BB9EC82A24C0117700CD884AA42023B81EA6E0CF8B3056411110D78606EBC5AD5417B45BCC8E61EA01C4006AC233933E35D860BC1B6CB9C9CCCE7840D2E0C1C1FFC11CCE54D59300F2B47D66A10F09D8E24B71B9BDDF98FB62A3B897C53EC88D16D1FFE8C649B17BB8
310
E760EB20B784F52F992544753F2CBF642CD3C9C70D8722C197142C567E74FB431EE248A8F3FC00377F5142144A82FFC28AC2970A780C85A7EE9146FA4B2981F3C93BCB0F3FBCB6DD3DE69C72B6073B99140DE28B8E919D9D9E7C2F5FA99FC1FFD07E9AC0965CDAEA0A945FADE52C791EA989E8E7A21A355FB37E44405D171B
310
98A6E946DB26AE71DBD01FEF07FD378F5B4B518724481820890E7486E3FCE61A60E096D577701890EE07CA5D7F2B086040749FCEF3F81972E510A86359C9BB579883035887542090614E5C4461705D7CA1CF84DB564838606CF1597E8119790D021080C935A908324EDE9F60A04B7830A33F0670CB08605B8D01BF9A3D4356
310
93FAB4FD84EF6754930640C1F9D74B052A7ABBA9F502B39DA3BF6BC7514EA4BEC71D752BFDC198EDA8DFE8F32B3EF811E4576B0A2074B99B070A069F60173E7427BDF285024E35A4418B7A412914F2800F1965C4F1120A2D5D2C64400563D5942044807BE7C738EBF3034C4A6F4D70C04ED1F97673C039FABC4CFF18866E08
310
200BB66BDC9CCDCC3FFD1E43BEFC52C317F0F5E64900FBFCDA4DEE68768FFF46350E0EDADB7B34DBBEDE3776BC55599AF84E312229F931E700D04478D66A0D88D09B2276141AF0F8811C5F8067DC04C0F90929F7F1AC9CCD368488AFB965C97B855A3E2E93AE5B4866502E55991B82D4388614F2C36B8484A5FA06E3EFFA98
310
4A6AF17D5C2073299D9F12FD63826F67FC460E54030981684E9FBFC22009A3006962285FDF4FC84B699FB5BEF3736C6072F6844C15EDF25883037DE6BB7AFAD6AE164B367812FA8CFCA6FA25725D99AEC5C6EDEEC64ADDA2BE0056002032E1D7A20A54CF444E360D520A5B69816C0A953CE0434A8A898BF18E2B704588C01B
310
DB2133342F5404FEE698957C200EF54E31BE6DF4E888C9C67F5F3F1B41F922777E7FA6332677C20098C59F762F5DFE4A23F9801A3BB6F8A4F66E0D40EC867E92DEFCE84C714FC7CE8DD3DD3BDBF9C781B1C3B549FAD2C89D711808CAB100E09700BB85240374A7209212F320CA577222A7020E7824500179FC7096C714884B
310
DFD9499E027ABEB3CB0226CD293CAE6E0C41A6788F396606A073E28CBE5CC67D584D36CA39D37974FE1023253E3FFB007A26F657FFC901D851130DDC2BF54884F20D5D40A0B7E5C7BCC7CC87B84F2ED820192CCE1AABA1FF24ADBE1D03635B5B3B53D4A5F84120125FADC36A0E792D3AD7E255792CD5241A4C84171F110409
310
0017DA493D0A7790A7BDE6DF326180398E4B0DEADA5C2763825E43E05C388E184678C88CE6422606C017F030366981353DF03A753DBF6370879F79889DD0BF75408724DB53C5B0063AB6568D02DC47AE4627B58D7E367A6000267E7840C23A0940B992DB98ED1C4731B4FB4DCFB6D3EAFB6CAC7646F0335C5031888CD74E21
310
03380260AD47176D703960230370FBBF28813524C17FFFBD6288BB28E4F905ADB4A788B40B4A6201C1878BED224DE9906C4C79EF32EE679B9F5D3B5DFA137327320643909A823F62106CB8F9BFE4BFEAFF0FC7A6393EC7F64A698EFF8ACE31BA05ECE6DAB6DF124118D1D13F892F3D3530602E3F3ED3D59DFB821ECFA3D9AE
310
85B1ADAB9E328DE738BF55D5DFD039445AE76D0194180F57B15BEE5F09C07F952F9A10372BC894CF7DA12CF6507E2A8916E0DF430C519485C55D61EFE209912D8C32866214E121611E22A0B1238DB18E86636A3BFAFD5B4EE02FF1E505F902BDF424D0516907BFC95EF3A76B6B3872769D67E25B548F0DA46E2B93DFDFD5F2
310
B9E9EEE1EE1DCC7FBE6380DFBF38A165CAC73DF912AD76A4690D2B766A3EB4AFA2D05BE543EA20B095FB17AE3F1928D84482049B659E671A4763CFA567C08824913D37F2F92F841FC244085C1681225C04AD6DE1684831682CE0D6096B56101C0D4FB3A1BD3F11FC1105AECF5660BD3FEEDF162B0D9DEC6DB55AF27FC98050
310
BDDEDFF63ED14B01336053A19DE9AEF5F5D9E9D9F9E19ECDADCD497BCC57681922F327EB41FF681E17C1921B04FBAE371AC69E53F98183E91B84897A5DB164158BD1D12FF6F6BEF0E02847727BF2628F9FD48B6FB11DF6928C868B29590A0606F92140D0C08850DAA7DD8A5FE8A50389F61288AEB743E9C801BB67DBE0A7F6
310
4F63BC87770FDF57AA73FE1F5A84F8DD3AADDFC32087FBC0A7D645C327B97D65E7A8BBA76DFD9BCEE1B1CDE3F5F7CE4E6DF4013ECD7CB60BD1239E8A4E9A5722AD9C4FAC8F7FF17B214AF8801950430639A08E3ABD05A0D94E253BD5951C885B0CE750309070555FF21F2EF83FF53F4E15038B8D8A244740A5C9CBC120043D
310
A0B323FB1DA0A4EDA268C05A304619505000BE10415DE898809DB6B66896E60AE347ED3D6DC707CB7D5B5BC374A158EDC343D0EA61C217D4878CBBDC1D85686782C3CF4272E7DCFB5E9EF628F5A95AC1AC0C6848F5771329EF8DF2BB79EFEDEC8DBEC72EB7F245287FD4B31008AB38EA4D52F2BF57167159E3004CD8950E21
310
7DDD6F699FC763E9D1A0AECC701F7BD4430A3E030374066938F883C01DE40E7DAFD609345E33570F4CE6BE467FBD7F793B5AF2A9D331D86DBA7BF98067918F9FCDD609A0384B523F4413B574B818C6889FAEFC5E7B8F90CEFD62BC2C85B2478D54DD076635BE434FCADE68B3ECF1C8708E27863DBEC352D87BCC7A92A8E135
310
700CDE65BC114026DE5DB68275E656D2C0D4087293D43BB4C9C14EA83C0D806783B40DD7CD4F19EE9F33801F55A3F1FD600017A6CD5DE607783D5F74E34680E7DAB98D99F6E5B5ABC7F7DF19D8278322F6A97FDB2FADE1539BD945DDF868EE2B8B70D9EDAA45D1BB0A5801198CF1DA891540474745BF0317F8A3703E02510A
310
E94B084221F887FE950272D62D4232781054A87C58D015CD45EBF9B70E60820A2056E9D4D619E8494BBFA68B61EBDD8CF52CCBA124BACD4A4077E8420A7F36FCDAF661E577B792A7E1B7E337C7CF1FDEBB3B49F501F3C7366C1730E793F51FA20A9C3D2E9F18E63DC277449054CEADA36DA0807467D45F8A744E1BDED725A0
310
33868703F1392BBE221158220588F30574A0B0893D0515B0B7C404AD0E7F40C11D504C49BD7DA39A85A19CD7357DFC966E5D92272FF06D59CA5A6A1C8AE30E52F1247C1F1D78F81887F9F3E387075B170F9F5EEE4A7F5BFC69DF02FD8795FCFFAB472E7C88D563DA514861B85BD41594A75F5E866BE69471110A9F75C8609C
310
7E6BF6C7C727431EE3E9E3773D2378C25226E82C08104A57ED273FE0921D6990E02B006BD038263BA360355E8DC446A380F0BA35FA9945A80CF60DFD54054202F91897C241C147D59F8E0FC67CD0F2BF377A3463F8BBBABCFBD6833C57E214AC3F5AE9C2FDE88852968F20337972C7E04EE5658223008AE82D93BC37D8DDD9
310
00BD6B16EF221F0D4149045D740A8A215D4FC186C658E01994B8CCD317465828704BB630DA2243B3B4ADD3EA554A97408454148C04A1A0CAAC2E04033C04073851F54380E0BF2DFFA43FAD3D6B574F2E1E5EF6E5F4FEFBD1CA87C161FCBCF5C7AAE2F726F814027BAE10F79BC3D765D61D1803952210A9AA07F8C6BB2105B6
310
1145B324F96014EF223D4A9261080239F03FF6F4DD4975C183B887E081F7A467A25EAA0C94028FEB808637768B07400A8235D4EF33143253198900E079E3FACB0C59B00F827A5785A6FFE2FCF0C0E6F1714F11CDE5140D931D707950631F3DE877F300002000494441540ADFB08704E252AADE1BD4E8DF55796A32B9B6F177
310
37C67702E5C638682737286CB0E0A89B624D5BF28222432848C9AB8C07170C97B814FF492A61072407D638006F7C8400860444C01B1930A522788045633DFA9507267A3A42BA05925BAD705CDD3792FA23C1075C6EE768A673919EB6C3FCFE7629B7310AA794CC9C0D14A1FB88F95C845BF22543F57996E0B26C9E4C2ADF18
310
7F979F8A55F11B47BC26594C52588518D25E6C2B1CCED231EA1B748F093E5726A21A54C91EF95789041030C20FD5AD68613432E19A4D0DA2505B6BD843516E10BB00AF9AC315EE9FDB39CC1F9EA59CD88F9CD071D470C86C4647FDEDDBB1CDAB81DA94034747A779F4CED497CFF817348F69F52E55490840E48840BA72DB71
310
F3E84F6DA2F4717AA928F153DA6E4C7E8E00363CEC9A2E1C8E65F298FC4A52F087FCDEE5CBA38A80CBE11FF7BC2AFF249203FFAB77A128A001B1987BD334AD9B901890A8C2005B6B248196AD09C0025ED841325B31845032E327C531C839E66DBAB39566B631C2FF0A1DA5A3CC47E665AD8751B47CFE33899DF047C9F3C365
310
E3B11278D49DF939298E09002F6430F9958803309827A7C791048CA070061B7E9A64C557D235F83EE24822E5EAB805F9862F20FC58F483DC0EF02181F572930205107E00E523861895A2811309808F2B6C14B2AA579E893753C155D2F54302007E9FF36AC5FEDBCAD47E182D91A73920CFA5C18E01F8FFF4C3F1FF553BCAD0
310
E58DEF85DD63B91BE38ECE1A9FFC4AD4A1FBA30D462C328C5A0340DFD393D3D3D3C0659195C96990F391EFF4175213BC74C020922D4830FE215E76940962BC0713A3B82784C0CB6623DC40D6E1485BAD454F6892200B225096127FBD82D2B12006BAE2E329C771E25FEBC0DAB3B5395289D56D7A8A89081B34EE06F80F819E
310
FE75C67DEEE95D227E283FE98A7B9F1C97D2D05B4D07A469153C3DA3048EA68FA667A6D90E291C7D7E2D063E4D044964D055F2DBF3E31BB851AE9F78A0A7314F0AD24901F581D74A6929142039C65AF5830D1C809536CDC05E4BA51038F79D713DA930CF18BA3010E385351CF47F74D439BCBC793556A1F99814926AF12835
310
E251C59BEA3C083EC2B2760FEBDF4304C9EB87B35769E1EB24B648542CFA4EBA9EF93CD42F03C08F249A2C98897D8E2225E90077823F4A52171A61219998CED6FA050992B6B0A74A2220ED12123004FB977084208F8E2AFC80F456CB110BCA647A3A0F854085D84FE0052BE31FFE7F925610BAFEC06FC33F9931BF063F39DB
310
3D1BB20EE357F594045F4226131578582CB055A59A073AE0413989D215019B6EB8A21CF154D71164E0D8F4E730C2CD382D098DA5261456A425643686BC8301710F2C50665881399156AA2B4C3191BC555728384800CE10040F746A3D8A80A5F0E500A93456FEC52833BBB45203DACCA37FE1D3EE4B9BF0EC27ED47D89B8266
310
F11EA2DB8B5A8BB93EAEDF0C06B7AD0402B9EAC6E787365535AF19F15158308A9D9785C1BC1C01377F8C6B4D07B50DAD25649764A91DC9812C7B34CA98184084F7C01055466B48058CD44085AF26648520C85C41C67805462D8425680425559F4440F3ABBE1F3F81B1EC72708767DDC8FFB6465796C8FE310FEABE0C9B242A
310
74137EC3E0427091967023299BE5D6D4D0C6D15747DC2AEA4ECC57C72856E827D33CBD319D70FF854369EB841282F84B7CA4881447ACFCB257E252E00FBB3272120A75B99119840858486615636E0E0334031AAA8C08A62E080053A0AAA4158431EC727A084021D41CF5D630C94184F6FE7432E8F5F9A4FCDF3EA7CF136FC2
310
988093F98ED622E38E4976E1BF0CF49D2889E6DF3566719FE1F9B47A2D3BF89C69155DCF24F88C609EE551160F0415900B4C48FB013D8900A9192A700748002924771A3686A0A580FE4009E00ACC090253E280B90AC15048E047020483A038A60ED232831F2CC90498648690D960C48E439F18F4DDBEB0B6F5AC7B7B89F623
310
0243B4FA160A7B9327F3AD5D937C8BFFE5FF8B3A5E64283BEF8EAB9F71159514CFED62DBC880614AA1F7994CCFAE7D8C87057F451733699B8DF87056E1F0654B5021E38097E4E23221B810DE20559AD183A61C2C88A648DB096081E9801CA00BC1DA0124E08DAAC15FD2936905CA8DA1C40E42B13F1764E0C4015EAD7F8BFE
310
C99A310B1B7C0BCC7746D3C0702759C89EAD57122092122D1F857067684A578F1DAB7EAC400841F493A468113282FFE42316CC74C756B1C880FE78795C692813CF4644480EE9B02991BCA257A71861F00666D9410288487618D120D0E80D7773E2B7DD180E100EC98B221C94BFC4FF531A09B986230F1CD08378A8E4D0FDD7
310
D9B1BC75F5C12EAD7FF83F3ED19EB018620303C217A6A35D826E72ABF2D8E2BB1B783F6E48D2E3F360806E1D192085D022103473A10375B63853EC54F500B5B064DBC20945B88160DCF7E4F83A0200BF6FAEAC88E9F54D22D898E43F378D20B51B5D6B1457000922202800DD401A9266483029C0D6D57ED80D42A0E6E08835
310
F0F3AC73D7FAE6D56185F04FC44472B854EB7D9CBF7134DF3DDC35A9F6B38417DD6F508B37C1A718B0D054124176F7222F62DFB327F34D451799D56216880193254FF782D7DDE26C271BF38C6E422E271CE4AB8823C9510F021126A7A944E00DB4031D013C88EA0746C96D4574069BD5439C4110403B40020C30B07A604F1E
310
41D19C21A93FD9002DFC35F23B1E7B98E95E38387E3603FE7393680410D702FF9ED5A3C5E5CE68B5827D721FA78F3A9A0C08A79722D9C9B418F46C0057BB1640C70AA4A03D29CECF33987596D53CFB27B32C3BE304C540E14BF8464E080918268D254838C91A01F0FFB99154FD8A9C0495EAA6534A6C464440B4A71E16100E
310
7405088122A35F7A511DC003D002E6C8E7E15F6D1D2FD09014139EC11FDC89394621F77B9F88EB5A583C41E2FEDBC8F82334494C0BFA97FF3C3A34ADE60385B60E5A30CF036E5E75370BE3B83AE73B3B7DC0BB337DA0045299ED0C66681E4AE223D01B1BC3BD4C921E2005FEB5114739040758189BA8A320067B62A3995E47
310
20055065AC2B4A8006BF8CFCC907C0063EACE41813C5F017065AD46CFDC6FF1BFEE052932CA3478C8E5A6F25DC8503D40F61FC1B047E4DFFE8E84407C81F1AC7B5C79DA358551CD0D13785A9AEB38D6EB68A0A8087FC6543E7471082873CDCE5CBEA1EFC5CC0579469E225428E9A43D6A6000B4219DE52E8DF00A55F4BF503
310
5960661C2DB88AC1F67C2890A93FC420193C8326409E7B595FBBBA9AE1D1511B3F6D65B09AC10A71C2317201A603E88C56CC68C91279E83F5C147787EFE6C675F00941D23EF092920330982DF38C65EDFCA89DA98E8ADDECCD77CB86D85118F3DD9884820B1128010D02F1060F582871CC8FF42024C02239273A1CC3BF71E7
310
70DFB7E96081682803188118B50310BD620234F230B12711B063E0F0490FCDA9248B580D3D3DE944A30CFCF2A1E0F6E59E8FBEA289CCCC943785BB8880ADA9C2FD70F6A13F5418444E3A669273C006C4B4EEEC067827539FFBEA9CFF04D84E7F170480037005AAC8829084329899F90B5E013927F8E646514B4824B01D11F7
310
2C012CEACD163B6358A4454A4221D06E68A71062520649BF9E9127D0772D6E5EADED52FF216BC2FC513C7D3C5CC4C8AF009811826AE20203B076A2AA66D8D32E317DEE0EFC000FCE16D9E0BEB17C74AB009256C5D8AD1CBABBDA61402612C675FBD72D07E633B1A42F2421208CE01397560811204306617A5141706105C9F4
310
984C459F2D0F6C392FA05BED808512B0B9A8A9FC6CED89640EA347D31F0DF76D3D9E61E800FE9F7601BE4C9614A1C58E6C839F13A12D0EB426DE6386B82369A9E6A7F1F9146EB578A2EF4289AA109B4F6CEFEC0463E0072A05CC9DEDEDFE08407B173B8AA65399C80B2911252E6290C82CC1B8909140C11B7AE161B42B9390
310
5045D017E00CED6D27AAA15F2C2179F1E83D411A7020B9408D202381E7E5DEE5A9E7E5CDE3B186433F488AC81554BEC09BC579018ADD1DCB3D9D70F02B14BF9159A4DA376225FE43DA224FED327941705DA582B2FD1BB5DC0540667B650BECDD1D5DDFB0C7F36DEE2B94F6EE2EE4E426F20A1174C31DF153321A24114C4FFF
310
25E505475F6906D4149B21F1BD9D9DF7B059F8E0FD83323CB97991FE80EE131A9003B81C491B218B1D42C0C0D593D9D548003839DC29A740298B0C23F0CE14BB167BD61989AEF0B985C8FAC8F923A73F31953989F0F6C96CA6C4D0A9A88184BEDBBBDA3BBADE77CD8E2FFEDEEF46184A86671D7DDC51417477BE9F04804F30
310
5AC82C2D018A21EA903866A0F959FBD4139916D036635EE03DDB7408BCF0627A03027AD314C09B0A27F0A79490D53839D0DAF1416995CAB24101FA63F75029D57A4CBBA9FB4D120ADB17FB5A999FC9420DFE04FA670430B90FE7F589F7FE8D50A4B5F004CE5F07EB4EA007F8AEAE8E8EF7DB3BE2F81F42166C7246FA9E62D0
310
2C8209BA1024414C483498B50229FD923F2414040B2081390AAC353B5283EADA12A30B1080866D746B9ABF5BC107F33C2A015B275480759334B83AB02175EFD0DEC785DFC505E0064F4EBA5A97073A74C5C9FEC97BD25D819E28AEE661FD2732B8BBFB1BF13441B3C1F45E8AC1752BBF80C113DE960E0AC7D9D02C58C80505
310
A19BA0E84B14402601A590A4AE00A825E98C3212342302EE10FC5100681F86834A2804BC409D70270A2091DCE874B16BE0706C974EB3D26EFEDFFCA6C4579AA4DB781708469F055532A7046C6BEB0CF39F3ED2EC4FBCA3D00EA91CA68FD2B87B5C191E0EB2C300F00A1C9881F263571C6CFD83D079D09F176FAD839340CF03
310
0F70458F81F09AEE1329505150CA0A00576B56C06D58070B23086F685E44232D9D53DE3FC3731044F286D19F459351863F749F1104198D6E14BBC68E17CAE70D7AFD958E350BEBBC70C9C4DFBA075240DA27D40AD7DB063A097DD3F041EDB3E4B682A7A12A548F3393DB01945547175879989302521EEB1431B08759B632B1
310
74E0F700E774FCA1BB83F95029ED1A084288C8893520E49415E00DA080AE8027C34206D35491D050A4C6B080F6A20889A2FF82379AB6234F6710C05F9080ADF002B9C9F9C583AB220F45D618D7E7F7547FB27CED8A8B7A7D24EDA4988B0C1C2A1AFB53FDC61BF3DE50D63C560F0120B0372F0839DDDAF13E583B868717C1CB
310
8CC71D1D7F440CC82184803144196EFD58BBE00B7EE77DE8C015942357FB06FC906A5E2B8882CCF9FFE184B0035A5CF186A962A63F84B3AAEE3D5A2C830008807568B6A9F424086D2095A3E262DBF124350082C4B5DF4704A9D2C93553DE47BD6766B69349610716999FA25854F759CA9792599D3837ACF6247CE8597B0F96
310
0FA3EC45B61715050260C5844FCCFEC9666BC71F875B17E3BCB4CB151405D7D08F846B4CB952248B4603CC402B609E90F0044A007FA800EC46D07A51232B00E5683C55D5096E1374DA4FCBBDE2C25A5B8D26008227CA7758033D7D70DF12CAF7F247939F93F1CC63047D63ADA0B7CC8771B234D8095FCDB577B586D1834062
310
035670E204B245EC093FCBE15626C10D210CB38A13F50E10A0D5C0814B0C4B30AA9858516001669002229618F100767AA3D6D2528595FE7A398C2D2300ED0013A0AE60B91644A057327BD3C36BEBF48C91279B45F8BD145494674AFB211A91977CB838DF35DCB3D6D6AA2FB2784B591ED785DFD7DB77747DAC9D2F7674810E
310
FC2895F9ED8007EC7885101679C06F21E4B1C8A6120956F80518D1DAF1717BEBFB5803E20C6F2A11B2E48AFF4AD2810A70054623E341B3D1ACD92DA91150DE631EEB2C28882D092049C0DD38E262A7BD6F98549930C9D44B7C37028AEA9F8C5628A2BEF5704C0DCB2B428181B1BE766F43014498D2E57791E4C8DA6BD2ABF5
310
003F0C40202E2E32EDFB02852D16C30B7F646B98FDF86C7891690043128B0A0DE6B4EA27F08C30CA34C9D0AA0852A5997F8D11A6EE84E040B20472020256F4AFEBBB74E6705A12083B249089218E6452C8E5A69717E904A3F5EF3D5D08EC1F4D4E85086B238CFFC11AB9AE972CB775616C6D1DE04DDF073B4DE3747C41FBAE
310
6072901CAD0237100670C5A00C2C3CE063610ED824826C1F6650700E88C00B62468903A0D71D3A390255AD7040048348C56C4647413C2C2561216E0C469203EF06A5B101AD40D0E207F78B124747DB5B4BBB4E88B1C373C114E0470B345156EDDBCE1B4DBDF81DBC400746B0B54E05F693707B89A5E430982C2AC7D10DFF11
310
D5B102B9505034B35D07E8E5F585757F088B390F2D4C85CF7218E8418BB4F25B885053D07D5A908326809F31D6CC6B77CC948413B28664484439D118DBAC27DB5AC40C1AD166F25E6A2F0AE82100C0BF220405323E1FF80DFC518CACA8DE1003F3C9FAE9C7B2D60703A0004F8EAEAD2DE0F5485452D15B77B4B67F4C2403B8
310
D8F9C533558ADE058A9E177A1698F75DC0EB4C800F74C0270178C8579C1FACD025F0560844502D2BBC01E620030CB93636C1041636A693949CD80139FD15BE107F905590A292840F8860706D07E2970A2F15E5B13B87C3143CB2930374CC46A6F9B9D7A5CCCC14E11B9E879A49FBE27ADBD6DA82410FBB94FAA8487D61B51F
310
4BE0A03FD08743C31020D6628ED20305A22C2C2FAFA7ED1E7881C438AA5B9035F20759E243C51F34D0D5F02F11403B9E204CC1686C0B6C9000470561519CBE1B0E4FBEAB37A39EE4B84C05F023858779341991F36D9D9F351E7BB3B5ADF00148D9D05784F9AD8B037D48C01BFA83D4247F03BB768BEEF973A14E610090D4B9
310
6B1EEC5C5E66928F28EBEB6CF578B067DD83086081579848E60DFC7684044D8174993C39F886043481F6A2B743B18749E52447CD4D230513032D20D20206E536E15BCF7B7D211634F98FF9986287F33F9A94615A5A0A7CACF8DF5DCC1AC6EF9AF1945EB78E0A2FED1DA2ACC00EF983F9A012260BD722EF61C9DBCDD8719703
310
ECF839029010CA0B9F100B1D2842153E01A1A3837AB579516A31982FD2908A09100DAE591016CBCD4B011A2F4DE299E1338CE065DC4841BF9895D8C81714800CD08F5AD39601BC929B55D291F6CDCEF2AB40DD5D98F4E6F107C47AEE4A09A079C05316F479DAF4C2BAB83221BCC0CE23FE3D3D4C7BC9AB673D89A3677D6020
310
F6E182332028012FA0FBE0B2668FB85485902A8E7FA0BA2105C213E20BC2169211A4BABA7D693C3F1DA961F203694853137073AD5CD25F1C017DE0477626D7BA55B88F83B5EE513C41D814639FD1BF759171F4577D3CAB0C3DFF68B2D3B1F8478C18F67BEBB2598FA76A4545E9E961BACF657E0791D2373030E0EC9FAEDD17
310
BEA7703A738185D08236C407448A4CB504CBF01FF43859D3115488EA01B55078000DF085911805790DE1B41B6F8CB2889C3834FE02AFE07D85143C6C008438A944EA63E047023A7EF37E13B0903AFEA7BBAB9579330FAFDAACD540022980B65A75FBA17D388F1E6576405CCE7032D95BDA420E7DC0EFA320879E5F8B3B04C1
310
D2D9C1114210C19FCC49DC6A855E12010184DB8968109ED016E4683CD552A36B3AFA13BFC2114068935A7E774CD2C7225642B73325938052D8634ABC18DC9442BF9E0402E85B42F9F3273672DA8E8F1070405D1DC3248487574CD98092B8B956E6AFE1566530B78FAE05B4A0DE51FBAF85DD075C7E11939F80E015A58D1F87
310
E400CFFD2306C4D1D3C634380A201545A92BE01F445800BE12302AB477BD6F62600D211232EB061448A0D2B877BB940D63D059C37E0569A83DE93E214F4BD86209FF6F479C640AFF8AF6D1BFD987D029A94DB7C329B4184D4BB013BF912FB88FEEF913071A8D82B651BC10DB067A7EC52FE1B421883144C00F64FA23A11CF7
310
08BF16CA59F18D4C04B8085964B2D8DA4A855187000BE440BC816FFB13374640B0EB1D0998AF38A1AEF503F14302E2811081FC12EA6CD38A63B33035125F40F170C0B0AA45E9FCA38FC6D688D48563B5C4B4B7C359D3C7AE0EFB16ACD5E2FAA47EF8307044B4EBE1C71E84E742D81431FB06B90B600B9C239E277A57C94C42
310
7EE10E7826980C0136600D916A06058CBE8604DB4D314FBC014EDAACD0820F14BF75449B70339490FE5A0491221BF95F949DF1235380E969AABDBE2D32EB4403D3FDF17F42F9A0A7C28ED75BE86BDB7C7EC80C76F86B8800F77B305EB88F00A4352E0F8089EF811EA02A3DF08F7DA008F803BE4B4EF5F41E56087099E92070
310
8C3D720916444440FDFA013D4E1201414123A09290F5BD7AB729298209C4306D007BB0829FD4EC3A6D7E4F00B67DF38CA0764F832F0448E58439B952CB4F70DF964AFA74CCFDBABBDF273E2FF4F56D3DBFF2A78D42FFF2755DF307066497F44062AADFC0CC546F6DCCFECECFA232E14F408F05477D311B683A35BC245FCF8A
310
5CD2AF20022C21022266905A5BCC8B20235D6FF04019CC04058AC80023662E25F342063165956320BE50370F2A657BACC817DDA3DDD3EFE04028645780A768FE38DBA88BF2EF3ADADFC7FEACA952E5A77568ECF0C971DF32BF1D24F8486B22A649EC81B1B60315CBEFC026091CA45F858D7D04C1B437079431E63E38F88075
310
8842E780A9E03791C0FAAFE10012588C3C592FE35461A6047802BA18686887023A422A49599399893103942CF6DA53A8E387825FA0678B261F139F801E2B17C901D0F5217E07AC2401A87D0480F753FBED44FE949C93A1D042B879FCE499B3D861AEB23F9C1F372F0C24D0B7D6E70FE1AAF60F84BAE642D82F0A9F53E22783
310
915518494FDBC0AFAE7DA282E5050B703570E06319A015E00D693A6BEFFAE493941C3B08C13B96BD20D0115A9565701DC58568A3009DA13E965765C03091F0FF339F7309D44F6E61F837F1B1FF920450EB8FC48F9B40158BE89C81A597CFB0DAF5F5755D3886DC13D4479599B583758CBF35663AA234F133F91D3BCCFCE0A7
310
94367F385C59B19431780F1C099131384056616E15A1563B50021D369C593FB292685A68A8B2A50A0A2085CF05434617E05FC24A6B077B990014421A68401AC4D65788EE25F737EB780D08A6E38F060F2ABD889E1B889C44852C2FF368C1E3E710D73B6589EA83F7417B341ADA1F639A23D15298F087AD0326410E116C3A1B
310
325218433C71AE62C07C1480F1C045629724A076A4BB8D622D24690486727F56108D07046DAB065000678E04C4F8C342DE27F4AC102D854F2D08D59B4ED0E4F697B0FF62F113646BC5B7F3131D4EA8BF8B265EA3F2026E7061B96F6DF3D993276B2180B8E57067587428579460551049049B074CF8B1066C7E14C705F0B392
310
98C0997C17F701097023BAC31081390196801FB0C2A12380042927503D5A01CA127F9841B460310639C674BC8CDF1A320501448E0068905B07F6E5602F8C1F07786253438CEC51AE61FDB25FF71B09893AC026A9EAE3F30F369F5D5EAEA5801FBAD3C98B38C13EE017B054F81A56F05259DBDA64FE270B1FC4C77200FE276F
310
E814B916E222575ED717A62A92956504605268408CFE13FD61F84252228376060206802B9550F00B9D47E6AF1022538A752CF4FFF1F5931384A9FF8700EDD4FFA2B93FCBFABB3EA6C607FF714B0B8B04EBBE83B52B246092AB018C0D0002FC490849F1E214AE6FC42009D6D86616C835B65DB9862EFC4480C14137603C3089
310
D0A5588FA27E693DD184131BA4E88C35045ACEF1CDE1A82323C20B842F2419604821196EE8185BC834AD44F8E9B7549A32900196E9ECBBE20FFB4706861AACADBBFD9B56A23FFD3AB8BFACC18B1B5AC0ECD7B6AE2E2E9CCD2BE8AF1B1BC3A813B94107E82DE67A42E7CC7D4A6116700B5B2EE3C338A09B840F07C40A64800D
310
7C605AC42B72227C4C7020AB1F20056E26F542717F56534261DE3766AC10A6ED2D006DD03BA9DBA507AE0510A8B385C92363B9154167F1230C40D76AF6F3BE0CA08F8BA2FFBBCEFB09D0986550E0F0EAE2F2780CDF850CB0F88CFC2815FE87BD83909F474F45DD47F1C821DB2107A8817FD45384F57891B65F2543D0C1E20A
310
89B4A8DF806862AC27C60F6A054627FD344250718AC0FA21CDC4E28DBF2650D1B39D8B8A420C348A4F846E2BE824BF8C45E1DB8EEB52F576F47A75FF95F90FCE0FD3A7A08D48D5B9AFBE3EA658E1676FE3372FB57F0AD8D70ED4AEBA3D4C2BE0AAF1C3AD63A6004D12900CFC481A47430C9EACB390038642C8C41B13303166
310
614210592736B8603AD4FAB17189DBB32F3915F0C380795A089A15228460BDE8E52203527D41B5470901B088D84FF8B3FE2BA7F4FD30ACAB3DE0B7E2FF95807AB0010FFDE3A048F7360F9F3FB9380EE537F16F8673131325D3351A3F664022020811A0FE8C019CA17370725CBFF64132025DA1BE2555102212E80A907FB43E
310
D80A991A8AAC183932C19AE17524B06590B6AD286EB99BAD18FF4BD64BAB519202F992A963648ED30E7521F909F090C0213E367A77D8836BEB6F34D92EDA624183070248351F1A079E5D3E7A9EE81F2CE6678F92E299EE312B6C0572C0A7B5EEE07853612403813152C7125E2022A20C18F855DBAFA399817FC97FB6E1CDCA
310
31D348434ACD0012F0D32A5456B4007E6E92D72B1A4E9971223A42C1042819E4049C0C5801300C0013FA48F8944FBAE71DAFC27F1826FA2304ECDF3F6C10FF47D5C7E49748DDD687DE8E91C09394EE0682A4F84CFD6067EEDF43E67EA46CB2F4070160439245F00343D03BF25D7E2F26FC400A896DBF19FB8D4D0A66DA669C
310
3D608F9CD048A0533621B25690EE19D5D15248E390F042B12C682511B02BFE3E5700E4C9A9B2107A8F45248FA48234FD23005ED1F4EFE80D1320836F04003BF42856D478D1DCA3ABEEE3C68F9F30C3A16E5C238EA5DE3FF37DACC2F8B7980033F47FAC34421EF0418A045394802CE032D61C70023D788136788613887C0011
310
A4EA316E005718AE191F8D0D841B9C679CD2FC478442D005429166F5A24403B1E6ACF3298F388B6D0BA933D92339D48969A5C11F09B4FF017A9900A4F887010C474717E10F36468032FF33F4AD610517777104CD920C3CD15FC5F3B3A0C75BBCA3B00F2724863C10BCD4A0E00736C7981F2F72E4B001438B99714FCFAF713A
310
2603BC710376A1715FC602022202E06FDEBBC680A3DF1C4C095A12C50B554FE7623B50374FB2129DDEA4C392C9188077658C87F55FF92FFA507FF03FC8DFD3F31BDAB46DD51AEB03F7E1B38B8B87CFF47EA1479C3EBAD5C6B382C221C0F1B358B39D76D9D3142C4A20935F541E492E0EF081BA41B3620A8E172B584EA14856
310
32E22A8221CEDAC6110AFA4B6D43E2B76A18AB240BB24337721C9321D2C033B2D3E2641A55A400A28403C12D1DADE39AD23FC5FC08C47A64DC3FF6DFF76B5235124022D7E6D6D5F3CB870F9F31C96FE477FAFE54100068A3A87FA5908A2C08011CF31309C10025B089FEF9C510522B8DC07C30AA469841723A10C08E27F00F
310
7FBC181C083F2809EC3B2B328E294AEAD5A071B3A95C81D2DE3F930372D022C9C793535B92FDAD5426E90490C3C81D000017C6494441544698C416520C1C40C71FC204B22448FD9303782FBA67089A1A7D4CE38E89050FEF5F1E078A4DCCFADA058032C34C1CBC2E1202B1F8962B1A8024F0EB7A11F209E96FB369D4B64202
310
FE7BA230AD24C46413536EAE955B341B726C593B5D4630C0BE822480908522B0D85430230352618DCD4F7BA6D568BF4343801480006658EA3EDCBFFA9702B4FDE9022163C43F9B72B58001A23FCE6F0B3FF0E4E1DDFB9801A6FC42FD0132CC1F2224F89933107AD30B6C9131A53818AE944BE25A70810821C38F098411980E
310
46D108F483DC63F49B91B852351604091D60546702F58A3872A1716411B642C7629C267E64E77719F46B0548FD6BFFFC86A38DBFADFCDF700228C124C8664FAA02BFB1F92B09800876FCE4F2D1C3FB4FD0A44E0106A8DB8079751CBF0BD9340066C3D52BC64706467C05B5A54401BE4A1B0132A55EAC1CCCB10D378A3DFEB9
310
812022327745EF2102886A9142C812A1A2C9708027BB55B7006357459F9C2080E0BC34489FC629510F3017B62D5073E2A2C64048A0A42580E413BA9E08274091A398EA80B5BF31C87BF5ECF8F1C5DDFB4F22AAC181F070AAFDDAE5650C4000516440D8806786D874215149E69ABEC43FF0EFC820FEA112B0522003C84BE03F
310
B76623513B6D840820358B084119B0CEC8C00AE888826339A54091F5FCA513AFE147975BB1A86FC50618D9D74502F0C7C8815AA306602FEE3A5E79E0D7DED1B221001118B73182CD439A092FF801105D1AA14E1918EC282F6260869D55108065988BD67F68E5581720A708051F7C8070F582389C682BE53F2AFD85853F2A01
310
3D21564028E06E79B7A71E43212180A81541EBC88F451E02385100491AB0C4A3BC5309A95911E66D04C0B448366988ECD204C2FC930F8CEE8FA410EE4C25B58DD1B6EBAD83F6196670F7DE635282C0A56A851AB035831725F0471A10FE52097089C80495804100318405F0DFC2136004B4C40705EC9154315129205EC35793
310
0035688F61AC02188250CFA9A980233925F16A117A48CA54DAB6400221976B75D863330942E20EE3B00B08FBB71AA813B0E502FD2B023DF70114E0D7DF2E2EEEDE7B789504200112075478F2FBD6897835C91F0C20782401E801A2F9142700B74805703426023A81CC0BE88B537D0003E0C5181D29EB8D83050964DD258091
310
0A1E7A8138F76253DC01DC2F3824391AD748276C0B0CDF12366625D038603D0003E0266CB42704C8CE7FA7F11B4D59C0BF454A78F8FCF1E50513715D469607031272358F04E0003C90107223A581218F10008B10247CD20D860FF0BF48801040B361808148714764028EAC137E871501EFDD97C89B52107FF1235B0928C562
310
530082573CE137840EFEF82A0BDC602736C595912FBEC69E6A3A26903B3A300C5A098A9E3F1810CDFFBA019D97B4E7A7A075850F2E92569BD960CA7B8304995FD006FC4213BB1448A6F4BFBB3A9F9FC4962D0A1369129B10073771FEDA38B1737B663A71C088D8848027FC3008DAC4E4397A6F76271DFFFCF77D6BD7F1F67D
310
A51E0E08875A6BAFBD6BD7AE52CC04A0B4A2206F650EC412841A48258258E8662C3838FBE21E25172C2A15A4F78D82DCF68A005DCF07047C183E1CE47731BBCCB5469D9169E0D588945BEB637E87802A03D88FB82486210D28FB3B858D13DC7CE75F5E6F3B03C1744D30CC58C7C7A256146853A05243060B850072A7010CA4
310
7CFBF9A1E24F414037B8781E8E9F219A774B36481CB43E48A79819D638C8760D672FAC19FB9D3FC5EA9158DBD0159C27860409682E8FF2595652FE189D2CC2D7C023E944158355806FC320087CC74116030CC376C559C098B93A041C5DDA48AF33827D2327DC761D19C17CC62780D82A170E6CE7415A5E7FE825E053048F88
310
D2AC2A561CA4D4C60098DA28EF1A01382772484698F60C8DD24BF396EA76260542810A625978C03580A9CAB91D10249BE579B0377A3DD15749A45F24C4D81FF3D7D7996F6A1690288008C0FF6CC186DA9D5FC95BB09B1301004B016E707FDFED306A1BE8FA208828F00BF342186839839F1F6FA338DC5A0200FF383DE92614
310
C03A4508DA18F4D85F9354F7E867AA77A42FF49BBE6757A1A7454448D0BFC3C220714FE43A3D8F1547BE10F0BC5A05985AC3C28829A06FE24CD062700601F4AF12AF99099B08E7071DC4626A97C920C3FF96E190C9D1FD7CB6163E800D79E5F3F10A9306C02B799E80F1AB380E0571A584C0370A220C3125000B500900D96F
310
EA40409F980E2083E4EDF4D8D2480AE5667222E020BCDAD4EF19682120818FE18EC7FD6AAD67C03F7DF1955E697456F517AC4F24700C30171C67E9168B109A4F60AFA60F98BE30941BF776DBC7C70792A2FBE98AAA97224F8BEA39B47BFD14A8CD03320DA2B676E3AA397E652E30A42CE2987B7DA1EF7F75242413800A04C0
310
270C62A13372400B435ACD84B8B5009208F5AC73EB149FFF3508E21C2201E0338BE07E50EB47E7FF6D97724A601028C5519073E7978EC88834410450E074DD58AD13A4900103A6444A9CB99103229F0EF8C0C78161EBC68137240734CDCFC349807851E0EB46CE864D2E405ED341B71A390CF2DE20CF5193189E1901E866D0
310
230409684B193D17E2928534D04240937D3C84477494FC5E0FE0B448E35AFC19007926C1C6A6E622FDB8A12E30993C6710E070397C4B26304C0AE38218D19F01FFB15BAE1C0E7E74DF75F2406E373C414E848FF8E500EFAF3C1029C9C0ADAB2313A7426CA9B2C1B9E30032C84EF31A09A88A386F136E8C2F1D582EA0459207
310
015F10F1F001F0B1B7DF7222011EA2001F00BFD36BAEE0850928B08C077030FE3806C880EAA74BCE0863A952812E6008B3A89199C1EE918AF96AF583F1A073B0A355B9D861AF1460DCFB3BFC6B7EFDC834B09700CBED3510E48DC7129041C991F06BA5006CA6B5B34EE21501374E8DFC910042036111EC9C7CFA1C05D48A72
310
70F7F835BF04A4194DA4CF76CEC66718C84CD020D04C412AC848F03E3C61A1C8D50D0EA6838A00376054D3DF61A0E393E1F8B058A6C994093476D601A4A06F0CFD3C0A6BFA910E75CC10400A80FDA93AC9B5EA4303F6C0D188B559086091CC5910137772E14F2376D03181B5CFE74C0EA38440D0AC256D6C4D104CE05302FC
310
C00B60B9CD4D71E08BD40C144A025E60D4C1F45FE846A2105D717EEA84808A5DD90A168E133640311CF05DD870768683F5D2F1800F485AEBE5CABD8FFA3C0BEB33702493AEB551B1EB035EF5C8E5757FA7832141F88E8578A363802B560007AF93D7D470B478C4D00B412D634C9140C4F9275C00DCE8DFE3C7F8C0AFBC5B2C
310
E82E3C3BDF393D4375D50C43CD1C17E3777CD2C170725B7B42B41DF15BFC344DAD089C1E9118522B4A2C60B794E4E8F33081BB7C8CFCEEA0B2015E49D586429C6C78646180B7710E06018A3082243C275F077FBE412C17DE80D3E6B9462C5204C5D980D1DF84A864401C483CD01B143F4A4868087A0F780F37230200A4FBF6
310
AED325114C367C22512750A5C7C3E32D545CE20A0904183BA10015DCAD89864B3E1EE97EBAE8B204266A48E010511838E2FE413FB116E60880C2D8440AC3880DDA6DF6618C138CF1CB2A09637E18D00F80CB0DC05322E31EADB8081C29410903F06BFCDF5AB46024E4A75828056440503C707856EF0C037623DD4922A400E8
310
A6BD75E4D2800905F18450A00CEE88860C8964C7B3F90F56528BA18F71CFBBBCD2D05797E168FC37DB26DBE0DD2EAEF39686C18440820013C1444055402A541400DD362A0A402F1FE51246404E098249FEE30708C10CA0B54601053159480C00BAA9B1223A773234FE72FD5C3BD81804D8D196FE3D5315A0C981D88D04FA01
310
DFC185CA93F9120E1F480B08063364A0A318F08DF95056E4C91F1150D31B011200383502E079EE43CC18603AE2F88FD139C802A739F208E88D06DC78267C448C27C4113C19B0F51B0E9C1C021CF8F9167C6B1F2E10E461002910105D1042792D1CA303F469714C018C23D72179E165049C40E801CB96CF334562E5807291D1
310
E0C70FE6CAD91656715F0E5C5E70F8D7F83290549B1BAA6F781D25180EBCA93EC84E72A74081CE3020789B3790E1A9E478E658C099BECFF01E530E80EC5FE31204ACFF70AF8177A03059240CD074978A002A878BF883FEEC81DD684E406CA630ACFDE87292822A11953710F000885D6F68A67ED40CD772B0828359B753F7CE
310
23D9479AB9845771B389D6A77130F8C134EFC83947392029B10E4425440A84AF0E54825228FC1634D369874739C837A9DDC83C20D320C36042610ECDFA750303710224D01202488012CA847424F8D53F78AB6BECE9B3B35A7F32396AC6B7444566327DBB4DF06FD9616744F4D3A397EB3B0A3FBA8D763702883ED742FE5CD2
310
4146D8E353ACCF811C806AE09914D8446E93840FF4D6C963FF32BFB6AB015D1D3B0C9A0968776F021F21404B6260CF84A14F35180CE20B5E85BDA2EC91FD5A7DBA7E5705F4F0F97AF26CE18E3BA078138202400A62930FA6CC7882F911A92F33E547E64990B0F27323D73B6222863F86425153FA8009361C675554C25382CE
310
148420C8DCC47A20122806CA178A0918C14CBD33440289078A00EC6070184CA9907FD0A1270478E0B325B67C2193694EDB7DD0F3C238447C8A11485562FB4902134E6AC952FD5320A4F7C780882DA9684285CD81D278C0E8FF8DEC9F45D22DC3C2CA99C2728110888799575B6834BF22B0F01EDE72D7F21B672C40F0A97299
310
9E2200B7C91403F9BB3D09C01990819238CBAE5E7510D7D57450507E3DB04AAA0A3C280064E0775380C8C16EEA4834346A04BF0CE847B4B3AF760D06D24BBB267C32E2C9257DE5EB748AD101AF1FD33265E2B674EED8C01A0AC901392211011AC810560F77778E85B13BAFE3E25C95B70919A4862C15928BD8989664AD8638
310
101D009A80F00BDC41AF27602A4BDA0C077E550048E7F1011410F01405045E1C140B4D0E70E0F6E034171C3D6FD12004FCC1FA304312518910356628A4A326EC9ADF5DFFD1B2C0399503F14B4F8E3E0E4E39A06ABCB56A8014687E86E462BDDE5124615ECDB412B7314F62E6E0C76ADEC0F717B360E741960104CF1706CFA1
310
8E0605004B01AE007869B095ED92144A807841EFF2811C047889A04901C809062057192688C92346F97F279449F89B113500BAD282D1DA80A55C27EFFE02C8D4F395003F285B617BBF0831F49B055342DDDD414378E8888E92C16789F269A27C9A221FAA4A0DFDDB9F935B2ECC04DC51481558A69301E0460B02665AC4DD30
310
C03D480866C3409400051811876014C0F294C542821AB045011A3E3F09001FF304E3A0BED05CC11A811B865001769507FC01ADC611F400CF68C7B093606E30F3C7E0F00C1D10C31951C1E2D7252181DA00345842A19130715C736EC9ECE686A712FDB31E4D3E50AB336E5666D7B212C0113C4A4406029709B43D0228F3FBAF
310
49921B19CA0C82A2D5BC4A2079809240F37D3E10F9637607C3983F0458508A98B8B4EFC92AC13530180CF55359500080061DF59B98BB3FEACEE881DC8127F182A885A86FB12B43C590A4380504E32305E3148BBEEB2D2782029765428092545BA5C2C681FC5F8E869C0EE1034A822FF09A12C94084505AA868080303473F81
310
61F7AA0A6610745E280BE4427FB770106F8800EADABA19F453210435BDB2348471B13B65F2FCB554827632C4C44467333E4127095D22092ED492009930413251B5408345065065E415266E20279A40B3F520370BE2050C8360E6BB4601C1673B9BFE007EF5200B6483CD195400A783E6DEA0653515B0FCE8E86D1618FC1EFC
310
15C2E727F24F2A2DAB57326D8D0877D4E298894E7A0C3C7D9CE8A0E2D17AA2020FA1097D6372F2A9F955060FDD467AD0426368C24A8340FD0D6687A76316DEF5179ED9042005A2BF02A5DD810A4DEFA4A8F700EFC50FF4FB8C06410F0303C106ADF8852ACC6A2CA9046E9ED070739339857222CC009E206479886EA26227BF
310
7A341A15C351A8404A6C10080A2140FA4B4E8D9B9A11645899332363FD69887F436A660566964250FD752E787B64BCF8E6C8190DF8EA0C854C062D8A5A1346F810414313E606ECA0AC3A01D6928544029D5F42E202C0CB386F880F7842A31287061F32F3CBE09F2950783394F2F2B23D85386C6F51943E99DD10C8A0000BA9
310
569A14805693274BD0E4F4DC3F28E331EEA91C4F33ABE057889BFB92819187840A08E57A276A8BFCB75B0342668C70C565C8059996D209C2800941A21FB82B2F520BC2E6FE6F1A8827043DE17000DACC8193E78BBB8DF1467978C06F6AFE986123E3A95272CAC122046F4C65C4B88FED2F1CD1D918F7CDBF8903BF1A90057D
310
42F4DC133AF804ACBB58446A0DB78806FC053FA1E45D0AF1112613CC0DD976C5E70AD3282F42725C0D02AC8588DE451B1C01ABF063E7748A3882F0DD484BB78D037F9812240EB88B6034C0AD53E5116D4C6D920C6A89F084E6D0598AD7EB6930CC7B293E27A666E5CDFE9A3FA52FEB3C97976FDAAE9A60008FCA6B33099CF9
310
880D35D419FC687D424378E3099441E110C5B3C6DC311E6653514A67A530D863326C4D8430E0C28024803B5B069B0E60C10EDB6DF087034171DF01F1F3404B27B1056D8C0E56E7CA6056E7798147BE4C2F01CED5987E413AC6A724876DE3F599E0601CE7B9CEF3BEB3671E12DCE8AF9631B8031D3F360B6955DC2342B2A0E4
310
632A00264C0DA002220CFEC3E10D9BADC8904D88DC51928593AA16C91DF6FFF82B3234404C7214D0F8608E0052283EFB2B0563F1D072936C4017706010BCF1B16CDE0C1FA9C777E44E1F5259B0C9BBC8794A82A6C182A3AF56B16921405351FDDC91B5BAAA617860E8D76C97C377FE701A4EB4378FA97C2C8E3CC8950886C6
310
FD93AF70A1F5F676B7ED16CBC56AF5D09110EEB8607CC08A795882358280DDB98AFFE7087C6EB593D62F041CDB4018935238E73F1098100D0C8769818F777057F64C703C6530E142FDF5C837AE1CF66C94C4887D3A3726AB990DEA248F73B5D32C8E04F6714B1E67C53FC52040252E605B322407CBF8C7F05453462A295ABF
310
4D95592DDD76AC23512E9A2DF964715C80DD752CA8E263AC36F02C3C28A133EB22AC8D099BDEFDE28C3E8FFEE3815D5D00C17C00511058354D62443C1A546280E43572A9C661A34FA5891F8E7570608C8DF21DF51DF9D2A84D4501F41B8CD4F4C9DEB2F901E810C0E4CEB6EC08DFB06341C864CF8D0EEE779A606545E1E64A
310
AF30A4324C20FDD3BD558BD966BA994FA915CD162B1978642AD01694E533EC190368A68234657085B5F88E27A0805E04B8BB6A00A51646EE3C10A50FF007FF410F1963CA69BE2002F0F902E701AEC995FD41F83A3F0C3809A3288A083003A6CC2A20E6D703EE48E3777AC07ADD51EB6101603A9FCF17B3D5928F6D742EE7E4
310
CF38AE2B03C5FB39C81D7B2978FAFE85AF3D2710B0582C970F0FEB0E4D1103B8BE2B4D560CA10002FC8F334C891C07B44FE06B2E3ACE5E1E2D1FC32203110ABF9CA0E8381F68EC3C06701328E5A38278A5FCD944CEA5283DA933DF2A2448BD23F1C5D8BE04CC2DC3B43B3EEC29F8B5FF926D11D3E97EBF7FA1BD1E5E5F5FE6
310
D3D972F548547783146ECD84873F377C5820F7F9FCE5E07378D6CBCB7E036DF7F7104079A05B77C6942D1BA95D47424BFC3DB6411009A42E207871B7EE9B06614BBD20F22F7523FB985F3F7068E37600273A3ED0C1CCC380F6EC4AF01CC1CF95E4848B7BF950AD14C44F10460221E02D21D01DAE800F323704C00035DFE97C
310
B37F797D3D1C0E4FBF35EE1E5E9E0E879FBF3DF6F474780A01FB3DAF01FE0C0798218007C2090A3008BA7682A338F4A8804A06CBFE6A80CEC766F49853F15B2F45FCEA3F8250012841315016E75E797EFEEC4ACA6C79F515CF1738F7C36E2406071051043817C9E8C5888D49D0332E800062FF54FA562BF7446CC0BFDFBF86
310
03D1FEFCC9F7FFB5A7F000430755C2D3F72F2D02A022820897ABDD44594475BDCCA4A10AF34C06B08B4AB58BBFAE30999DC66C7CE903A83CF8EB006EEEAA063430F84B05F0ECF644825F5E95073870E72A0771AB89B080022A0C5A9FAF34C89286257FB7BEA000EC65B59750C68E0815B0D9834B15606328F80709DE09018A
310
C2A7817F83F96DB3D562C10A0A31300230CD4200B87F85808BAF64D04600254047F9C14DE93464009E7F5AABB4FDD6D55142A2C0BF1541FCE19C20C899BF4F76AB54B84CB97F88F48ECC029FD253F0C70DF4816B9AC94BCBD653B1A283C4001A0337955E4AFED3FB790B6B1F5EA0B5514074103A38D84280EE0F5F9BE974EA
310
B2D16AB1EA969684B6E4166CA28264B300474C7308D20013B204A65F82970718D05678B3315D442E1C0A327E2F56556040C005D2FAB1326A68A07507C9E46A3648555A7080F5F50219A00E6222E3E0862CE95B5680930530742F1D041805E69B788161F015944D041182B861A2C17F3AF01CF5BFDF6C343F9171F5B004BF59
310
C016719164B888EA206A02AD05E8464D06B48E4381A0E9345FD171625AC22198F57C003BEA5510F81FF78D31C9B033D0030000000049454E44AE426082504B03041400060808006D9F295A51464CB48900000043010000360000006662782F39324130453035332D323743322D343238442D394237342D4646304636394435
310
333235432F6469726563746F72792E786D6C9D8F310EC2300C45AF127987122606C71DD918B841D4B851A43646695A717C52A85029031293A5A76FBF6FACEF7DA7264E43906840EF0FA03836E242F406C6DCEE4EA06AC22492573150D1F66C60C640E8938CB705396EEDD86DE9B5042FE27813D640EA63BB001C722AF6E55C
310
B61E4863F58284D5D3F53DD715CE1C3985E63FD7F1B7EBDD617E9F1E504B03041400060808006D9F295A921F3B6C3A0700004C1C0000340000006662782F39324130453035332D323743322D343238442D394237342D4646304636394435333235432F6F626A656374732E786D6CDD59596FDB3810FE2B84F659A78FC485E3
310
C2B19BC2E8A62D6A74B16F022DD30E37BA404A69BCBF7E8714298B8A6C2B3D80621D2096296A38F3CD3D9ABE7D4E62F44418A7597A63F98E67219246D996A6FB1BAB2C76F6B585DECED0946559D1D867A11427E4C612CBD66CBA675999ABA52DD9E1326EAFDEDDFE8D78445262A128C69CDF583C7A2009767059645BC21F9D
310
2D2EB0B3DF3D3BBE536D34C9EE19CE1F5A47E59891B40056613D052A8A03DFFC0922B9B3A92B3618DB06FDB60567B6B9527093519AF202A7D10BAE5AC70527B86A1D37F087CB77C168628F86C3813D1C07BE7D7B77BBB4FDAB81B7182F1693F9BB898566D34D96C5B50272926E418B076BE64F5D71A7165FA1D0C57794A529
310
89149A5D1BB644D1A584B7313180F5A5680D8554B23616063D853FB1AD1728064B06DA5A38FDDDB4DE6CF30F80C0FB5829E34458392F18E85A615FF9833775AB55432F94A3041784511CA3986E1866A020D85A29C82023BC4590420233A9454DAFC92B18F6655FEAE27257C6B1F05F6B263D2D047F2405979CD17F093B72DF
310
3C0D7802694B9A16D74AD8E2900389C9D4958BD5BD41A06E5640A25D8CF7602D20A6D834085A782D442C582DADD987BBCDF35AC487EEC37396E58415C2F2A4332BBFD31A6C9816185F0F502A5C4DDD1D51F902D07F04E46B5ED01434C7E8F3F079A8656738E5BB8C25A01DE421DB837F1E12972FAEA66EFDF00C2123569EC2
310
14DCF627616A88619CDD8074367D02A3CFD84009B78E700C367D4F53E1E7602828CE6009E2FD6EF36CCD56104C61119EC231480F7F53575C22F8AAE840BC6969A82BFCF650947698B69F1D75F51E6C86D1A8569521E3297C473F05DFF972FD615DB21D8EC8BD72EC25D9D19416904CBB193240375CFEEBEAA3F4C8DBC39FF8
310
D0F441635704E7EC3311383AF4B2567A415231C08AC8C3956AE4CA3D05778F639C92ACE46ABD2B5045599CB17073082B1FEE3CEB2F6D04D561CA023A831964F788D15C8062CD94BAEA48E81C71E26062982913DC576A0D3765928738C9CA54C4DA97B6D8E603028D3045A02AA969CBD66EABC96EE96E5772885E9D24170690
310
CAA135E1CAC48710C8BAF86564C73064D12C0D292461F096CE138C036AF0CEF3CC49BC0B691C9749B8A331249230C1F909FA3D2568A6AE4772F896B16D2741D3B2B4536A1B12802B6035483A5D55415FE99491272AEA4C99D0743A3076A842D49A0D4FE40B912A3A00D5C628CD7CEE8DAEC65703DF9E8F260B7BB8585EDB93
310
603CB617E3D168E97957F3C1ED559B4F1DAE9A090F5429EA1CC3FF8A8732D9A498C67043888DB7F99BB7327DDEB8101BDD4930F7DE79A3811D5C2D027B185C2FEDC9EDD5D0BEBBF3EEC693E568108C162E233C2B5944B81BB85EA84D324FF7A7B8D2DCBD0CA250D75CCE765A5F6D61FEBF41F47D3B29184AFC5D83681DBB3A
310
2AC2BE41543CDA0EA1387A14392A8CA0ECEB749F56106DF3D115E75E19973D67E0C98FEF4F026F125C4F46A39E614F9EF4C391AE4B86085ACFB208B31C47B4E84EA92D647AB2FCAAECE20CFC51858DFE1F0408F0EABD5A33753E3329A6429AE03D09775834161DA1F492C49D596F1F679CD39470D918BE28185B343D07EA2F
310
334B77982DE561420AFC3D162B3B8D961740348F4368610B3144B85847D42EA09A96531445C30CA95ECA7F08394EF2B86A8E2F61E0071A02DD167559A8605A1CF104F619E222F4B644CE3A2E51AFD9D71545A7D6DAD427DF4DFE043CBA12FA85F0E823FA175BCEC89F88CF3584A1F1C81F8CAF6A555C424B1F5688E62F2EA1
310
5D8D0EE13742F70FBD8AD37E5A69947955215E90047A5F5C94AC97C78E219A68DBD202A9C8D07289C649AF2C2865D3A7DB3E384C767DA74AE2C63150BBD2148663BD04792145A7114B5DC841A09877BDC2B3353617A9FE70C4FCE55576D3FD123931BA8C0354D8550856F1C7A8C33B2B75A386E2DF701141285DCB6FFB163C
310
624BB6C766CE20D755D6EB9AF652C5BD12213581312F1691F65E5CC45F30A81A5A6EEEAA42CFADD65722B53930D13EF261306DD2FAF47EDDA2022BBD9FFE2C3022DF5A14D4EA4274D067487D5D1D07052D0A4AA2AFAB338FFF165D88566063F60623649EC51426F9648BF62483FC0DA38A1E1D0A4B089779198C570529FD1A
310
A1C7D34FD520B6C09B583F1D3D609866C7AA7F2B2398A442CEBCB1D43AFA0366A7627C29275ACE23B46E2A8659A864F4C6028B2D287468CE06666072E228A9B7669CE0D838DD8B8C5F3D55FF3E3E26D081A87494ABDED307172599E14C500AE7F2E502D47DD58DD9F4FB45D7EC205CC0E5A62C6A618E0B47691408FA2D4225
310
1C8C0A1F15BCCF50529C97CB77E41E03925EE3FCB3765051B50BCCF67226DFC07BBEFCEC8A71FAEA13CAE3722FD479AE633628D9A2538FCB6A723505C35062E65854918B37EE6796C17BA904DD5130027791254996AA1F73F55E0BAD1FE02DD5D6D51342EE0E5D393050AF00C20DE6C4C15BFE080BA05146C51CB542D6D07B
310
1D441B7AD78A102A80C78CFDAB255245516398D28CB6021539FF47E03FE2BD8FF096E686C6B0125C00B892378F177A61EA321898CFFE03504B03041400060808006D9F295A43847124E1000000550100003C0000006662782F39324130453035332D323743322D343238442D394237342D4646304636394435333235432F72
310
65736F75726365732F322F636E782E786D6C4D90CD6A042110845F6510721C7506966416C77D899C72598CF61A59B5077F42F2F6D18D819CBAA9FA68AA4B5CBE829F3E21658771270BE56482A8D1B8687752CB6D7E21D3458A8458FE61648A2AC04EBA4CA4B009EB31240337557D57BD8BF721F2AB8508C9E9EB112D99B457
310
39EF24EB0F088AAA5AD040BE53A38AA20B4D90B1260DED447101C6099D40153044AE7C3DCD7C99F9F6BA6CE7D3765E9FDF04EBA414EF887EF02E1648783CAD5C635B634BC405EB801435B941F5379AF1178FB67882355B8A5C52EB6060E5FB68980BCA027B20BFAE14AC3FD9C6A381367B21F207504B03041400060808006D
310
9F295AFF15A4A45D000000800000003A0000006662782F39324130453035332D323743322D343238442D394237342D4646304636394435333235432F7265736F75726365732F636E782E786D6C4D8B3B0E80201005AF42B6F75B59F0390B113044D83508C6E30BC6C26AF226F3B8BA6360974DA7271430F523308B2B198F9B
310
80925DB700539227A2FCCB80A18E5640D320F996A81C9F32D6E9129A0D1EF74FCE750E6D57BC7165FBCA07504B03041400060808006D9F295A5FDC9C484301000056050000300000006662782F39324130453035332D323743322D343238442D394237342D4646304636394435333235432F636E782E786D6CCD94C14A0331
310
10865F650978DC6477A1684B36050F3E8107F196CD4ED7D8DD64492662DFDEA4A6AD22450F057B0B932FF0FF337F86AFDFA7B17803E7B5352DA969450A30CAF6DA0C2D09B829EF48B116DC598B5F30521839414B5299083E381BE65CEA6123C398AAA336DB5C94884E7701C193428DD2FB9678F50293A432A0EDC16F692F51
310
D29A3AF0363805F13DEA09F27BE54022F4443455B328ABBAAC968FF572B558AE9ADB67CE12297867ED98796D109C9D6F9A4AD97834514EC55902040F4E672A7920E2A48D76DA7016EF05F751AF193287BB3971F33C6A2531368A5985806584404E9C7DC282B3E4F89BEF87FBA7938678EAB50385D6EDFEAD0DF5B9361CA5D1
310
9888BF75610FFE66DE76AFD1F2FFCDFDACE12CEC62760FC9F531BA3F9310F324CD305EE307384ABB7CFEE36241ADAED1F441D9853CB3FD0A8C834F1B517C00504B03041400060808006D9F295AE57DE12A7F000000A30000000B0000006662782F636E782E786D6C4D8CD10E822018465F85FDF714A1A46C802B8DF770898E
310
85D0485A8F1F342FBAFAB6B3EF1CD17D5687DE26BE6CF0124E0702C8F87B98AC5F24A46DC62DA04E8918C2F67703E4C7D548281894586248CF1D4D661E932BD459FFD821A7177223ACC2B4E929AE693B607E6D6AAC35D1673EB08AB23E1BC7A2E4F9F5F296BCFA02504B03041400060808006D9F295AA6D797065F00000082
310
00000007000000636E782E786D6C4DCB3B0E80201045D1AD90E9FD7516806B51190811670C8A61F982B1B0BAC9C97B72CA7B1037C6D3332918DA1E04D2CAC69353902EDB8C20262D23F3F59B81A079470595414B17391D1F19B4730A5583A7ED43BBE4025D9592775E5ADFFA01504B03041400060808006D9F295AECFD112D
310
A800000026010000130000005B436F6E74656E745F54797065735D2E786D6C7D4F4B0EC22010BD0A61DF525D18634ABB506FE00510A79458060253536F2FD89D5197F3FED3F68B9BD80362B21E25DFD40D6780DADF2C1AC9671AAA3D677DD75E9E0112CB5A4C928F44E12044D22338956A1F003333F8E814E5331A1194BE2B
310
0362DB343BA13D122055543278D79E6050F344ECBC6478EDCD76CE8EABAE5449AE4298AC56946789C28AAFBEABC53F3EAF09A84A1441B91F0101CD4780756578C173A578FFDDBD00504B03041400060808006D9F295A3DEE336E64000000790000001B0000006175746F6465736B2D64657369676E2D7061636B6167652E78
310
6D6C35CBC10E83200C00D05F21DCA56CA76D41FC96062B120735B69A7DBE268BB7777961F8D5AF396893C2ADB70FE7ADA196782C2DF776D7A97B5933C430F15651E5469C55D70F80A4992A3ADC954792C525AE70A1E4D6AD9816CC044FEFDF01FE3FDE907802504B03041400060808006D9F295A2F06D89CF30000008E0100
310
003D0000006662782F39324130453035332D323743322D343238442D394237342D4646304636394435333235432F7265736F75726365732F322F636F72652E786D6C8550CB6E833010FC15B4770336A181C8382248F9829E7AB36C87580936F2A3EAE7D70E546A4F3DED6A76667677E8F96B79169FCA796DCD00B8ACA15046
310
58A9CD3C400C37D4417166D4591B7ED1A0307C51036418189D9D8DEB0E096B8232193556AA1DE4DEAB008578A666002FEE6AE1258F2131FCA35CB978F05995B8DC788CC6A8E52ED532B9E99B560ED85BDB8ED3A521E83A4E2D3A5CFA1175E374441D260D69707798C8955659CC68D0CBCF76E1140F4A02233569518D51DDBF
310
E3FED4F62772FCA0556632EA834B3FEF4BF377894EAB0DFDE31657F9BF5BD426346477DB141E184EC7BD068C56399D545ED1A59A9364DF504B03041400060808006D9F295AE2455D99F9000000960100003B0000006662782F39324130453035332D323743322D343238442D394237342D4646304636394435333235432F72
310
65736F75726365732F636F72652E786D6C8550CB6E833010FC15B4770336A181C8382248F9829E7AB3CC86580976E447D5CFAF9D50A93DF5B4ABD999D9DDE1C7AFF55E7CA2F3DA9A016859438146D9599B6580182EA483E228B8B336FCA24161E48A036418045F9C8D8F0D52D60434193576C60D94DE638042DD5333805757
310
5C652963480C7F2B1F52DDE482252D5F3CC163D4F326D57372D3178D0EC45BDB8ED3A961E43C4E2DD99DFA9174E3B4271D650D6B68B79BD89957592C78D0EBCF76E550069C41B09AB5A4A6A4EEDF697F68FB03DB7FF02A3305F7C1A59FB7A5F93B100EBD8D4EA1E7D56BFAC7353EE6FF5DA336A1619BEB4BE141D074E47320
310
7895534AE51961AA3951F10D504B03041400060808006D9F295A4F584A2DF3000000B1010000310000006662782F39324130453035332D323743322D343238442D394237342D4646304636394435333235432F636F72652E786D6C8D50CB6EC32010FC156BEFD818C7751C61A236A9BFA0A7DE10100725068B47D5CF2FC4AE
310
D4DE725A343BC3CC0E3D7ECFF7E24B39AFAD19A02E3114CA082BB5990688E182F6501C1975D6863F34280C9FD5001906462767E3B241C29AA04C468D956A03B9F72A4021EEE93180175735F392C79018FE562E5CDCF8A4CABA5C798C063DFF4A85533C28098C60D2225C23DC7FD4FDA1ED0FA4FBA45566321AA3969B9596C9
310
5D5FB472C07AF28ADF71DB20D29D08DA91FD19F56FDD0E8D231E5FFA73DB90F644AB2C66D407976EDE3EC9D73D2B5F85FF32C7453E91599BD090CD7055786075CAF358305AE502D378B49B662E9BFD00504B03041400060808006D9F295A7CAD6C8653010000DD0200000C0000006662782F636F72652E786D6C8D52DB8E83
310
2014FC15C33B5EB06E6D8334D6A45FB04FFB4691BAA40A06C1F4F317BCC4F5612F314132E79C993313F0E5D5B5C1C8F520942C4012C620E092A95AC8A600D63C600E820BC15A29F3AD0D049276BC001E0604375AD97E819892864B8F4A55F305A4C3C00D0858EB2E0518D827EF6848AD711DC333EC297BD286874938F7116C
310
ADA89751513B36F1105C03F2966565754D11BC9555060FD75309F3B23AC23C41294A93FC50A11B8EFC30C14674AB3AD39C1A5E03826294C13881F1E93D399DB3D3191D3F70E43B091E8C769E1751EF0E90C7FD85A319DFF1D9BEFE9BCF0A6952B4F0CD130320895B6F2A101CF97CDC6F0A6F9FA11376F9197A6F570B4F078D
310
9C19A50FAE522BBB9546DA5AEEA8E360FA7034571DF344F0130FFA85E7770E1714958D5B8D1A77BD5BE3D5F73BF55CC3D1BC02A97447DB6DB979C5EDDC847696D671A65AA5FF33BD5A5DC38CFCC3245F504B03041400060808006D9F295A6B21ACF207010000B201000008000000636F72652E786D6C8D50C16E842014FC15
310
F2EEA8E0DAD50DB2714DF60B7AEA8D0A6BC92A18C04DFBF785D526EDADA74766E6BD19869D3FE7093D94F3DA9A164856005266B0529BB18535DC700DE8CC99B336FC92013262562D2418381B9D5D971D1AAC09CA24D458A9765078AF02A0618A8F16FCF0A1669189354485BF678B18EE625419C9361D6741CF3FAB83532228
310
099C16B4C205C145F34A9A53D59CE8F18DE549C9D9BA6AB95B6919DDF54D2B07FCA5AABAFE52527CEDFA0A1F2E4D87EBAE3FE29AD09296A43EF4F4CAF2B4CC990F2EFE793F127306E4C523F9B27CA3387BB776DA05319444D64C5FC00B9627E24FE87591FF08AD4D28E97E70DBF0C0490CF424A2716A308E67BD71A6B6F937
310
504B010214001400060808006D9F295A0000000000000000000000003700000000000000000000000000000000006662782F39324130453035332D323743322D343238442D394237342D4646304636394435333235432F617474726962757465732E62696E504B010214001400060808006D9F295A00000000000000000000
310
00003500000000000000000000000000550000006662782F39324130453035332D323743322D343238442D394237342D4646304636394435333235432F76657274696365732E62696E504B010214001400060808006D9F295AF270F13306000000040000003600000000000000000000000000A80000006662782F39324130
310
453035332D323743322D343238442D394237342D4646304636394435333235432F747269616E676C65732E62696E504B010214001400060808006D9F295AB5A795FFE3790000DE7900004200000000000000000000000000020100006662782F39324130453035332D323743322D343238442D394237342D46463046363944
310
35333235432F7265736F75726365732F322F305F67656E657269632E706E67504B010214001400060808006D9F295A51464CB489000000430100003600000000000000000000000000457B00006662782F39324130453035332D323743322D343238442D394237342D4646304636394435333235432F6469726563746F7279
310
2E786D6C504B010214001400060808006D9F295A921F3B6C3A0700004C1C00003400000000000000000000000000227C00006662782F39324130453035332D323743322D343238442D394237342D4646304636394435333235432F6F626A656374732E786D6C504B010214001400060808006D9F295A43847124E100000055
310
0100003C00000000000000000000000000AE8300006662782F39324130453035332D323743322D343238442D394237342D4646304636394435333235432F7265736F75726365732F322F636E782E786D6C504B010214001400060808006D9F295AFF15A4A45D000000800000003A00000000000000000000000000E9840000
310
6662782F39324130453035332D323743322D343238442D394237342D4646304636394435333235432F7265736F75726365732F636E782E786D6C504B010214001400060808006D9F295A5FDC9C48430100005605000030000000000000000000000000009E8500006662782F39324130453035332D323743322D343238442D
310
394237342D4646304636394435333235432F636E782E786D6C504B010214001400060808006D9F295AE57DE12A7F000000A30000000B000000000000000000000000002F8700006662782F636E782E786D6C504B010214001400060808006D9F295AA6D797065F000000820000000700000000000000000000000000D78700
310
00636E782E786D6C504B010214001400060808006D9F295AECFD112DA80000002601000013000000000000000000000000005B8800005B436F6E74656E745F54797065735D2E786D6C504B010214001400060808006D9F295A3DEE336E64000000790000001B00000000000000000000000000348900006175746F6465736B
310
2D64657369676E2D7061636B6167652E786D6C504B010214001400060808006D9F295A2F06D89CF30000008E0100003D00000000000000000000000000D18900006662782F39324130453035332D323743322D343238442D394237342D4646304636394435333235432F7265736F75726365732F322F636F72652E786D6C50
310
4B010214001400060808006D9F295AE2455D99F9000000960100003B000000000000000000000000001F8B00006662782F39324130453035332D323743322D343238442D394237342D4646304636394435333235432F7265736F75726365732F636F72652E786D6C504B010214001400060808006D9F295A4F584A2DF30000
310
00B10100003100000000000000000000000000718C00006662782F39324130453035332D323743322D343238442D394237342D4646304636394435333235432F636F72652E786D6C504B010214001400060808006D9F295A7CAD6C8653010000DD0200000C00000000000000000000000000B38D00006662782F636F72652E
310
786D6C504B010214001400060808006D9F295A6B21ACF207010000B20100000800000000000000000000000000308F0000636F72652E786D6C504B050600000000120012002D0600005D9000000000
  0
XRECORD
  5
17
102
{ACAD_REACTORS
330
12
102
}
330
12
100
AcDbXrecord
280
     1
270
     1
271
     1
  0
XRECORD
  5
16
102
{ACAD_REACTORS
330
12
102
}
330
12
100
AcDbXrecord
280
     1
270
     1
271
     1
  0
XRECORD
  5
18
102
{ACAD_REACTORS
330
12
102
}
330
12
100
AcDbXrecord
280
     1
270
     1
271
     1
  0
XRECORD
  5
15
102
{ACAD_REACTORS
330
12
102
}
330
12
100
AcDbXrecord
280
     1
270
     1
271
     1
  0
XRECORD
  5
24
102
{ACAD_REACTORS
330
22
102
}
330
22
100
AcDbXrecord
280
     1
270
     1
271
     1
  0
XRECORD
  5
23
102
{ACAD_REACTORS
330
22
102
}
330
22
100
AcDbXrecord
280
     1
270
     1
271
     1
  0
XRECORD
  5
27
102
{ACAD_REACTORS
330
22
102
}
330
22
100
AcDbXrecord
280
     1
270
     1
271
     1
  0
XRECORD
  5
26
102
{ACAD_REACTORS
330
22
102
}
330
22
100
AcDbXrecord
280
     1
270
     1
271
     1
  0
XRECORD
  5
28
102
{ACAD_REACTORS
330
22
102
}
330
22
100
AcDbXrecord
280
     1
270
     1
271
     1
  0
XRECORD
  5
25
102
{ACAD_REACTORS
330
22
102
}
330
22
100
AcDbXrecord
280
     1
270
     1
271
     1
  0
CELLSTYLEMAP
  5
80E
102
{ACAD_REACTORS
330
80D
102
}
330
80D
100
AcDbCellStyleMap
 90
        3
300
CELLSTYLE
  1
TABLEFORMAT_BEGIN
 90
        5
170
     1
 91
        0
 92
    32768
 62
   257
 93
        1
300
CONTENTFORMAT
  1
CONTENTFORMAT_BEGIN
 90
        0
 91
        0
 92
      512
 93
        0
300

 40
0.0
140
1.0
 94
        5
 62
     0
340
55
144
0.25
309
CONTENTFORMAT_END
171
     0
 94
        0
309
TABLEFORMAT_END
  1
CELLSTYLE_BEGIN
 90
        1
 91
        1
300
_TITLE
309
CELLSTYLE_END
300
CELLSTYLE
  1
TABLEFORMAT_BEGIN
 90
        5
170
     1
 91
        0
 92
        0
 62
   257
 93
        1
300
CONTENTFORMAT
  1
CONTENTFORMAT_BEGIN
 90
        0
 91
        0
 92
      512
 93
        0
300

 40
0.0
140
1.0
 94
        5
 62
     0
340
55
144
0.18
309
CONTENTFORMAT_END
171
     0
 94
        0
309
TABLEFORMAT_END
  1
CELLSTYLE_BEGIN
 90
        2
 91
        1
300
_HEADER
309
CELLSTYLE_END
300
CELLSTYLE
  1
TABLEFORMAT_BEGIN
 90
        5
170
     1
 91
        0
 92
        0
 62
   257
 93
        1
300
CONTENTFORMAT
  1
CONTENTFORMAT_BEGIN
 90
        0
 91
        0
 92
      512
 93
        0
300

 40
0.0
140
1.0
 94
        2
 62
     0
340
55
144
0.18
309
CONTENTFORMAT_END
171
     0
 94
        0
309
TABLEFORMAT_END
  1
CELLSTYLE_BEGIN
 90
        3
 91
        2
300
_DATA
309
CELLSTYLE_END
  0
ENDSEC
  0
EOF
